{"1":{"id":1,"times":1,"award":98,"leixing":1},"2":{"id":2,"times":2,"award":1,"leixing":2},"3":{"id":3,"times":3,"award":1,"leixing":2},"4":{"id":4,"times":4,"award":1,"leixing":2},"5":{"id":5,"times":5,"award":1,"leixing":2},"6":{"id":6,"times":6,"award":1,"leixing":2},"7":{"id":7,"times":7,"award":1,"leixing":2},"8":{"id":8,"times":8,"award":1,"leixing":2},"9":{"id":9,"times":9,"award":1,"leixing":2},"10":{"id":10,"times":10,"award":1,"leixing":2},"11":{"id":11,"times":11,"award":1,"leixing":2},"12":{"id":12,"times":12,"award":1,"leixing":2}}