{"1":{"1":{"id":1,"paramers":1,"about":"i18n_900010000","award":[{"awardType":2,"awardLevel":5},{"awardType":0,"awardLevel":0}],"time":"i18n_900011000","iconId":"1","npc":"1_105_805011","help":"\u8dd1\u5546\u8be6\u7ec6\u8bf4\u660e"}},"2":{"1":{"id":2,"paramers":1,"about":"i18n_900010001","award":[{"awardType":2,"awardLevel":3},{"awardType":4,"awardLevel":5}],"time":"i18n_900011001","iconId":"2","npc":"2_103_69,76","help":"\u9635\u8425Boss\u8be6\u7ec6\u8bf4\u660e1"},"2":{"id":2,"paramers":2,"about":"i18n_900010002","award":[{"awardType":2,"awardLevel":3},{"awardType":4,"awardLevel":5}],"time":"i18n_900011002","iconId":"3","npc":"2_104_159,57","help":"\u9635\u8425Boss\u8be6\u7ec6\u8bf4\u660e2"}},"3":{"1":{"id":3,"paramers":1,"about":"i18n_900010003","award":[{"awardType":2,"awardLevel":4},{"awardType":6,"awardLevel":5}],"time":"i18n_900011003","iconId":"4","npc":"3","help":"\u9635\u8425Boss\u8be6\u7ec6\u8bf4\u660e2"}},"4":{"1":{"id":4,"paramers":1,"about":"i18n_900010004","award":[{"awardType":2,"awardLevel":4},{"awardType":6,"awardLevel":5}],"time":"i18n_900011004","iconId":"5","npc":"4_105_45_20","help":"\u9635\u8425Boss\u8be6\u7ec6\u8bf4\u660e2"}}}