{"1":{"id":1,"rankMin":1,"rankMax":1,"item":3805101},"2":{"id":2,"rankMin":2,"rankMax":2,"item":3805102},"3":{"id":3,"rankMin":3,"rankMax":3,"item":3805103},"4":{"id":4,"rankMin":4,"rankMax":4,"item":3805104},"5":{"id":5,"rankMin":5,"rankMax":5,"item":3805105},"6":{"id":6,"rankMin":6,"rankMax":10,"item":3805106},"7":{"id":7,"rankMin":11,"rankMax":50,"item":3805107},"8":{"id":8,"rankMin":51,"rankMax":100,"item":3805108},"9":{"id":9,"rankMin":101,"rankMax":200,"item":3805109},"10":{"id":10,"rankMin":201,"rankMax":500,"item":3805110},"11":{"id":11,"rankMin":501,"rankMax":100000,"item":3805111}}