{"1":{"id":1,"rankMin":1,"rankMax":100,"name":"i18n_900020000","addPoint":10},"2":{"id":2,"rankMin":101,"rankMax":200,"name":"i18n_900020001","addPoint":8},"3":{"id":3,"rankMin":201,"rankMax":300,"name":"i18n_900020002","addPoint":6},"4":{"id":4,"rankMin":301,"rankMax":400,"name":"i18n_900020003","addPoint":4},"5":{"id":5,"rankMin":401,"rankMax":500,"name":"i18n_900020004","addPoint":2},"6":{"id":6,"rankMin":501,"rankMax":600,"name":"i18n_900020005","addPoint":1},"7":{"id":7,"rankMin":601,"rankMax":700,"name":"i18n_900020006","addPoint":1},"8":{"id":8,"rankMin":701,"rankMax":800,"name":"i18n_900020007","addPoint":1},"9":{"id":9,"rankMin":801,"rankMax":900,"name":"i18n_900020008","addPoint":1},"10":{"id":10,"rankMin":901,"rankMax":1000,"name":"i18n_900020009","addPoint":1}}