{"1":{"id":1,"rankMin":1,"rankMax":1,"honor":150,"money":200000,"itemID":3805001},"2":{"id":2,"rankMin":2,"rankMax":2,"honor":120,"money":150000,"itemID":3805002},"3":{"id":3,"rankMin":3,"rankMax":3,"honor":100,"money":120000,"itemID":3805003},"4":{"id":4,"rankMin":4,"rankMax":4,"honor":90,"money":100000,"itemID":3805004},"5":{"id":5,"rankMin":5,"rankMax":5,"honor":80,"money":80000,"itemID":3805005},"6":{"id":6,"rankMin":6,"rankMax":10,"honor":60,"money":60000,"itemID":3805006},"7":{"id":7,"rankMin":11,"rankMax":50,"honor":50,"money":50000,"itemID":3805007},"8":{"id":8,"rankMin":51,"rankMax":100,"honor":40,"money":30000,"itemID":3805008},"9":{"id":9,"rankMin":101,"rankMax":200,"honor":30,"money":20000,"itemID":3805009},"10":{"id":10,"rankMin":201,"rankMax":500,"honor":25,"money":15000,"itemID":3805010},"11":{"id":11,"rankMin":501,"rankMax":100000,"honor":20,"money":10000,"itemID":3805011}}