{"3331001":{"itemID":3331001,"needContribute":25,"order":1},"3331002":{"itemID":3331002,"armyShopLevel":1,"needContribute":100,"order":2},"3331003":{"itemID":3331003,"armyShopLevel":2,"needContribute":200,"order":3},"3331004":{"itemID":3331004,"armyShopLevel":3,"needContribute":300,"order":4},"3331005":{"itemID":3331005,"armyShopLevel":4,"needContribute":400,"order":5},"3331006":{"itemID":3331006,"armyShopLevel":5,"needContribute":500,"order":6},"3331007":{"itemID":3331007,"armyShopLevel":6,"needContribute":600,"order":7},"3331008":{"itemID":3331008,"armyShopLevel":7,"needContribute":700,"order":8},"3331009":{"itemID":3331009,"armyShopLevel":8,"needContribute":800,"order":9}}