{"1":{"id":1,"needExp":400},"2":{"id":2,"needExp":600},"3":{"id":3,"needExp":800},"4":{"id":4,"needExp":1000},"5":{"id":5,"needExp":1200},"6":{"id":6,"needExp":1400},"7":{"id":7,"needExp":1600},"8":{"id":8,"needExp":1800},"9":{"id":9,"needExp":2000},"10":{"id":10,"needExp":2500},"11":{"id":11,"needExp":3000},"12":{"id":12,"needExp":3500},"13":{"id":13,"needExp":4000},"14":{"id":14,"needExp":4500},"15":{"id":15,"needExp":5000},"16":{"id":16,"needExp":5500},"17":{"id":17,"needExp":6000},"18":{"id":18,"needExp":6500},"19":{"id":19,"needExp":7000},"20":{"id":20,"needExp":7500},"21":{"id":21,"needExp":8000},"22":{"id":22,"needExp":8500},"23":{"id":23,"needExp":9000},"24":{"id":24,"needExp":9500},"25":{"id":25,"needExp":10000},"26":{"id":26,"needExp":10500},"27":{"id":27,"needExp":11000},"28":{"id":28,"needExp":11500},"29":{"id":29,"needExp":12000},"30":{"id":30,"needExp":12500},"31":{"id":31,"needExp":13000},"32":{"id":32,"needExp":13500},"33":{"id":33,"needExp":14000},"34":{"id":34,"needExp":14500},"35":{"id":35,"needExp":15000},"36":{"id":36,"needExp":15500},"37":{"id":37,"needExp":16000},"38":{"id":38,"needExp":16500},"39":{"id":39,"needExp":17000},"40":{"id":40,"needExp":17500},"41":{"id":41,"needExp":18000},"42":{"id":42,"needExp":18500},"43":{"id":43,"needExp":19000},"44":{"id":44,"needExp":19500},"45":{"id":45,"needExp":20000},"46":{"id":46,"needExp":20500},"47":{"id":47,"needExp":21000},"48":{"id":48,"needExp":21500},"49":{"id":49,"needExp":22000},"50":{"id":50,"needExp":22500},"51":{"id":51,"needExp":23000},"52":{"id":52,"needExp":23500},"53":{"id":53,"needExp":24000},"54":{"id":54,"needExp":24500},"55":{"id":55,"needExp":25000},"56":{"id":56,"needExp":25500},"57":{"id":57,"needExp":26000},"58":{"id":58,"needExp":26500},"59":{"id":59,"needExp":27000},"60":{"id":60,"needExp":27500},"61":{"id":61,"needExp":28000},"62":{"id":62,"needExp":28500},"63":{"id":63,"needExp":29000},"64":{"id":64,"needExp":29500},"65":{"id":65,"needExp":30000},"66":{"id":66,"needExp":30500},"67":{"id":67,"needExp":31000},"68":{"id":68,"needExp":31500},"69":{"id":69,"needExp":32000},"70":{"id":70,"needExp":32500},"71":{"id":71,"needExp":33000},"72":{"id":72,"needExp":33500},"73":{"id":73,"needExp":34000},"74":{"id":74,"needExp":34500},"75":{"id":75,"needExp":35000},"76":{"id":76,"needExp":35500},"77":{"id":77,"needExp":36000},"78":{"id":78,"needExp":36500},"79":{"id":79,"needExp":37000},"80":{"id":80,"needExp":37500},"81":{"id":81,"needExp":38000},"82":{"id":82,"needExp":38500},"83":{"id":83,"needExp":39000},"84":{"id":84,"needExp":39500},"85":{"id":85,"needExp":40000},"86":{"id":86,"needExp":40500},"87":{"id":87,"needExp":41000},"88":{"id":88,"needExp":41500},"89":{"id":89,"needExp":42000},"90":{"id":90,"needExp":42500},"91":{"id":91,"needExp":43000},"92":{"id":92,"needExp":43500},"93":{"id":93,"needExp":44000},"94":{"id":94,"needExp":44500},"95":{"id":95,"needExp":45000},"96":{"id":96,"needExp":45500},"97":{"id":97,"needExp":46000},"98":{"id":98,"needExp":46500},"99":{"id":99,"needExp":47000},"100":{"id":100,"needExp":47500}}