{"1":{"id":1,"name":"i18n_900051000","desc":"i18n_900052000","photoId":"3760001"},"2":{"id":2,"name":"i18n_900051001","desc":"i18n_900052001","photoId":"3760003"},"3":{"id":3,"name":"i18n_900051002","desc":"i18n_900052002","photoId":"3760004","incrementValue":5},"4":{"id":4,"name":"i18n_900051003","desc":"i18n_900052003","photoId":"3760005","incrementValue":1,"isSpecial":1},"5":{"id":5,"name":"i18n_900051004","desc":"i18n_900052004","photoId":"3760006","incrementValue":1,"isSpecial":1},"6":{"id":6,"name":"i18n_900051005","desc":"i18n_900052005","photoId":"3760007","incrementValue":5,"isSpecial":1},"7":{"id":7,"name":"i18n_900051006","desc":"i18n_900052006","photoId":"3760008","incrementValue":5,"isSpecial":1},"8":{"id":8,"name":"i18n_900051007","desc":"i18n_900052007","photoId":"3760009","incrementValue":200,"isSpecial":1},"9":{"id":9,"name":"i18n_900051008","desc":"i18n_900052008","photoId":"3760010","incrementValue":100,"isSpecial":1},"10":{"id":10,"name":"i18n_900051009","desc":"i18n_900052009","photoId":"3760011","incrementValue":40,"isSpecial":1},"11":{"id":11,"name":"i18n_900051010","desc":"i18n_900052010","photoId":"3760012","incrementValue":20,"isSpecial":1},"12":{"id":12,"name":"i18n_900051011","desc":"i18n_900052011","photoId":"3760013","incrementValue":1,"isSpecial":1},"13":{"id":13,"name":"i18n_900051012","desc":"i18n_900052012","photoId":"3760014","incrementValue":1,"isSpecial":1},"14":{"id":14,"name":"i18n_900051013","desc":"i18n_900052013","photoId":"3760015","incrementValue":1,"isSpecial":1},"15":{"id":15,"name":"i18n_900051014","desc":"i18n_900052014","photoId":"3760016","incrementValue":1,"isSpecial":1},"16":{"id":16,"name":"i18n_900051015","desc":"i18n_900052015","photoId":"3760017","incrementValue":1,"isSpecial":1}}