{"1":{"id":1,"needExp":3000,"maxNum":20,"vicePrisidentNum":1,"eliteNum":2},"2":{"id":2,"needExp":10000,"maxNum":25,"vicePrisidentNum":1,"eliteNum":3},"3":{"id":3,"needExp":20000,"maxNum":30,"vicePrisidentNum":1,"eliteNum":4},"4":{"id":4,"needExp":40000,"maxNum":35,"vicePrisidentNum":2,"eliteNum":5},"5":{"id":5,"needExp":80000,"maxNum":40,"vicePrisidentNum":2,"eliteNum":6},"6":{"id":6,"needExp":160000,"maxNum":45,"vicePrisidentNum":2,"eliteNum":7},"7":{"id":7,"needExp":320000,"maxNum":50,"vicePrisidentNum":2,"eliteNum":8},"8":{"id":8,"needExp":640000,"maxNum":55,"vicePrisidentNum":3,"eliteNum":10},"9":{"id":9,"needExp":1000000,"maxNum":60,"vicePrisidentNum":3,"eliteNum":12},"10":{"id":10,"needExp":1500000,"maxNum":70,"vicePrisidentNum":4,"eliteNum":15}}