{"2011001":{"id":2011001,"type":2,"isBoat":1,"partsVisible":1,"sizeType":1,"body":2011001},"2002001":{"id":2002001,"type":2,"isBoat":1,"partsVisible":1,"sizeType":1,"body":2002001},"2011002":{"id":2011002,"type":2,"isBoat":1,"partsVisible":1,"sizeType":1,"body":2011002},"2011003":{"id":2011003,"type":2,"isBoat":1,"partsVisible":1,"sizeType":1,"body":2011003},"2011004":{"id":2011004,"type":2,"isBoat":1,"partsVisible":1,"sizeType":1,"body":2011004},"2011005":{"id":2011005,"type":2,"isBoat":1,"partsVisible":1,"sizeType":1,"body":2011005},"2012001":{"id":2012001,"type":2,"isBoat":1,"partsVisible":1,"sizeType":2,"body":2012001},"2012002":{"id":2012002,"type":2,"isBoat":1,"partsVisible":1,"sizeType":2,"body":2012002},"2013201":{"id":2013201,"type":2,"isBoat":1,"sizeType":3,"body":2013201,"sail_0":2311011,"sail_2":2311012,"sail_4":2311013},"2013202":{"id":2013202,"type":2,"isBoat":1,"sizeType":3,"body":2013202,"sail_0":2311021,"sail_2":2311022,"sail_4":2311023},"2014201":{"id":2014201,"type":2,"isBoat":1,"sizeType":4,"body":2014201,"sail_0":2311511,"sail_1":2311512,"sail_2":2311513,"sail_3":2311514,"sail_4":2311515},"2011102":{"id":2011102,"type":2,"isBoat":1,"partsVisible":1,"sizeType":1,"body":2011102},"2011104":{"id":2011104,"type":2,"isBoat":1,"partsVisible":1,"sizeType":1,"body":2011104},"2012101":{"id":2012101,"type":2,"isBoat":1,"partsVisible":1,"sizeType":2,"body":2012101},"2012102":{"id":2012102,"type":2,"isBoat":1,"partsVisible":1,"sizeType":2,"body":2012102},"2065001":{"id":2065001,"type":2,"isBoat":1,"sizeType":5,"body":2065001,"sail_2":2330002},"2055001":{"id":2055001,"type":2,"isBoat":1,"sizeType":5,"body":2055001,"sail_2":2330003},"2073001":{"id":2073001,"type":2,"isBoat":1,"partsVisible":1,"sizeType":3,"body":2073001,"sail_0":2311581,"sail_2":2311583,"sail_4":2311585},"2074002":{"id":2074002,"type":2,"isBoat":1,"partsVisible":1,"sizeType":4,"body":2074002,"sail_0":2311581,"sail_1":2311582,"sail_2":2311583,"sail_3":2311584,"sail_4":2311585},"2074003":{"id":2074003,"type":2,"isBoat":1,"partsVisible":1,"sizeType":4,"body":2074003,"sail_0":2311581,"sail_1":2311582,"sail_2":2311583,"sail_3":2311584,"sail_4":2311585},"2074004":{"id":2074004,"type":2,"isBoat":1,"partsVisible":1,"sizeType":4,"body":2074004,"sail_0":2311581,"sail_1":2311582,"sail_2":2311583,"sail_3":2311584,"sail_4":2311585},"2074005":{"id":2074005,"type":2,"isBoat":1,"partsVisible":1,"sizeType":4,"body":2074005,"sail_0":2311581,"sail_1":2311582,"sail_2":2311583,"sail_3":2311584,"sail_4":2311585},"2072006":{"id":2072006,"type":2,"isBoat":1,"partsVisible":1,"sizeType":2,"body":2072006},"2072007":{"id":2072007,"type":2,"isBoat":1,"partsVisible":1,"sizeType":2,"body":2072007},"2073008":{"id":2073008,"type":2,"isBoat":1,"partsVisible":1,"sizeType":3,"body":2073008,"sail_0":2311581,"sail_2":2311583,"sail_4":2311585},"2073009":{"id":2073009,"type":2,"isBoat":1,"partsVisible":1,"sizeType":3,"body":2073009,"sail_0":2311581,"sail_2":2311583,"sail_4":2311585},"20730091":{"id":20730091,"type":2,"isBoat":1,"partsVisible":1,"sizeType":3,"body":2073009,"sail_0":2310075,"sail_2":2310076,"sail_4":2310077},"2073010":{"id":2073010,"type":2,"isBoat":1,"partsVisible":1,"sizeType":3,"body":2073010,"sail_0":2311581,"sail_2":2311583,"sail_4":2311585},"2074011":{"id":2074011,"type":2,"isBoat":1,"partsVisible":1,"sizeType":4,"body":2074011,"sail_0":2311581,"sail_1":2311582,"sail_2":2311583,"sail_3":2311584,"sail_4":2311585},"2074012":{"id":2074012,"type":2,"isBoat":1,"partsVisible":1,"sizeType":4,"body":2074012,"sail_0":2311581,"sail_1":2311582,"sail_2":2311583,"sail_3":2311584,"sail_4":2311585},"2074013":{"id":2074013,"type":2,"isBoat":1,"partsVisible":1,"sizeType":3,"body":2074013,"sail_0":2311581,"sail_2":2311583,"sail_4":2311585},"2074014":{"id":2074014,"type":2,"isBoat":1,"partsVisible":1,"sizeType":4,"body":2074014,"sail_0":2311581,"sail_1":2311582,"sail_2":2311583,"sail_3":2311584,"sail_4":2311585},"2074015":{"id":2074015,"type":2,"isBoat":1,"partsVisible":1,"sizeType":4,"body":2074015,"sail_0":2311581,"sail_1":2311582,"sail_2":2311583,"sail_3":2311584,"sail_4":2311585},"2074016":{"id":2074016,"type":2,"isBoat":1,"partsVisible":1,"sizeType":4,"body":2074016,"sail_0":2311581,"sail_1":2311582,"sail_2":2311583,"sail_3":2311584,"sail_4":2311585},"2074017":{"id":2074017,"type":2,"isBoat":1,"partsVisible":1,"sizeType":4,"body":2074017,"sail_0":2311581,"sail_1":2311582,"sail_2":2311583,"sail_3":2311584,"sail_4":2311585},"2074018":{"id":2074018,"type":2,"isBoat":1,"partsVisible":1,"sizeType":3,"body":2074018,"sail_0":2311581,"sail_2":2311583,"sail_4":2311585},"2074019":{"id":2074019,"type":2,"isBoat":1,"partsVisible":1,"sizeType":4,"body":2074019,"sail_0":2311581,"sail_1":2311582,"sail_2":2311583,"sail_3":2311584,"sail_4":2311585},"2074020":{"id":2074020,"type":2,"isBoat":1,"partsVisible":1,"sizeType":4,"body":2074020,"sail_0":2311581,"sail_1":2311582,"sail_2":2311583,"sail_3":2311584,"sail_4":2311585},"2021001":{"id":2021001,"type":2,"isBoat":1,"partsVisible":1,"sizeType":1,"body":2021001},"2022001":{"id":2022001,"type":2,"isBoat":1,"partsVisible":1,"sizeType":2,"body":2022001},"2022002":{"id":2022002,"type":2,"isBoat":1,"partsVisible":1,"sizeType":2,"body":2022002},"2023001":{"id":2023001,"type":2,"isBoat":1,"partsVisible":1,"sizeType":3,"body":2023001,"sail_0":2311581,"sail_2":2311583,"sail_4":2311585},"2023002":{"id":2023002,"type":2,"isBoat":1,"partsVisible":1,"sizeType":3,"body":2023002,"sail_0":2311041,"sail_2":2311042,"sail_4":2311043},"2023003":{"id":2023003,"type":2,"isBoat":1,"partsVisible":1,"sizeType":3,"body":2023003},"2023004":{"id":2023004,"type":2,"isBoat":1,"partsVisible":1,"sizeType":3,"body":2023004},"2024001":{"id":2024001,"type":2,"isBoat":1,"partsVisible":1,"sizeType":4,"body":2024001,"sail_0":2311521,"sail_1":2311522,"sail_2":2311523,"sail_3":2311524,"sail_4":2311525},"2032001":{"id":2032001,"type":2,"isBoat":1,"partsVisible":1,"sizeType":2,"body":2032001},"2032002":{"id":2032002,"type":2,"isBoat":1,"partsVisible":1,"sizeType":2,"body":2032002},"2033001":{"id":2033001,"type":2,"isBoat":1,"partsVisible":1,"sizeType":3,"body":2033001,"sail_0":2311581,"sail_2":2311583,"sail_4":2311585},"2033002":{"id":2033002,"type":2,"isBoat":1,"partsVisible":1,"sizeType":3,"body":2033002,"sail_0":2311581,"sail_2":2311583,"sail_4":2311585},"2034003":{"id":2034003,"type":2,"isBoat":1,"partsVisible":1,"sizeType":4,"body":2034003,"sail_0":2311581,"sail_1":2311582,"sail_2":2311583,"sail_3":2311584,"sail_4":2311585},"2035001":{"id":2035001,"type":2,"isBoat":1,"partsVisible":1,"sizeType":5,"body":2035001,"sail_2":2330005},"2035002":{"id":2035002,"type":2,"isBoat":1,"partsVisible":1,"sizeType":5,"body":2035002,"sail_2":2331001},"2001001":{"id":2001001,"type":2,"isBoat":1,"partsVisible":1,"sizeType":1,"body":2001001},"2001002":{"id":2001002,"type":2,"isBoat":1,"partsVisible":1,"sizeType":1,"body":2001002},"2003001":{"id":2003001,"type":2,"isBoat":1,"partsVisible":1,"sizeType":3,"body":2003001},"2041001":{"id":2041001,"type":2,"isBoat":1,"partsVisible":1,"sizeType":1,"body":2041001},"2041002":{"id":2041002,"type":2,"isBoat":1,"partsVisible":1,"sizeType":1,"body":2041002},"2041003":{"id":2041003,"type":2,"isBoat":1,"partsVisible":1,"sizeType":1,"body":2041003},"2041005":{"id":2041005,"type":2,"isBoat":1,"partsVisible":1,"sizeType":1,"body":2041005},"2041006":{"id":2041006,"type":2,"isBoat":1,"partsVisible":1,"sizeType":1,"body":2041006},"2042002":{"id":2042002,"type":2,"isBoat":1,"partsVisible":1,"sizeType":2,"body":2042002},"2042004":{"id":2042004,"type":2,"isBoat":1,"partsVisible":1,"sizeType":2,"body":2042004},"2042005":{"id":2042005,"type":2,"isBoat":1,"partsVisible":1,"sizeType":2,"body":2042005},"2042006":{"id":2042006,"type":2,"isBoat":1,"partsVisible":1,"sizeType":2,"body":2042006},"2042007":{"id":2042007,"type":2,"isBoat":1,"partsVisible":1,"sizeType":2,"body":2042007},"2042008":{"id":2042008,"type":2,"isBoat":1,"partsVisible":1,"sizeType":2,"body":2042008},"2042009":{"id":2042009,"type":2,"isBoat":1,"partsVisible":1,"sizeType":2,"body":2042009},"2042010":{"id":2042010,"type":2,"isBoat":1,"partsVisible":1,"sizeType":2,"body":2042010},"2042011":{"id":2042011,"type":2,"isBoat":1,"partsVisible":1,"sizeType":2,"body":2042011},"2042012":{"id":2042012,"type":2,"isBoat":1,"partsVisible":1,"sizeType":2,"body":2042012},"2043001":{"id":2043001,"type":2,"isBoat":1,"partsVisible":1,"sizeType":3,"body":2043001},"2043003":{"id":2043003,"type":2,"isBoat":1,"partsVisible":1,"sizeType":3,"body":2043003},"2043004":{"id":2043004,"type":2,"isBoat":1,"partsVisible":1,"sizeType":3,"body":2043004},"2043005":{"id":2043005,"type":2,"isBoat":1,"partsVisible":1,"sizeType":3,"body":2043005},"2043006":{"id":2043006,"type":2,"isBoat":1,"partsVisible":1,"sizeType":3,"body":2043006},"2043007":{"id":2043007,"type":2,"isBoat":1,"partsVisible":1,"sizeType":3,"body":2043007},"2043008":{"id":2043008,"type":2,"isBoat":1,"partsVisible":1,"sizeType":3,"body":2043008},"2043009":{"id":2043009,"type":2,"isBoat":1,"partsVisible":1,"sizeType":3,"body":2043009},"2043010":{"id":2043010,"type":2,"isBoat":1,"partsVisible":1,"sizeType":3,"body":2043010},"2043011":{"id":2043011,"type":2,"isBoat":1,"partsVisible":1,"sizeType":3,"body":2043011},"2043012":{"id":2043012,"type":2,"isBoat":1,"partsVisible":1,"sizeType":3,"body":2043012},"2043013":{"id":2043013,"type":2,"isBoat":1,"partsVisible":1,"sizeType":3,"body":2043013},"2043015":{"id":2043015,"type":2,"isBoat":1,"partsVisible":1,"sizeType":3,"body":2043015},"2043016":{"id":2043016,"type":2,"isBoat":1,"partsVisible":1,"sizeType":3,"body":2043016},"2043017":{"id":2043017,"type":2,"isBoat":1,"partsVisible":1,"sizeType":3,"body":2043017},"2043018":{"id":2043018,"type":2,"isBoat":1,"partsVisible":1,"sizeType":3,"body":2043018},"2044001":{"id":2044001,"type":2,"isBoat":1,"partsVisible":1,"sizeType":4,"body":2044001},"2044002":{"id":2044002,"type":2,"isBoat":1,"partsVisible":1,"sizeType":4,"body":2044002},"2044003":{"id":2044003,"type":2,"isBoat":1,"partsVisible":1,"sizeType":4,"body":2044003},"2044004":{"id":2044004,"type":2,"isBoat":1,"partsVisible":1,"sizeType":4,"body":2044004},"2044005":{"id":2044005,"type":2,"isBoat":1,"partsVisible":1,"sizeType":4,"body":2044005},"2044006":{"id":2044006,"type":2,"isBoat":1,"partsVisible":1,"sizeType":4,"body":2044006},"2045001":{"id":2045001,"type":2,"isBoat":1,"partsVisible":1,"sizeType":4,"body":2045001},"2045003":{"id":2045003,"type":2,"isBoat":1,"partsVisible":1,"sizeType":4,"body":2045003},"2045004":{"id":2045004,"type":2,"isBoat":1,"partsVisible":1,"sizeType":4,"body":2045004},"2045005":{"id":2045005,"type":2,"isBoat":1,"partsVisible":1,"sizeType":4,"body":2045005},"20460161":{"id":20460161,"type":2,"isBoat":1,"partsVisible":1,"sizeType":4,"body":2046016,"sail_2":2330007},"20740131":{"id":20740131,"type":2,"isBoat":1,"partsVisible":1,"sizeType":4,"body":2074013,"sail_0":2310091,"sail_2":2310092,"sail_4":2310093},"20740111":{"id":20740111,"type":2,"isBoat":1,"partsVisible":1,"sizeType":4,"body":2074011,"sail_0":2310081,"sail_1":2310082,"sail_2":2310083,"sail_3":2310084,"sail_4":2310085},"20460141":{"id":20460141,"type":2,"isBoat":1,"partsVisible":1,"sizeType":4,"body":2046014},"2046006":{"id":2046006,"type":2,"isBoat":1,"partsVisible":1,"sizeType":4,"body":2046006},"2046012":{"id":2046012,"type":2,"isBoat":1,"partsVisible":1,"sizeType":4,"body":2046012},"2046013":{"id":2046013,"type":2,"isBoat":1,"partsVisible":1,"sizeType":4,"body":2046013},"2046014":{"id":2046014,"type":2,"isBoat":1,"partsVisible":1,"sizeType":4,"body":2046014},"2046015":{"id":2046015,"type":2,"isBoat":1,"sizeType":4,"body":2046015},"2046016":{"id":2046016,"type":2,"isBoat":1,"partsVisible":1,"sizeType":4,"body":2046016,"sail_2":2330007},"2046017":{"id":2046017,"type":2,"isBoat":1,"partsVisible":1,"sizeType":4,"body":2046017},"2041004":{"id":2041004,"type":2,"isBoat":1,"partsVisible":1,"sizeType":1,"body":2041004},"2042001":{"id":2042001,"type":2,"isBoat":1,"partsVisible":1,"sizeType":2,"body":2042001},"2042003":{"id":2042003,"type":2,"isBoat":1,"partsVisible":1,"sizeType":2,"body":2042003},"2043002":{"id":2043002,"type":2,"isBoat":1,"partsVisible":1,"sizeType":3,"body":2043002},"2043014":{"id":2043014,"type":2,"isBoat":1,"partsVisible":1,"sizeType":3,"body":2043014},"2047001":{"id":2047001,"type":2,"isBoat":1,"partsVisible":1,"sizeType":5,"body":2047001},"2047002":{"id":2047002,"type":2,"isBoat":1,"partsVisible":1,"sizeType":5,"body":2047002},"2047003":{"id":2047003,"type":2,"isBoat":1,"partsVisible":1,"sizeType":5,"body":2047003},"2047004":{"id":2047004,"type":2,"isBoat":1,"partsVisible":1,"sizeType":5,"body":2047004},"2047005":{"id":2047005,"type":2,"isBoat":1,"partsVisible":1,"sizeType":5,"body":2047005},"2047006":{"id":2047006,"type":2,"isBoat":1,"partsVisible":1,"sizeType":5,"body":2047006},"2047007":{"id":2047007,"type":2,"isBoat":1,"partsVisible":1,"sizeType":5,"body":2047007},"2047101":{"id":2047101,"type":2,"isBoat":1,"partsVisible":1,"sizeType":5,"body":2047101},"2047102":{"id":2047102,"type":2,"isBoat":1,"partsVisible":1,"sizeType":5,"body":2047102},"2047103":{"id":2047103,"type":2,"isBoat":1,"partsVisible":1,"sizeType":5,"body":2047103},"2047104":{"id":2047104,"type":2,"isBoat":1,"partsVisible":1,"sizeType":5,"body":2047104},"2047105":{"id":2047105,"type":2,"isBoat":1,"partsVisible":1,"sizeType":5,"body":2047105},"2047106":{"id":2047106,"type":2,"isBoat":1,"partsVisible":1,"sizeType":5,"body":2047106},"2047107":{"id":2047107,"type":2,"isBoat":1,"partsVisible":1,"sizeType":5,"body":2047107},"2047201":{"id":2047201,"type":2,"isBoat":1,"partsVisible":1,"sizeType":5,"body":2047201},"2047202":{"id":2047202,"type":2,"isBoat":1,"partsVisible":1,"sizeType":5,"body":2047202},"2047203":{"id":2047203,"type":2,"isBoat":1,"partsVisible":1,"sizeType":5,"body":2047203},"2047204":{"id":2047204,"type":2,"isBoat":1,"partsVisible":1,"sizeType":5,"body":2047204},"2047205":{"id":2047205,"type":2,"isBoat":1,"partsVisible":1,"sizeType":5,"body":2047205},"2047206":{"id":2047206,"type":2,"isBoat":1,"partsVisible":1,"sizeType":5,"body":2047206},"2047207":{"id":2047207,"type":2,"isBoat":1,"partsVisible":1,"sizeType":5,"body":2047207},"2200001":{"id":2200001,"type":1,"partsVisible":1,"sizeType":2,"body":2200001},"2200002":{"id":2200002,"type":1,"partsVisible":1,"sizeType":2,"body":2200002},"2200003":{"id":2200003,"type":1,"partsVisible":1,"sizeType":2,"body":2200003},"2200004":{"id":2200004,"type":1,"partsVisible":1,"sizeType":2,"body":2200004},"2200005":{"id":2200005,"type":1,"partsVisible":1,"sizeType":2,"body":2200005},"2200006":{"id":2200006,"type":1,"partsVisible":1,"sizeType":2,"body":2200006},"2200007":{"id":2200007,"type":1,"partsVisible":1,"sizeType":2,"body":2200007},"2200008":{"id":2200008,"type":1,"partsVisible":1,"sizeType":2,"body":2200008},"2200009":{"id":2200009,"type":1,"partsVisible":1,"sizeType":2,"body":2200009},"2200010":{"id":2200010,"type":1,"partsVisible":1,"sizeType":2,"body":2200010},"2200011":{"id":2200011,"type":1,"partsVisible":1,"sizeType":2,"body":2200011},"2200012":{"id":2200012,"type":1,"partsVisible":1,"sizeType":2,"body":2200012},"2200013":{"id":2200013,"type":1,"partsVisible":1,"sizeType":2,"body":2200013},"2200014":{"id":2200014,"type":1,"partsVisible":1,"sizeType":2,"body":2200014},"2200015":{"id":2200015,"type":1,"partsVisible":1,"sizeType":2,"body":2200015},"2200016":{"id":2200016,"type":1,"partsVisible":1,"sizeType":2,"body":2200016},"2200017":{"id":2200017,"type":1,"partsVisible":1,"sizeType":2,"body":2200017},"2200018":{"id":2200018,"type":1,"partsVisible":1,"sizeType":2,"body":2200018},"2200019":{"id":2200019,"type":1,"partsVisible":1,"sizeType":2,"body":2200019},"2200020":{"id":2200020,"type":1,"partsVisible":1,"sizeType":2,"body":2200020},"2200021":{"id":2200021,"type":1,"partsVisible":1,"sizeType":2,"body":2200021},"2200022":{"id":2200022,"type":1,"partsVisible":1,"sizeType":2,"body":2200022},"2200023":{"id":2200023,"type":1,"partsVisible":1,"sizeType":2,"body":2200023},"2200024":{"id":2200024,"type":1,"partsVisible":1,"sizeType":2,"body":2200024},"2200025":{"id":2200025,"type":1,"partsVisible":1,"sizeType":2,"body":2200025},"2200026":{"id":2200026,"type":1,"partsVisible":1,"sizeType":2,"body":2200026},"2200027":{"id":2200027,"type":1,"partsVisible":1,"sizeType":2,"body":2200027},"2200028":{"id":2200028,"type":1,"partsVisible":1,"sizeType":2,"body":2200028},"2200029":{"id":2200029,"type":1,"partsVisible":1,"sizeType":2,"body":2200029},"2200030":{"id":2200030,"type":1,"partsVisible":1,"sizeType":2,"body":2200030},"2200031":{"id":2200031,"type":1,"partsVisible":1,"sizeType":2,"body":2200031},"2200032":{"id":2200032,"type":1,"partsVisible":1,"sizeType":2,"body":2200032},"2200033":{"id":2200033,"type":1,"partsVisible":1,"sizeType":2,"body":2200033},"2200034":{"id":2200034,"type":1,"partsVisible":1,"sizeType":2,"body":2200034},"2200035":{"id":2200035,"type":1,"partsVisible":1,"sizeType":2,"body":2200035},"2200036":{"id":2200036,"type":1,"partsVisible":1,"sizeType":2,"body":2200036},"2200037":{"id":2200037,"type":1,"partsVisible":1,"sizeType":2,"body":2200037},"2200038":{"id":2200038,"type":1,"partsVisible":1,"sizeType":2,"body":2200038},"2200039":{"id":2200039,"type":1,"partsVisible":1,"sizeType":2,"body":2200039},"2200040":{"id":2200040,"type":1,"partsVisible":1,"sizeType":2,"body":2200040},"2200041":{"id":2200041,"type":1,"partsVisible":1,"sizeType":2,"body":2200041},"2200042":{"id":2200042,"type":1,"partsVisible":1,"sizeType":2,"body":2200042},"2200043":{"id":2200043,"type":1,"partsVisible":1,"sizeType":2,"body":2200043},"2200044":{"id":2200044,"type":1,"partsVisible":1,"sizeType":2,"body":2200044},"2200045":{"id":2200045,"type":1,"partsVisible":1,"sizeType":2,"body":2200045},"2200046":{"id":2200046,"type":1,"partsVisible":1,"sizeType":2,"body":2200046},"2200047":{"id":2200047,"type":1,"partsVisible":1,"sizeType":2,"body":2200047},"2200048":{"id":2200048,"type":1,"partsVisible":1,"sizeType":2,"body":2200048},"2200049":{"id":2200049,"type":1,"partsVisible":1,"sizeType":2,"body":2200049},"2200050":{"id":2200050,"type":1,"partsVisible":1,"sizeType":2,"body":2200050},"2200051":{"id":2200051,"type":1,"partsVisible":1,"sizeType":2,"body":2200051},"2200052":{"id":2200052,"type":1,"partsVisible":1,"sizeType":2,"body":2200052},"2200053":{"id":2200053,"type":1,"partsVisible":1,"sizeType":2,"body":2200053},"2200054":{"id":2200054,"type":1,"partsVisible":1,"sizeType":2,"body":2200054},"2200055":{"id":2200055,"type":1,"partsVisible":1,"sizeType":2,"body":2200055},"2200056":{"id":2200056,"type":1,"partsVisible":1,"sizeType":2,"body":2200056},"2200057":{"id":2200057,"type":1,"partsVisible":1,"sizeType":2,"body":2200057},"2200058":{"id":2200058,"type":1,"partsVisible":1,"sizeType":2,"body":2200058},"2200059":{"id":2200059,"type":1,"partsVisible":1,"sizeType":2,"body":2200059},"2200060":{"id":2200060,"type":1,"partsVisible":1,"sizeType":2,"body":2200060},"2200061":{"id":2200061,"type":1,"partsVisible":1,"sizeType":2,"body":2200061},"2200062":{"id":2200062,"type":1,"partsVisible":1,"sizeType":2,"body":2200062},"2200063":{"id":2200063,"type":1,"partsVisible":1,"sizeType":2,"body":2200063},"2200064":{"id":2200064,"type":1,"partsVisible":1,"sizeType":2,"body":2200064},"2200065":{"id":2200065,"type":1,"partsVisible":1,"sizeType":2,"body":2200065},"2200066":{"id":2200066,"type":1,"partsVisible":1,"sizeType":2,"body":2200066},"2200067":{"id":2200067,"type":1,"partsVisible":1,"sizeType":2,"body":2200067},"2200068":{"id":2200068,"type":1,"partsVisible":1,"sizeType":2,"body":2200068},"2200069":{"id":2200069,"type":1,"partsVisible":1,"sizeType":2,"body":2200069},"2200070":{"id":2200070,"type":1,"partsVisible":1,"sizeType":2,"body":2200070},"2200071":{"id":2200071,"type":1,"partsVisible":1,"sizeType":2,"body":2200071},"2200072":{"id":2200072,"type":1,"partsVisible":1,"sizeType":2,"body":2200072},"2200073":{"id":2200073,"type":1,"partsVisible":1,"sizeType":2,"body":2200073},"2200074":{"id":2200074,"type":1,"partsVisible":1,"sizeType":2,"body":2200074},"2200075":{"id":2200075,"type":1,"partsVisible":1,"sizeType":2,"body":2200075},"2200076":{"id":2200076,"type":1,"partsVisible":1,"sizeType":2,"body":2200076},"2200077":{"id":2200077,"type":1,"partsVisible":1,"sizeType":2,"body":2200077},"2200078":{"id":2200078,"type":1,"partsVisible":1,"sizeType":2,"body":2200078},"2200079":{"id":2200079,"type":1,"partsVisible":1,"sizeType":2,"body":2200079},"2200080":{"id":2200080,"type":1,"partsVisible":1,"sizeType":2,"body":2200080},"2200081":{"id":2200081,"type":1,"partsVisible":1,"sizeType":2,"body":2200081},"2200082":{"id":2200082,"type":1,"partsVisible":1,"sizeType":2,"body":2200082},"2200083":{"id":2200083,"type":1,"partsVisible":1,"sizeType":2,"body":2200083},"2200084":{"id":2200084,"type":1,"partsVisible":1,"sizeType":2,"body":2200084},"2200085":{"id":2200085,"type":1,"partsVisible":1,"sizeType":2,"body":2200085},"2200086":{"id":2200086,"type":1,"partsVisible":1,"sizeType":2,"body":2200086},"2200087":{"id":2200087,"type":1,"partsVisible":1,"sizeType":2,"body":2200087},"2200088":{"id":2200088,"type":1,"partsVisible":1,"sizeType":2,"body":2200088},"2200089":{"id":2200089,"type":1,"partsVisible":1,"sizeType":2,"body":2200089},"2200090":{"id":2200090,"type":1,"partsVisible":1,"sizeType":2,"body":2200090},"2200091":{"id":2200091,"type":1,"partsVisible":1,"sizeType":2,"body":2200091},"2200092":{"id":2200092,"type":1,"partsVisible":1,"sizeType":2,"body":2200092},"2200093":{"id":2200093,"type":1,"partsVisible":1,"sizeType":2,"body":2200093},"2200094":{"id":2200094,"type":1,"partsVisible":1,"sizeType":2,"body":2200094},"2200095":{"id":2200095,"type":1,"partsVisible":1,"sizeType":2,"body":2200095},"2200096":{"id":2200096,"type":1,"partsVisible":1,"sizeType":2,"body":2200096},"2046001":{"id":2046001,"type":1,"partsVisible":1,"sizeType":2,"body":2046001},"2046002":{"id":2046002,"type":1,"partsVisible":1,"sizeType":2,"body":2046002},"2046003":{"id":2046003,"type":1,"partsVisible":1,"sizeType":2,"body":2046003},"2046004":{"id":2046004,"type":1,"partsVisible":1,"sizeType":2,"body":2046004},"2046005":{"id":2046005,"type":1,"partsVisible":1,"sizeType":2,"body":2046005},"1200111":{"id":1200111,"type":1,"partsVisible":1,"sizeType":2,"body":1200111},"1200113":{"id":1200113,"type":1,"partsVisible":1,"sizeType":2,"body":1200113},"1200041":{"id":1200041,"type":1,"partsVisible":1,"sizeType":2,"body":1200041},"1200032":{"id":1200032,"type":1,"partsVisible":1,"sizeType":2,"body":1200032},"1200107":{"id":1200107,"type":1,"partsVisible":1,"sizeType":2,"body":1200107},"1200147":{"id":1200147,"type":1,"partsVisible":1,"sizeType":2,"body":1200147},"1200106":{"id":1200106,"type":1,"partsVisible":1,"sizeType":2,"body":1200106},"1200108":{"id":1200108,"type":1,"partsVisible":1,"sizeType":2,"body":1200108},"1200109":{"id":1200109,"type":1,"partsVisible":1,"sizeType":2,"body":1200109},"1200110":{"id":1200110,"type":1,"partsVisible":1,"sizeType":2,"body":1200110},"1200036":{"id":1200036,"type":1,"partsVisible":1,"sizeType":2,"body":1200036},"1200035":{"id":1200035,"type":1,"partsVisible":1,"sizeType":2,"body":1200035},"1200034":{"id":1200034,"type":1,"partsVisible":1,"sizeType":2,"body":1200034},"1200043":{"id":1200043,"type":1,"partsVisible":1,"sizeType":2,"body":1200043},"1200033":{"id":1200033,"type":1,"partsVisible":1,"sizeType":2,"body":1200033},"1200038":{"id":1200038,"type":1,"partsVisible":1,"sizeType":2,"body":1200038},"1200039":{"id":1200039,"type":1,"partsVisible":1,"sizeType":2,"body":1200039},"1200037":{"id":1200037,"type":1,"partsVisible":1,"sizeType":2,"body":1200037},"1200040":{"id":1200040,"type":1,"partsVisible":1,"sizeType":2,"body":1200040},"1200071":{"id":1200071,"type":1,"partsVisible":1,"sizeType":2,"body":1200071},"1200052":{"id":1200052,"type":1,"partsVisible":1,"sizeType":2,"body":1200052},"1200050":{"id":1200050,"type":1,"partsVisible":1,"sizeType":2,"body":1200050},"1200048":{"id":1200048,"type":1,"partsVisible":1,"sizeType":2,"body":1200048},"1200054":{"id":1200054,"type":1,"partsVisible":1,"sizeType":2,"body":1200054},"1200045":{"id":1200045,"type":1,"partsVisible":1,"sizeType":2,"body":1200045},"1200047":{"id":1200047,"type":1,"partsVisible":1,"sizeType":2,"body":1200047},"1200125":{"id":1200125,"type":1,"partsVisible":1,"sizeType":2,"body":1200125},"1200046":{"id":1200046,"type":1,"partsVisible":1,"sizeType":2,"body":1200046},"1200056":{"id":1200056,"type":1,"partsVisible":1,"sizeType":2,"body":1200056},"1200055":{"id":1200055,"type":1,"partsVisible":1,"sizeType":2,"body":1200055},"1200129":{"id":1200129,"type":1,"partsVisible":1,"sizeType":2,"body":1200129},"1200064":{"id":1200064,"type":1,"partsVisible":1,"sizeType":2,"body":1200064},"1200075":{"id":1200075,"type":1,"partsVisible":1,"sizeType":2,"body":1200075},"1200078":{"id":1200078,"type":1,"partsVisible":1,"sizeType":2,"body":1200078},"1200068":{"id":1200068,"type":1,"partsVisible":1,"sizeType":2,"body":1200068},"1200058":{"id":1200058,"type":1,"partsVisible":1,"sizeType":2,"body":1200058},"1200066":{"id":1200066,"type":1,"partsVisible":1,"sizeType":2,"body":1200066},"1200069":{"id":1200069,"type":1,"partsVisible":1,"sizeType":2,"body":1200069},"1200065":{"id":1200065,"type":1,"partsVisible":1,"sizeType":2,"body":1200065},"1200067":{"id":1200067,"type":1,"partsVisible":1,"sizeType":2,"body":1200067},"1200059":{"id":1200059,"type":1,"partsVisible":1,"sizeType":2,"body":1200059},"1200060":{"id":1200060,"type":1,"partsVisible":1,"sizeType":2,"body":1200060},"1200070":{"id":1200070,"type":1,"partsVisible":1,"sizeType":2,"body":1200070},"1200063":{"id":1200063,"type":1,"partsVisible":1,"sizeType":2,"body":1200063},"1200079":{"id":1200079,"type":1,"partsVisible":1,"sizeType":2,"body":1200079},"1200098":{"id":1200098,"type":1,"partsVisible":1,"sizeType":2,"body":1200098},"1200101":{"id":1200101,"type":1,"partsVisible":1,"sizeType":2,"body":1200101},"1200102":{"id":1200102,"type":1,"partsVisible":1,"sizeType":2,"body":1200102},"1200103":{"id":1200103,"type":1,"partsVisible":1,"sizeType":2,"body":1200103},"1200104":{"id":1200104,"type":1,"partsVisible":1,"sizeType":2,"body":1200104},"1200100":{"id":1200100,"type":1,"partsVisible":1,"sizeType":2,"body":1200100},"1200099":{"id":1200099,"type":1,"partsVisible":1,"sizeType":2,"body":1200099},"1200090":{"id":1200090,"type":1,"partsVisible":1,"sizeType":2,"body":1200090},"1200092":{"id":1200092,"type":1,"partsVisible":1,"sizeType":2,"body":1200092},"1200091":{"id":1200091,"type":1,"partsVisible":1,"sizeType":2,"body":1200091},"1200096":{"id":1200096,"type":1,"partsVisible":1,"sizeType":2,"body":1200096},"1200097":{"id":1200097,"type":1,"partsVisible":1,"sizeType":2,"body":1200097},"1200120":{"id":1200120,"type":1,"partsVisible":1,"sizeType":2,"body":1200120},"1200087":{"id":1200087,"type":1,"partsVisible":1,"sizeType":2,"body":1200087},"1200148":{"id":1200148,"type":1,"partsVisible":1,"sizeType":2,"body":1200148},"1200084":{"id":1200084,"type":1,"partsVisible":1,"sizeType":2,"body":1200084},"1200086":{"id":1200086,"type":1,"partsVisible":1,"sizeType":2,"body":1200086},"1200083":{"id":1200083,"type":1,"partsVisible":1,"sizeType":2,"body":1200083},"1200139":{"id":1200139,"type":1,"partsVisible":1,"sizeType":2,"body":1200139},"1200138":{"id":1200138,"type":1,"partsVisible":1,"sizeType":2,"body":1200138},"1200140":{"id":1200140,"type":1,"partsVisible":1,"sizeType":2,"body":1200140},"1200143":{"id":1200143,"type":1,"partsVisible":1,"sizeType":2,"body":1200143},"1200145":{"id":1200145,"type":1,"partsVisible":1,"sizeType":2,"body":1200145},"1200115":{"id":1200115,"type":1,"partsVisible":1,"sizeType":2,"body":1200115},"1200114":{"id":1200114,"type":1,"partsVisible":1,"sizeType":2,"body":1200114},"1200117":{"id":1200117,"type":1,"partsVisible":1,"sizeType":2,"body":1200117},"1200118":{"id":1200118,"type":1,"partsVisible":1,"sizeType":2,"body":1200118},"1200119":{"id":1200119,"type":1,"partsVisible":1,"sizeType":2,"body":1200119},"1200082":{"id":1200082,"type":1,"partsVisible":1,"sizeType":2,"body":1200082},"1200121":{"id":1200121,"type":1,"partsVisible":1,"sizeType":2,"body":1200121},"840001":{"id":840001,"type":1,"partsVisible":1,"sizeType":2,"body":840001},"840002":{"id":840002,"type":1,"partsVisible":1,"sizeType":2,"body":840002},"840003":{"id":840003,"type":1,"partsVisible":1,"sizeType":2,"body":840003},"840004":{"id":840004,"type":1,"partsVisible":1,"sizeType":2,"body":840004},"840005":{"id":840005,"type":1,"partsVisible":1,"sizeType":2,"body":840005},"840006":{"id":840006,"type":1,"partsVisible":1,"sizeType":2,"body":840006},"840007":{"id":840007,"type":1,"partsVisible":1,"sizeType":2,"body":840007},"840101":{"id":840101,"type":1,"partsVisible":1,"sizeType":2,"body":840101},"840102":{"id":840102,"type":1,"partsVisible":1,"sizeType":2,"body":840102},"840103":{"id":840103,"type":1,"partsVisible":1,"sizeType":2,"body":840103},"840104":{"id":840104,"type":1,"partsVisible":1,"sizeType":2,"body":840104},"840105":{"id":840105,"type":1,"partsVisible":1,"sizeType":2,"body":840105},"840106":{"id":840106,"type":1,"partsVisible":1,"sizeType":2,"body":840106},"2100001":{"id":2100001,"type":1,"partsVisible":1,"sizeType":2,"body":2100001},"2100002":{"id":2100002,"type":1,"partsVisible":1,"sizeType":2,"body":2100002},"2100003":{"id":2100003,"type":1,"partsVisible":1,"sizeType":2,"body":2100003},"2100004":{"id":2100004,"type":1,"partsVisible":1,"sizeType":2,"body":2100004},"2100005":{"id":2100005,"type":1,"partsVisible":1,"sizeType":2,"body":2100005},"2100006":{"id":2100006,"type":1,"partsVisible":1,"sizeType":2,"body":2100006},"2100007":{"id":2100007,"type":1,"partsVisible":1,"sizeType":2,"body":2100007},"2100008":{"id":2100008,"type":1,"partsVisible":1,"sizeType":2,"body":2100008},"2100009":{"id":2100009,"type":1,"partsVisible":1,"sizeType":2,"body":2100009},"2100010":{"id":2100010,"type":1,"partsVisible":1,"sizeType":2,"body":2100010},"2100011":{"id":2100011,"type":1,"partsVisible":1,"sizeType":2,"body":2100011},"2100012":{"id":2100012,"type":1,"partsVisible":1,"sizeType":2,"body":2100012},"2100013":{"id":2100013,"type":1,"partsVisible":1,"sizeType":2,"body":2100013},"2100014":{"id":2100014,"type":1,"partsVisible":1,"sizeType":2,"body":2100014},"2100015":{"id":2100015,"type":1,"partsVisible":1,"sizeType":2,"body":2100015},"2100016":{"id":2100016,"type":1,"partsVisible":1,"sizeType":2,"body":2100016},"2100017":{"id":2100017,"type":1,"partsVisible":1,"sizeType":2,"body":2100017},"2100018":{"id":2100018,"type":1,"partsVisible":1,"sizeType":2,"body":2100018},"2100019":{"id":2100019,"type":1,"partsVisible":1,"sizeType":2,"body":2100019},"2100020":{"id":2100020,"type":1,"partsVisible":1,"sizeType":2,"body":2100020},"2100021":{"id":2100021,"type":1,"partsVisible":1,"sizeType":2,"body":2100021},"2100022":{"id":2100022,"type":1,"partsVisible":1,"sizeType":2,"body":2100022},"2100023":{"id":2100023,"type":1,"partsVisible":1,"sizeType":2,"body":2100023},"2100024":{"id":2100024,"type":1,"partsVisible":1,"sizeType":2,"body":2100024},"2100025":{"id":2100025,"type":1,"partsVisible":1,"sizeType":2,"body":2100025},"2100026":{"id":2100026,"type":1,"partsVisible":1,"sizeType":2,"body":2100026},"2100027":{"id":2100027,"type":1,"partsVisible":1,"sizeType":2,"body":2100027},"2100028":{"id":2100028,"type":1,"partsVisible":1,"sizeType":2,"body":2100028},"2100029":{"id":2100029,"type":1,"partsVisible":1,"sizeType":2,"body":2100029},"2100030":{"id":2100030,"type":1,"partsVisible":1,"sizeType":2,"body":2100030},"7210001":{"id":7210001,"type":1,"partsVisible":1,"sizeType":2,"body":7210001},"7210002":{"id":7210002,"type":1,"partsVisible":1,"sizeType":2,"body":7210002},"2300501":{"id":2300501,"type":1,"isBoat":1,"partsVisible":1,"sizeType":2,"body":2300501},"2300502":{"id":2300502,"type":1,"isBoat":1,"partsVisible":1,"sizeType":2,"body":2300502},"2073011":{"id":2073011,"type":1,"isBoat":1,"partsVisible":1,"sizeType":3,"body":2073011},"2073012":{"id":2073012,"type":1,"isBoat":1,"partsVisible":1,"sizeType":3,"body":2073012},"2044007":{"id":2044007,"type":1,"isBoat":1,"partsVisible":1,"sizeType":3,"body":2044007},"2044008":{"id":2044008,"type":1,"isBoat":1,"partsVisible":1,"sizeType":3,"body":2044008},"20470011":{"id":20470011,"type":1,"isBoat":1,"partsVisible":1,"sizeType":3,"body":20470011},"20470021":{"id":20470021,"type":1,"isBoat":1,"partsVisible":1,"sizeType":3,"body":20470021},"20470031":{"id":20470031,"type":1,"isBoat":1,"partsVisible":1,"sizeType":3,"body":20470031},"20470041":{"id":20470041,"type":1,"isBoat":1,"partsVisible":1,"sizeType":3,"body":20470041}}