{"3120001":{"id":3120001,"hasSuitAtt":1,"sailSockets":[{"type":4,"itemId":3230401},{"type":4,"itemId":3230401},{"type":4,"itemId":3230401},{"type":4,"itemId":3230401},{"type":4,"itemId":3230401}],"sailAddAtts":[{"type":5,"value":1535}],"artillerySockets":[{"type":6,"itemId":3231401},{"type":6,"itemId":3231401},{"type":6,"itemId":3231401},{"type":6,"itemId":3231401}],"artilleryAddAtts":[{"type":1,"value":1854}],"armorSockets":[{"type":7,"itemId":3232401},{"type":7,"itemId":3232401},{"type":7,"itemId":3232401},{"type":7,"itemId":3232401},{"type":7,"itemId":3232401}],"armorAddAtts":[{"type":4,"value":5312}],"suitAddAtts":[{"type":11,"value":1}]},"3120002":{"id":3120002,"hasSuitAtt":1,"sailSockets":[{"type":4,"itemId":3230402},{"type":4,"itemId":3230402},{"type":4,"itemId":3230402},{"type":4,"itemId":3230402},{"type":4,"itemId":3230402}],"sailAddAtts":[{"type":5,"value":1256}],"artillerySockets":[{"type":6,"itemId":3231401},{"type":6,"itemId":3231401},{"type":6,"itemId":3231401},{"type":6,"itemId":3231401}],"artilleryAddAtts":[{"type":1,"value":1391}],"armorSockets":[{"type":7,"itemId":3232402},{"type":7,"itemId":3232402},{"type":7,"itemId":3232402},{"type":7,"itemId":3232402},{"type":7,"itemId":3232402}],"armorAddAtts":[{"type":4,"value":6492}],"suitAddAtts":[{"type":12,"value":1}]},"3131003":{"id":3131003,"hasSuitAtt":1,"sailSockets":[{"type":3,"itemId":3230201},{"type":0,"itemId":0},{"type":3,"itemId":3230201},{"type":0,"itemId":0},{"type":3,"itemId":3230201}],"sailAddAtts":[{"type":5,"value":540}],"artillerySockets":[{"type":0,"itemId":0},{"type":6,"itemId":3231201},{"type":6,"itemId":3231201},{"type":0,"itemId":0}],"artilleryAddAtts":[{"type":1,"value":653}],"armorSockets":[{"type":0,"itemId":0},{"type":7,"itemId":3232201},{"type":7,"itemId":3232201},{"type":7,"itemId":3232201},{"type":0,"itemId":0}],"armorAddAtts":[{"type":4,"value":1871}],"suitAddAtts":[{"type":11,"value":1}]},"3131004":{"id":3131004,"hasSuitAtt":1,"sailSockets":[{"type":3,"itemId":3230202},{"type":3,"itemId":3230202},{"type":3,"itemId":3230202},{"type":3,"itemId":3230202},{"type":3,"itemId":3230202}],"sailAddAtts":[{"type":5,"value":730}],"artillerySockets":[{"type":6,"itemId":3231202},{"type":6,"itemId":3231202},{"type":6,"itemId":3231202},{"type":6,"itemId":3231202}],"artilleryAddAtts":[{"type":1,"value":882}],"armorSockets":[{"type":7,"itemId":3232202},{"type":7,"itemId":3232202},{"type":7,"itemId":3232202},{"type":7,"itemId":3232202},{"type":7,"itemId":3232202}],"armorAddAtts":[{"type":4,"value":2526}],"suitAddAtts":[{"type":11,"value":1}]},"3131005":{"id":3131005,"hasSuitAtt":1,"sailSockets":[{"type":3,"itemId":3230203},{"type":3,"itemId":3230203},{"type":3,"itemId":3230203},{"type":3,"itemId":3230203},{"type":3,"itemId":3230203}],"sailAddAtts":[{"type":5,"value":985}],"artillerySockets":[{"type":6,"itemId":3231203},{"type":6,"itemId":3231203},{"type":6,"itemId":3231203},{"type":6,"itemId":3231203}],"artilleryAddAtts":[{"type":1,"value":1191}],"armorSockets":[{"type":7,"itemId":3232203},{"type":7,"itemId":3232203},{"type":7,"itemId":3232203},{"type":7,"itemId":3232203},{"type":7,"itemId":3232203}],"armorAddAtts":[{"type":4,"value":3410}],"suitAddAtts":[{"type":11,"value":1}]},"3131006":{"id":3131006,"hasSuitAtt":1,"sailSockets":[{"type":3,"itemId":3230204},{"type":3,"itemId":3230204},{"type":3,"itemId":3230204},{"type":3,"itemId":3230204},{"type":3,"itemId":3230204}],"sailAddAtts":[{"type":5,"value":1330}],"artillerySockets":[{"type":6,"itemId":3231204},{"type":6,"itemId":3231204},{"type":6,"itemId":3231204},{"type":6,"itemId":3231204}],"artilleryAddAtts":[{"type":1,"value":1608}],"armorSockets":[{"type":7,"itemId":3232204},{"type":7,"itemId":3232204},{"type":7,"itemId":3232204},{"type":7,"itemId":3232204},{"type":7,"itemId":3232204}],"armorAddAtts":[{"type":4,"value":4603}],"suitAddAtts":[{"type":11,"value":1}]},"3131007":{"id":3131007,"hasSuitAtt":1,"sailSockets":[{"type":4,"itemId":3230205},{"type":4,"itemId":3230205},{"type":4,"itemId":3230205},{"type":4,"itemId":3230205},{"type":4,"itemId":3230205}],"sailAddAtts":[{"type":5,"value":1796}],"artillerySockets":[{"type":6,"itemId":3231205},{"type":6,"itemId":3231205},{"type":6,"itemId":3231205},{"type":6,"itemId":3231205}],"artilleryAddAtts":[{"type":1,"value":2170}],"armorSockets":[{"type":7,"itemId":3232205},{"type":7,"itemId":3232205},{"type":7,"itemId":3232205},{"type":7,"itemId":3232205},{"type":7,"itemId":3232205}],"armorAddAtts":[{"type":4,"value":6214}],"suitAddAtts":[{"type":11,"value":1}]},"3141003":{"id":3141003,"hasSuitAtt":1,"sailSockets":[{"type":3,"itemId":3230301},{"type":0,"itemId":0},{"type":3,"itemId":3230301},{"type":0,"itemId":0},{"type":3,"itemId":3230301}],"sailAddAtts":[{"type":5,"value":442}],"artillerySockets":[{"type":0,"itemId":0},{"type":6,"itemId":3231301},{"type":6,"itemId":3231301},{"type":0,"itemId":0}],"artilleryAddAtts":[{"type":1,"value":490}],"armorSockets":[{"type":0,"itemId":0},{"type":7,"itemId":3232301},{"type":7,"itemId":3232301},{"type":7,"itemId":3232301},{"type":0,"itemId":0}],"armorAddAtts":[{"type":4,"value":2286}],"suitAddAtts":[{"type":12,"value":1}]},"3141004":{"id":3141004,"hasSuitAtt":1,"sailSockets":[{"type":3,"itemId":3230302},{"type":3,"itemId":3230302},{"type":3,"itemId":3230302},{"type":3,"itemId":3230302},{"type":3,"itemId":3230302}],"sailAddAtts":[{"type":5,"value":597}],"artillerySockets":[{"type":6,"itemId":3231302},{"type":6,"itemId":3231302},{"type":6,"itemId":3231302},{"type":6,"itemId":3231302}],"artilleryAddAtts":[{"type":1,"value":662}],"armorSockets":[{"type":7,"itemId":3232302},{"type":7,"itemId":3232302},{"type":7,"itemId":3232302},{"type":7,"itemId":3232302},{"type":7,"itemId":3232302}],"armorAddAtts":[{"type":4,"value":3087}],"suitAddAtts":[{"type":12,"value":1}]},"3141005":{"id":3141005,"hasSuitAtt":1,"sailSockets":[{"type":3,"itemId":3230303},{"type":3,"itemId":3230303},{"type":3,"itemId":3230303},{"type":3,"itemId":3230303},{"type":3,"itemId":3230303}],"sailAddAtts":[{"type":5,"value":806}],"artillerySockets":[{"type":6,"itemId":3231303},{"type":6,"itemId":3231303},{"type":6,"itemId":3231303},{"type":6,"itemId":3231303}],"artilleryAddAtts":[{"type":1,"value":893}],"armorSockets":[{"type":7,"itemId":3232303},{"type":7,"itemId":3232303},{"type":7,"itemId":3232303},{"type":7,"itemId":3232303},{"type":7,"itemId":3232303}],"armorAddAtts":[{"type":4,"value":4167}],"suitAddAtts":[{"type":12,"value":1}]},"3141006":{"id":3141006,"hasSuitAtt":1,"sailSockets":[{"type":3,"itemId":3230304},{"type":3,"itemId":3230304},{"type":3,"itemId":3230304},{"type":3,"itemId":3230304},{"type":3,"itemId":3230304}],"sailAddAtts":[{"type":5,"value":1088}],"artillerySockets":[{"type":6,"itemId":3231304},{"type":6,"itemId":3231304},{"type":6,"itemId":3231304},{"type":6,"itemId":3231304}],"artilleryAddAtts":[{"type":1,"value":1206}],"armorSockets":[{"type":7,"itemId":3232304},{"type":7,"itemId":3232304},{"type":7,"itemId":3232304},{"type":7,"itemId":3232304},{"type":7,"itemId":3232304}],"armorAddAtts":[{"type":4,"value":5626}],"suitAddAtts":[{"type":12,"value":1}]},"3141007":{"id":3141007,"hasSuitAtt":1,"sailSockets":[{"type":4,"itemId":3230305},{"type":4,"itemId":3230305},{"type":4,"itemId":3230305},{"type":4,"itemId":3230305},{"type":4,"itemId":3230305}],"sailAddAtts":[{"type":5,"value":1469}],"artillerySockets":[{"type":6,"itemId":3231305},{"type":6,"itemId":3231305},{"type":6,"itemId":3231305},{"type":6,"itemId":3231305}],"artilleryAddAtts":[{"type":1,"value":1628}],"armorSockets":[{"type":7,"itemId":3232305},{"type":7,"itemId":3232305},{"type":7,"itemId":3232305},{"type":7,"itemId":3232305},{"type":7,"itemId":3232305}],"armorAddAtts":[{"type":4,"value":7595}],"suitAddAtts":[{"type":12,"value":1}]},"3161002":{"id":3161002,"hasSuitAtt":1,"sailSockets":[{"type":3,"itemId":3230001},{"type":0,"itemId":0},{"type":3,"itemId":3230001},{"type":0,"itemId":0},{"type":3,"itemId":3230001}],"sailAddAtts":[{"type":5,"value":416}],"artillerySockets":[{"type":0,"itemId":0},{"type":6,"itemId":3231001},{"type":6,"itemId":3231001},{"type":0,"itemId":0}],"artilleryAddAtts":[{"type":1,"value":503}],"armorSockets":[{"type":0,"itemId":0},{"type":7,"itemId":3232001},{"type":7,"itemId":3232001},{"type":7,"itemId":3232001},{"type":0,"itemId":0}],"armorAddAtts":[{"type":4,"value":1799}],"suitAddAtts":[{"type":10,"value":50}]},"3161003":{"id":3161003,"hasSuitAtt":1,"sailSockets":[{"type":3,"itemId":3230002},{"type":0,"itemId":0},{"type":3,"itemId":3230002},{"type":0,"itemId":0},{"type":3,"itemId":3230002}],"sailAddAtts":[{"type":5,"value":561}],"artillerySockets":[{"type":0,"itemId":0},{"type":6,"itemId":3231002},{"type":6,"itemId":3231002},{"type":0,"itemId":0}],"artilleryAddAtts":[{"type":1,"value":678}],"armorSockets":[{"type":0,"itemId":0},{"type":7,"itemId":3232002},{"type":7,"itemId":3232002},{"type":7,"itemId":3232002},{"type":0,"itemId":0}],"armorAddAtts":[{"type":4,"value":1943}],"suitAddAtts":[{"type":10,"value":100}]},"3161004":{"id":3161004,"hasSuitAtt":1,"sailSockets":[{"type":3,"itemId":3230003},{"type":0,"itemId":0},{"type":3,"itemId":3230003},{"type":0,"itemId":0},{"type":3,"itemId":3230003}],"sailAddAtts":[{"type":5,"value":758}],"artillerySockets":[{"type":6,"itemId":3231003},{"type":6,"itemId":3231003},{"type":6,"itemId":3231003},{"type":6,"itemId":3231003}],"artilleryAddAtts":[{"type":1,"value":916}],"armorSockets":[{"type":7,"itemId":3232003},{"type":7,"itemId":3232003},{"type":7,"itemId":3232003},{"type":7,"itemId":3232003},{"type":7,"itemId":3232003}],"armorAddAtts":[{"type":4,"value":2623}],"suitAddAtts":[{"type":11,"value":1}]},"3161005":{"id":3161005,"hasSuitAtt":1,"sailSockets":[{"type":3,"itemId":3230004},{"type":3,"itemId":3230004},{"type":3,"itemId":3230004},{"type":3,"itemId":3230004},{"type":3,"itemId":3230004}],"sailAddAtts":[{"type":5,"value":1023}],"artillerySockets":[{"type":6,"itemId":3231004},{"type":6,"itemId":3231004},{"type":6,"itemId":3231004},{"type":6,"itemId":3231004}],"artilleryAddAtts":[{"type":1,"value":1236}],"armorSockets":[{"type":7,"itemId":3232004},{"type":7,"itemId":3232004},{"type":7,"itemId":3232004},{"type":7,"itemId":3232004},{"type":7,"itemId":3232004}],"armorAddAtts":[{"type":4,"value":3541}],"suitAddAtts":[{"type":11,"value":1}]},"3161006":{"id":3161006,"hasSuitAtt":1,"sailSockets":[{"type":3,"itemId":3230005},{"type":3,"itemId":3230005},{"type":3,"itemId":3230005},{"type":3,"itemId":3230005},{"type":3,"itemId":3230005}],"sailAddAtts":[{"type":5,"value":1381}],"artillerySockets":[{"type":6,"itemId":3231005},{"type":6,"itemId":3231005},{"type":6,"itemId":3231005},{"type":6,"itemId":3231005}],"artilleryAddAtts":[{"type":1,"value":1669}],"armorSockets":[{"type":7,"itemId":3232005},{"type":7,"itemId":3232005},{"type":7,"itemId":3232005},{"type":7,"itemId":3232005},{"type":7,"itemId":3232005}],"armorAddAtts":[{"type":4,"value":4780}],"suitAddAtts":[{"type":11,"value":1}]},"3161007":{"id":3161007,"hasSuitAtt":1,"sailSockets":[{"type":3,"itemId":3230006},{"type":3,"itemId":3230006},{"type":3,"itemId":3230006},{"type":3,"itemId":3230006},{"type":3,"itemId":3230006}],"sailAddAtts":[{"type":5,"value":1726}],"artillerySockets":[{"type":6,"itemId":3231006},{"type":6,"itemId":3231006},{"type":6,"itemId":3231006},{"type":6,"itemId":3231006}],"artilleryAddAtts":[{"type":1,"value":2087}],"armorSockets":[{"type":7,"itemId":3232006},{"type":7,"itemId":3232006},{"type":7,"itemId":3232006},{"type":7,"itemId":3232006},{"type":7,"itemId":3232006}],"armorAddAtts":[{"type":4,"value":5975}],"suitAddAtts":[{"type":11,"value":1}]},"3161008":{"id":3161008,"hasSuitAtt":1,"sailSockets":[{"type":3,"itemId":3230007},{"type":3,"itemId":3230007},{"type":3,"itemId":3230007},{"type":3,"itemId":3230007},{"type":3,"itemId":3230007}],"sailAddAtts":[{"type":5,"value":2158}],"artillerySockets":[{"type":6,"itemId":3231007},{"type":6,"itemId":3231007},{"type":6,"itemId":3231007},{"type":6,"itemId":3231007}],"artilleryAddAtts":[{"type":1,"value":2608}],"armorSockets":[{"type":7,"itemId":3232007},{"type":7,"itemId":3232007},{"type":7,"itemId":3232007},{"type":7,"itemId":3232007},{"type":7,"itemId":3232007}],"armorAddAtts":[{"type":4,"value":7469}],"suitAddAtts":[{"type":11,"value":1}]},"3161009":{"id":3161009,"hasSuitAtt":1,"sailSockets":[{"type":3,"itemId":3230008},{"type":3,"itemId":3230008},{"type":3,"itemId":3230008},{"type":3,"itemId":3230008},{"type":3,"itemId":3230008}],"sailAddAtts":[{"type":5,"value":2697}],"artillerySockets":[{"type":6,"itemId":3231008},{"type":6,"itemId":3231008},{"type":6,"itemId":3231008},{"type":6,"itemId":3231008}],"artilleryAddAtts":[{"type":1,"value":3260}],"armorSockets":[{"type":7,"itemId":3232008},{"type":7,"itemId":3232008},{"type":7,"itemId":3232008},{"type":7,"itemId":3232008},{"type":7,"itemId":3232008}],"armorAddAtts":[{"type":4,"value":9336}],"suitAddAtts":[{"type":11,"value":1}]},"3164002":{"id":3164002,"hasSuitAtt":1,"sailSockets":[{"type":3,"itemId":3230101},{"type":0,"itemId":0},{"type":3,"itemId":3230101},{"type":0,"itemId":0},{"type":3,"itemId":3230101}],"sailAddAtts":[{"type":5,"value":340}],"artillerySockets":[{"type":0,"itemId":0},{"type":6,"itemId":3231101},{"type":6,"itemId":3231101},{"type":0,"itemId":0}],"artilleryAddAtts":[{"type":1,"value":377}],"armorSockets":[{"type":0,"itemId":0},{"type":7,"itemId":3232101},{"type":7,"itemId":3232101},{"type":7,"itemId":3232101},{"type":0,"itemId":0}],"armorAddAtts":[{"type":4,"value":1759}],"suitAddAtts":[{"type":10,"value":50}]},"3164003":{"id":3164003,"hasSuitAtt":1,"sailSockets":[{"type":3,"itemId":3230102},{"type":0,"itemId":0},{"type":3,"itemId":3230102},{"type":0,"itemId":0},{"type":3,"itemId":3230102}],"sailAddAtts":[{"type":5,"value":459}],"artillerySockets":[{"type":0,"itemId":0},{"type":6,"itemId":3231102},{"type":6,"itemId":3231102},{"type":0,"itemId":0}],"artilleryAddAtts":[{"type":1,"value":509}],"armorSockets":[{"type":0,"itemId":0},{"type":7,"itemId":3232102},{"type":7,"itemId":3232102},{"type":7,"itemId":3232102},{"type":0,"itemId":0}],"armorAddAtts":[{"type":4,"value":2375}],"suitAddAtts":[{"type":10,"value":100}]},"3164004":{"id":3164004,"hasSuitAtt":1,"sailSockets":[{"type":3,"itemId":3230103},{"type":0,"itemId":0},{"type":3,"itemId":3230103},{"type":0,"itemId":0},{"type":3,"itemId":3230103}],"sailAddAtts":[{"type":5,"value":620}],"artillerySockets":[{"type":6,"itemId":3231103},{"type":6,"itemId":3231103},{"type":6,"itemId":3231103},{"type":6,"itemId":3231103}],"artilleryAddAtts":[{"type":1,"value":687}],"armorSockets":[{"type":7,"itemId":3232103},{"type":7,"itemId":3232103},{"type":7,"itemId":3232103},{"type":7,"itemId":3232103},{"type":7,"itemId":3232103}],"armorAddAtts":[{"type":4,"value":3206}],"suitAddAtts":[{"type":12,"value":1}]},"3164005":{"id":3164005,"hasSuitAtt":1,"sailSockets":[{"type":3,"itemId":3230104},{"type":3,"itemId":3230104},{"type":3,"itemId":3230104},{"type":3,"itemId":3230104},{"type":3,"itemId":3230104}],"sailAddAtts":[{"type":5,"value":837}],"artillerySockets":[{"type":6,"itemId":3231104},{"type":6,"itemId":3231104},{"type":6,"itemId":3231104},{"type":6,"itemId":3231104}],"artilleryAddAtts":[{"type":1,"value":927}],"armorSockets":[{"type":7,"itemId":3232104},{"type":7,"itemId":3232104},{"type":7,"itemId":3232104},{"type":7,"itemId":3232104},{"type":7,"itemId":3232104}],"armorAddAtts":[{"type":4,"value":4328}],"suitAddAtts":[{"type":12,"value":1}]},"3164006":{"id":3164006,"hasSuitAtt":1,"sailSockets":[{"type":3,"itemId":3230105},{"type":3,"itemId":3230105},{"type":3,"itemId":3230105},{"type":3,"itemId":3230105},{"type":3,"itemId":3230105}],"sailAddAtts":[{"type":5,"value":1130}],"artillerySockets":[{"type":6,"itemId":3231105},{"type":6,"itemId":3231105},{"type":6,"itemId":3231105},{"type":6,"itemId":3231105}],"artilleryAddAtts":[{"type":1,"value":1252}],"armorSockets":[{"type":7,"itemId":3232105},{"type":7,"itemId":3232105},{"type":7,"itemId":3232105},{"type":7,"itemId":3232105},{"type":7,"itemId":3232105}],"armorAddAtts":[{"type":4,"value":5842}],"suitAddAtts":[{"type":12,"value":1}]},"3164007":{"id":3164007,"hasSuitAtt":1,"sailSockets":[{"type":3,"itemId":3230106},{"type":3,"itemId":3230106},{"type":3,"itemId":3230106},{"type":3,"itemId":3230106},{"type":3,"itemId":3230106}],"sailAddAtts":[{"type":5,"value":1412}],"artillerySockets":[{"type":6,"itemId":3231106},{"type":6,"itemId":3231106},{"type":6,"itemId":3231106},{"type":6,"itemId":3231106}],"artilleryAddAtts":[{"type":1,"value":1565}],"armorSockets":[{"type":7,"itemId":3232106},{"type":7,"itemId":3232106},{"type":7,"itemId":3232106},{"type":7,"itemId":3232106},{"type":7,"itemId":3232106}],"armorAddAtts":[{"type":4,"value":7303}],"suitAddAtts":[{"type":12,"value":1}]},"3164008":{"id":3164008,"hasSuitAtt":1,"sailSockets":[{"type":3,"itemId":3230107},{"type":3,"itemId":3230107},{"type":3,"itemId":3230107},{"type":3,"itemId":3230107},{"type":3,"itemId":3230107}],"sailAddAtts":[{"type":5,"value":1766}],"artillerySockets":[{"type":6,"itemId":3231107},{"type":6,"itemId":3231107},{"type":6,"itemId":3231107},{"type":6,"itemId":3231107}],"artilleryAddAtts":[{"type":1,"value":1956}],"armorSockets":[{"type":7,"itemId":3232107},{"type":7,"itemId":3232107},{"type":7,"itemId":3232107},{"type":7,"itemId":3232107},{"type":7,"itemId":3232107}],"armorAddAtts":[{"type":4,"value":9128}],"suitAddAtts":[{"type":12,"value":1}]},"3164009":{"id":3164009,"hasSuitAtt":1,"sailSockets":[{"type":3,"itemId":3230108},{"type":3,"itemId":3230108},{"type":3,"itemId":3230108},{"type":3,"itemId":3230108},{"type":3,"itemId":3230108}],"sailAddAtts":[{"type":5,"value":2207}],"artillerySockets":[{"type":6,"itemId":3231108},{"type":6,"itemId":3231108},{"type":6,"itemId":3231108},{"type":6,"itemId":3231108}],"artilleryAddAtts":[{"type":1,"value":2445}],"armorSockets":[{"type":7,"itemId":3232108},{"type":7,"itemId":3232108},{"type":7,"itemId":3232108},{"type":7,"itemId":3232108},{"type":7,"itemId":3232108}],"armorAddAtts":[{"type":4,"value":11411}],"suitAddAtts":[{"type":12,"value":1}]}}