{"3110002":{"1":{"itemId":3110002,"type":1,"order":1,"isShowMerge":1,"mergeMoney":5000,"condition":[{"operation":3,"param":"3100004-1-1","callback":1},{"operation":3,"param":"3332010-5-1","callback":5},{"operation":3,"param":"3333010-5-1","callback":5},{"operation":0,"param":"","callback":0},{"operation":0,"param":"","callback":0}]}},"3131001":{"1":{"itemId":3131001,"type":1,"order":2,"isShowMerge":1,"mergeMoney":5000,"condition":[{"operation":3,"param":"3100004-1-1","callback":1},{"operation":3,"param":"3332010-5-1","callback":5},{"operation":3,"param":"3333010-5-1","callback":5},{"operation":3,"param":"3400019-10-1","callback":10},{"operation":0,"param":"","callback":0}]},"2":{"itemId":3131001,"type":2,"order":2,"isShowMerge":1,"mergeMoney":5000,"condition":[{"operation":3,"param":"3110002-1-1","callback":1},{"operation":3,"param":"3400019-10-1","callback":10},{"operation":0,"param":"","callback":0},{"operation":0,"param":"","callback":0},{"operation":0,"param":"","callback":0}]}},"3161001":{"1":{"itemId":3161001,"type":1,"order":3,"isShowMerge":1,"mergeMoney":10000,"condition":[{"operation":3,"param":"3110002-1-1","callback":1},{"operation":3,"param":"3331001-1-1","callback":1},{"operation":3,"param":"3332001-10-1","callback":10},{"operation":3,"param":"3333001-10-1","callback":10},{"operation":0,"param":"","callback":0}]}},"3131002":{"1":{"itemId":3131002,"type":1,"order":4,"isShowMerge":1,"mergeMoney":10000,"condition":[{"operation":3,"param":"3131001-1-1","callback":1},{"operation":3,"param":"3331001-1-1","callback":1},{"operation":3,"param":"3332001-10-1","callback":10},{"operation":3,"param":"3333001-10-1","callback":10},{"operation":3,"param":"3400019-5-1","callback":5}]},"2":{"itemId":3131002,"type":2,"order":4,"isShowMerge":1,"mergeMoney":10000,"condition":[{"operation":3,"param":"3161001-1-1","callback":1},{"operation":3,"param":"3400019-15-1","callback":15},{"operation":0,"param":"","callback":0},{"operation":0,"param":"","callback":0},{"operation":0,"param":"","callback":0}]}},"3161002":{"1":{"itemId":3161002,"type":1,"order":5,"isShowMerge":1,"mergeMoney":50000,"condition":[{"operation":3,"param":"3161001-1-1","callback":1},{"operation":3,"param":"3331002-1-1","callback":1},{"operation":3,"param":"3332002-50-1","callback":50},{"operation":3,"param":"3333002-50-1","callback":50},{"operation":0,"param":"","callback":0}]},"3":{"itemId":3161002,"type":3,"order":5,"isShowMerge":1,"mergeMoney":50000,"condition":[{"operation":3,"param":"3164002-1-1","callback":1},{"operation":0,"param":"","callback":0},{"operation":0,"param":"","callback":0},{"operation":0,"param":"","callback":0},{"operation":0,"param":"","callback":0}]}},"3164002":{"1":{"itemId":3164002,"type":1,"order":7,"isShowMerge":1,"mergeMoney":50000,"condition":[{"operation":3,"param":"3161001-1-1","callback":1},{"operation":3,"param":"3331002-1-1","callback":1},{"operation":3,"param":"3332002-50-1","callback":50},{"operation":3,"param":"3333002-50-1","callback":50},{"operation":0,"param":"","callback":0}]},"3":{"itemId":3164002,"type":3,"order":7,"isShowMerge":1,"mergeMoney":50000,"condition":[{"operation":3,"param":"3161002-1-1","callback":1},{"operation":0,"param":"","callback":0},{"operation":0,"param":"","callback":0},{"operation":0,"param":"","callback":0},{"operation":0,"param":"","callback":0}]}},"3131003":{"1":{"itemId":3131003,"type":1,"order":6,"isShowMerge":1,"mergeMoney":50000,"condition":[{"operation":3,"param":"3131002-1-1","callback":1},{"operation":3,"param":"3331002-1-1","callback":1},{"operation":3,"param":"3332002-50-1","callback":50},{"operation":3,"param":"3333002-50-1","callback":50},{"operation":3,"param":"3400019-20-1","callback":20}]},"2":{"itemId":3131003,"type":2,"order":6,"isShowMerge":1,"mergeMoney":50000,"condition":[{"operation":3,"param":"3161002-1-1","callback":1},{"operation":3,"param":"3400019-35-1","callback":35},{"operation":0,"param":"","callback":0},{"operation":0,"param":"","callback":0},{"operation":0,"param":"","callback":0}]},"3":{"itemId":3131003,"type":3,"order":6,"isShowMerge":1,"mergeMoney":50000,"condition":[{"operation":3,"param":"3141003-1-1","callback":1},{"operation":0,"param":"","callback":0},{"operation":0,"param":"","callback":0},{"operation":0,"param":"","callback":0},{"operation":0,"param":"","callback":0}]}},"3141003":{"1":{"itemId":3141003,"type":1,"order":8,"isShowMerge":1,"mergeMoney":50000,"condition":[{"operation":3,"param":"3131002-1-1","callback":1},{"operation":3,"param":"3331002-1-1","callback":1},{"operation":3,"param":"3332002-50-1","callback":50},{"operation":3,"param":"3333002-50-1","callback":50},{"operation":3,"param":"3400019-20-1","callback":20}]},"2":{"itemId":3141003,"type":2,"order":8,"isShowMerge":1,"mergeMoney":50000,"condition":[{"operation":3,"param":"3164002-1-1","callback":1},{"operation":3,"param":"3400019-35-1","callback":35},{"operation":0,"param":"","callback":0},{"operation":0,"param":"","callback":0},{"operation":0,"param":"","callback":0}]},"3":{"itemId":3141003,"type":3,"order":8,"isShowMerge":1,"mergeMoney":50000,"condition":[{"operation":3,"param":"3131003-1-1","callback":1},{"operation":0,"param":"","callback":0},{"operation":0,"param":"","callback":0},{"operation":0,"param":"","callback":0},{"operation":0,"param":"","callback":0}]}},"3161003":{"1":{"itemId":3161003,"type":1,"order":9,"isShowMerge":1,"mergeMoney":100000,"condition":[{"operation":3,"param":"3161002-1-1","callback":1},{"operation":3,"param":"3331003-1-1","callback":1},{"operation":3,"param":"3332003-80-1","callback":80},{"operation":3,"param":"3333003-80-1","callback":80},{"operation":0,"param":"","callback":0}]},"3":{"itemId":3161003,"type":3,"order":9,"isShowMerge":1,"mergeMoney":100000,"condition":[{"operation":3,"param":"3164003-1-1","callback":1},{"operation":0,"param":"","callback":0},{"operation":0,"param":"","callback":0},{"operation":0,"param":"","callback":0},{"operation":0,"param":"","callback":0}]}},"3164003":{"1":{"itemId":3164003,"type":1,"order":11,"isShowMerge":1,"mergeMoney":100000,"condition":[{"operation":3,"param":"3164002-1-1","callback":1},{"operation":3,"param":"3331003-1-1","callback":1},{"operation":3,"param":"3332003-80-1","callback":80},{"operation":3,"param":"3333003-80-1","callback":80},{"operation":0,"param":"","callback":0}]},"3":{"itemId":3164003,"type":3,"order":11,"isShowMerge":1,"mergeMoney":100000,"condition":[{"operation":3,"param":"3161003-1-1","callback":1},{"operation":0,"param":"","callback":0},{"operation":0,"param":"","callback":0},{"operation":0,"param":"","callback":0},{"operation":0,"param":"","callback":0}]}},"3131004":{"1":{"itemId":3131004,"type":1,"order":10,"isShowMerge":1,"mergeMoney":100000,"condition":[{"operation":3,"param":"3131003-1-1","callback":1},{"operation":3,"param":"3331003-1-1","callback":1},{"operation":3,"param":"3332003-80-1","callback":80},{"operation":3,"param":"3333003-80-1","callback":80},{"operation":3,"param":"3400019-35-1","callback":35}]},"2":{"itemId":3131004,"type":2,"order":10,"isShowMerge":1,"mergeMoney":100000,"condition":[{"operation":3,"param":"3161003-1-1","callback":1},{"operation":3,"param":"3400019-70-1","callback":70},{"operation":0,"param":"","callback":0},{"operation":0,"param":"","callback":0},{"operation":0,"param":"","callback":0}]},"3":{"itemId":3131004,"type":3,"order":10,"isShowMerge":1,"mergeMoney":100000,"condition":[{"operation":3,"param":"3141004-1-1","callback":1},{"operation":0,"param":"","callback":0},{"operation":0,"param":"","callback":0},{"operation":0,"param":"","callback":0},{"operation":0,"param":"","callback":0}]}},"3141004":{"1":{"itemId":3141004,"type":1,"order":12,"isShowMerge":1,"mergeMoney":100000,"condition":[{"operation":3,"param":"3141003-1-1","callback":1},{"operation":3,"param":"3331003-1-1","callback":1},{"operation":3,"param":"3332003-80-1","callback":80},{"operation":3,"param":"3333003-80-1","callback":80},{"operation":3,"param":"3400019-35-1","callback":35}]},"2":{"itemId":3141004,"type":2,"order":12,"isShowMerge":1,"mergeMoney":100000,"condition":[{"operation":3,"param":"3164003-1-1","callback":1},{"operation":3,"param":"3400019-70-1","callback":70},{"operation":0,"param":"","callback":0},{"operation":0,"param":"","callback":0},{"operation":0,"param":"","callback":0}]},"3":{"itemId":3141004,"type":3,"order":12,"isShowMerge":1,"mergeMoney":100000,"condition":[{"operation":3,"param":"3131004-1-1","callback":1},{"operation":0,"param":"","callback":0},{"operation":0,"param":"","callback":0},{"operation":0,"param":"","callback":0},{"operation":0,"param":"","callback":0}]}},"3161004":{"1":{"itemId":3161004,"type":1,"order":13,"isShowMerge":1,"mergeMoney":500000,"condition":[{"operation":3,"param":"3161003-1-1","callback":1},{"operation":3,"param":"3331004-1-1","callback":1},{"operation":3,"param":"3332004-125-1","callback":125},{"operation":3,"param":"3333004-125-1","callback":125},{"operation":0,"param":"","callback":0}]},"3":{"itemId":3161004,"type":3,"order":13,"isShowMerge":1,"mergeMoney":500000,"condition":[{"operation":3,"param":"3164004-1-1","callback":1},{"operation":0,"param":"","callback":0},{"operation":0,"param":"","callback":0},{"operation":0,"param":"","callback":0},{"operation":0,"param":"","callback":0}]}},"3164004":{"1":{"itemId":3164004,"type":1,"order":15,"isShowMerge":1,"mergeMoney":500000,"condition":[{"operation":3,"param":"3164003-1-1","callback":1},{"operation":3,"param":"3331004-1-1","callback":1},{"operation":3,"param":"3332004-125-1","callback":125},{"operation":3,"param":"3333004-125-1","callback":125},{"operation":0,"param":"","callback":0}]},"3":{"itemId":3164004,"type":3,"order":15,"isShowMerge":1,"mergeMoney":500000,"condition":[{"operation":3,"param":"3161004-1-1","callback":1},{"operation":0,"param":"","callback":0},{"operation":0,"param":"","callback":0},{"operation":0,"param":"","callback":0},{"operation":0,"param":"","callback":0}]}},"3131005":{"1":{"itemId":3131005,"type":1,"order":14,"isShowMerge":1,"mergeMoney":500000,"condition":[{"operation":3,"param":"3131004-1-1","callback":1},{"operation":3,"param":"3331004-1-1","callback":1},{"operation":3,"param":"3332004-125-1","callback":125},{"operation":3,"param":"3333004-125-1","callback":125},{"operation":3,"param":"3400019-80-1","callback":80}]},"2":{"itemId":3131005,"type":2,"order":14,"isShowMerge":1,"mergeMoney":500000,"condition":[{"operation":3,"param":"3161004-1-1","callback":1},{"operation":3,"param":"3400019-150-1","callback":150},{"operation":0,"param":"","callback":0},{"operation":0,"param":"","callback":0},{"operation":0,"param":"","callback":0}]},"3":{"itemId":3131005,"type":3,"order":14,"isShowMerge":1,"mergeMoney":500000,"condition":[{"operation":3,"param":"3141005-1-1","callback":1},{"operation":0,"param":"","callback":0},{"operation":0,"param":"","callback":0},{"operation":0,"param":"","callback":0},{"operation":0,"param":"","callback":0}]}},"3141005":{"1":{"itemId":3141005,"type":1,"order":16,"isShowMerge":1,"mergeMoney":500000,"condition":[{"operation":3,"param":"3141004-1-1","callback":1},{"operation":3,"param":"3331004-1-1","callback":1},{"operation":3,"param":"3332004-125-1","callback":125},{"operation":3,"param":"3333004-125-1","callback":125},{"operation":3,"param":"3400019-80-1","callback":80}]},"2":{"itemId":3141005,"type":2,"order":16,"isShowMerge":1,"mergeMoney":500000,"condition":[{"operation":3,"param":"3164004-1-1","callback":1},{"operation":3,"param":"3400019-150-1","callback":150},{"operation":0,"param":"","callback":0},{"operation":0,"param":"","callback":0},{"operation":0,"param":"","callback":0}]},"3":{"itemId":3141005,"type":3,"order":16,"isShowMerge":1,"mergeMoney":500000,"condition":[{"operation":3,"param":"3131005-1-1","callback":1},{"operation":0,"param":"","callback":0},{"operation":0,"param":"","callback":0},{"operation":0,"param":"","callback":0},{"operation":0,"param":"","callback":0}]}},"3161005":{"1":{"itemId":3161005,"type":1,"order":17,"isShowMerge":1,"mergeMoney":1000000,"condition":[{"operation":3,"param":"3161004-1-1","callback":1},{"operation":3,"param":"3331005-1-1","callback":1},{"operation":3,"param":"3332005-180-1","callback":180},{"operation":3,"param":"3333005-180-1","callback":180},{"operation":0,"param":"","callback":0}]},"3":{"itemId":3161005,"type":3,"order":17,"isShowMerge":1,"mergeMoney":1000000,"condition":[{"operation":3,"param":"3164005-1-1","callback":1},{"operation":0,"param":"","callback":0},{"operation":0,"param":"","callback":0},{"operation":0,"param":"","callback":0},{"operation":0,"param":"","callback":0}]}},"3164005":{"1":{"itemId":3164005,"type":1,"order":19,"isShowMerge":1,"mergeMoney":1000000,"condition":[{"operation":3,"param":"3164004-1-1","callback":1},{"operation":3,"param":"3331005-1-1","callback":1},{"operation":3,"param":"3332005-180-1","callback":180},{"operation":3,"param":"3333005-180-1","callback":180},{"operation":0,"param":"","callback":0}]},"3":{"itemId":3164005,"type":3,"order":19,"isShowMerge":1,"mergeMoney":1000000,"condition":[{"operation":3,"param":"3161005-1-1","callback":1},{"operation":0,"param":"","callback":0},{"operation":0,"param":"","callback":0},{"operation":0,"param":"","callback":0},{"operation":0,"param":"","callback":0}]}},"3131006":{"1":{"itemId":3131006,"type":1,"order":18,"isShowMerge":1,"mergeMoney":1000000,"condition":[{"operation":3,"param":"3131005-1-1","callback":1},{"operation":3,"param":"3331005-1-1","callback":1},{"operation":3,"param":"3332005-180-1","callback":180},{"operation":3,"param":"3333005-180-1","callback":180},{"operation":3,"param":"3400019-150-1","callback":150}]},"2":{"itemId":3131006,"type":2,"order":18,"isShowMerge":1,"mergeMoney":1000000,"condition":[{"operation":3,"param":"3161005-1-1","callback":1},{"operation":3,"param":"3400019-300-1","callback":300},{"operation":0,"param":"","callback":0},{"operation":0,"param":"","callback":0},{"operation":0,"param":"","callback":0}]},"3":{"itemId":3131006,"type":3,"order":18,"isShowMerge":1,"mergeMoney":1000000,"condition":[{"operation":3,"param":"3141006-1-1","callback":1},{"operation":0,"param":"","callback":0},{"operation":0,"param":"","callback":0},{"operation":0,"param":"","callback":0},{"operation":0,"param":"","callback":0}]}},"3141006":{"1":{"itemId":3141006,"type":1,"order":20,"isShowMerge":1,"mergeMoney":1000000,"condition":[{"operation":3,"param":"3141005-1-1","callback":1},{"operation":3,"param":"3331005-1-1","callback":1},{"operation":3,"param":"3332005-180-1","callback":180},{"operation":3,"param":"3333005-180-1","callback":180},{"operation":3,"param":"3400019-150-1","callback":150}]},"2":{"itemId":3141006,"type":2,"order":20,"isShowMerge":1,"mergeMoney":1000000,"condition":[{"operation":3,"param":"3164005-1-1","callback":1},{"operation":3,"param":"3400019-300-1","callback":300},{"operation":0,"param":"","callback":0},{"operation":0,"param":"","callback":0},{"operation":0,"param":"","callback":0}]},"3":{"itemId":3141006,"type":3,"order":20,"isShowMerge":1,"mergeMoney":1000000,"condition":[{"operation":3,"param":"3131006-1-1","callback":1},{"operation":0,"param":"","callback":0},{"operation":0,"param":"","callback":0},{"operation":0,"param":"","callback":0},{"operation":0,"param":"","callback":0}]}},"3161006":{"1":{"itemId":3161006,"type":1,"order":21,"isShowMerge":1,"mergeMoney":2000000,"condition":[{"operation":3,"param":"3161005-1-1","callback":1},{"operation":3,"param":"3331006-1-1","callback":1},{"operation":3,"param":"3332006-250-1","callback":250},{"operation":3,"param":"3333006-250-1","callback":250},{"operation":0,"param":"","callback":0}]},"3":{"itemId":3161006,"type":3,"order":21,"isShowMerge":1,"mergeMoney":2000000,"condition":[{"operation":3,"param":"3164006-1-1","callback":1},{"operation":0,"param":"","callback":0},{"operation":0,"param":"","callback":0},{"operation":0,"param":"","callback":0},{"operation":0,"param":"","callback":0}]}},"3164006":{"1":{"itemId":3164006,"type":1,"order":23,"isShowMerge":1,"mergeMoney":2000000,"condition":[{"operation":3,"param":"3164005-1-1","callback":1},{"operation":3,"param":"3331006-1-1","callback":1},{"operation":3,"param":"3332006-250-1","callback":250},{"operation":3,"param":"3333006-250-1","callback":250},{"operation":0,"param":"","callback":0}]},"3":{"itemId":3164006,"type":3,"order":23,"isShowMerge":1,"mergeMoney":2000000,"condition":[{"operation":3,"param":"3161006-1-1","callback":1},{"operation":0,"param":"","callback":0},{"operation":0,"param":"","callback":0},{"operation":0,"param":"","callback":0},{"operation":0,"param":"","callback":0}]}},"3131007":{"1":{"itemId":3131007,"type":1,"order":22,"isShowMerge":1,"mergeMoney":2000000,"condition":[{"operation":3,"param":"3131006-1-1","callback":1},{"operation":3,"param":"3331006-1-1","callback":1},{"operation":3,"param":"3332006-250-1","callback":250},{"operation":3,"param":"3333006-250-1","callback":250},{"operation":3,"param":"3400019-250-1","callback":250}]},"2":{"itemId":3131007,"type":2,"order":22,"isShowMerge":1,"mergeMoney":2000000,"condition":[{"operation":3,"param":"3161006-1-1","callback":1},{"operation":3,"param":"3400019-550-1","callback":550},{"operation":0,"param":"","callback":0},{"operation":0,"param":"","callback":0},{"operation":0,"param":"","callback":0}]},"3":{"itemId":3131007,"type":3,"order":22,"isShowMerge":1,"mergeMoney":2000000,"condition":[{"operation":3,"param":"3141007-1-1","callback":1},{"operation":0,"param":"","callback":0},{"operation":0,"param":"","callback":0},{"operation":0,"param":"","callback":0},{"operation":0,"param":"","callback":0}]}},"3141007":{"1":{"itemId":3141007,"type":1,"order":24,"isShowMerge":1,"mergeMoney":2000000,"condition":[{"operation":3,"param":"3141006-1-1","callback":1},{"operation":3,"param":"3331006-1-1","callback":1},{"operation":3,"param":"3332006-250-1","callback":250},{"operation":3,"param":"3333006-250-1","callback":250},{"operation":3,"param":"3400019-250-1","callback":250}]},"2":{"itemId":3141007,"type":2,"order":24,"isShowMerge":1,"mergeMoney":2000000,"condition":[{"operation":3,"param":"3164006-1-1","callback":1},{"operation":3,"param":"3400019-550-1","callback":550},{"operation":0,"param":"","callback":0},{"operation":0,"param":"","callback":0},{"operation":0,"param":"","callback":0}]},"3":{"itemId":3141007,"type":3,"order":24,"isShowMerge":1,"mergeMoney":2000000,"condition":[{"operation":3,"param":"3131007-1-1","callback":1},{"operation":0,"param":"","callback":0},{"operation":0,"param":"","callback":0},{"operation":0,"param":"","callback":0},{"operation":0,"param":"","callback":0}]}},"3161007":{"1":{"itemId":3161007,"type":1,"order":25,"isShowMerge":1,"mergeMoney":3000000,"condition":[{"operation":3,"param":"3161006-1-1","callback":1},{"operation":3,"param":"3331007-1-1","callback":1},{"operation":3,"param":"3332007-400-1","callback":400},{"operation":3,"param":"3333007-400-1","callback":400},{"operation":0,"param":"","callback":0}]},"3":{"itemId":3161007,"type":3,"order":25,"isShowMerge":1,"mergeMoney":3000000,"condition":[{"operation":3,"param":"3164007-1-1","callback":1},{"operation":0,"param":"","callback":0},{"operation":0,"param":"","callback":0},{"operation":0,"param":"","callback":0},{"operation":0,"param":"","callback":0}]}},"3164007":{"1":{"itemId":3164007,"type":1,"order":26,"isShowMerge":1,"mergeMoney":3000000,"condition":[{"operation":3,"param":"3164006-1-1","callback":1},{"operation":3,"param":"3331007-1-1","callback":1},{"operation":3,"param":"3332007-400-1","callback":400},{"operation":3,"param":"3333007-400-1","callback":400},{"operation":0,"param":"","callback":0}]},"3":{"itemId":3164007,"type":3,"order":26,"isShowMerge":1,"mergeMoney":3000000,"condition":[{"operation":3,"param":"3161007-1-1","callback":1},{"operation":0,"param":"","callback":0},{"operation":0,"param":"","callback":0},{"operation":0,"param":"","callback":0},{"operation":0,"param":"","callback":0}]}}}