{"1":{"level":1,"refineStoneConsume":10,"moveSpeedAtt":1,"hpAtt":50,"mpAtt":10,"attAtt":10,"defAtt":5,"handSpeedAtt":5,"moveSpeedDef":1,"hpDef":50,"mpDef":10,"attDef":10,"defDef":5,"handSpeedDef":5,"costGold":1},"2":{"level":2,"refineStoneConsume":20,"moveSpeedAtt":1,"hpAtt":50,"mpAtt":10,"attAtt":10,"defAtt":5,"handSpeedAtt":5,"moveSpeedDef":1,"hpDef":50,"mpDef":10,"attDef":10,"defDef":5,"handSpeedDef":5,"costGold":1},"3":{"level":3,"refineStoneConsume":30,"moveSpeedAtt":1,"hpAtt":50,"mpAtt":10,"attAtt":10,"defAtt":5,"handSpeedAtt":5,"moveSpeedDef":1,"hpDef":50,"mpDef":10,"attDef":10,"defDef":5,"handSpeedDef":5,"costGold":1},"4":{"level":4,"refineStoneConsume":40,"moveSpeedAtt":1,"hpAtt":50,"mpAtt":10,"attAtt":10,"defAtt":5,"handSpeedAtt":5,"moveSpeedDef":1,"hpDef":50,"mpDef":10,"attDef":10,"defDef":5,"handSpeedDef":5,"costGold":1},"5":{"level":5,"refineStoneConsume":50,"moveSpeedAtt":1,"hpAtt":50,"mpAtt":10,"attAtt":10,"defAtt":5,"handSpeedAtt":5,"moveSpeedDef":1,"hpDef":50,"mpDef":10,"attDef":10,"defDef":5,"handSpeedDef":5,"costGold":1},"6":{"level":6,"refineStoneConsume":60,"moveSpeedAtt":1,"hpAtt":50,"mpAtt":10,"attAtt":10,"defAtt":5,"handSpeedAtt":5,"moveSpeedDef":1,"hpDef":50,"mpDef":10,"attDef":10,"defDef":5,"handSpeedDef":5,"costGold":1},"7":{"level":7,"refineStoneConsume":70,"moveSpeedAtt":1,"hpAtt":50,"mpAtt":10,"attAtt":10,"defAtt":5,"handSpeedAtt":5,"moveSpeedDef":1,"hpDef":50,"mpDef":10,"attDef":10,"defDef":5,"handSpeedDef":5,"costGold":1},"8":{"level":8,"refineStoneConsume":80,"moveSpeedAtt":1,"hpAtt":50,"mpAtt":10,"attAtt":10,"defAtt":5,"handSpeedAtt":5,"moveSpeedDef":1,"hpDef":50,"mpDef":10,"attDef":10,"defDef":5,"handSpeedDef":5,"costGold":1},"9":{"level":9,"refineStoneConsume":90,"moveSpeedAtt":1,"hpAtt":50,"mpAtt":10,"attAtt":10,"defAtt":5,"handSpeedAtt":5,"moveSpeedDef":1,"hpDef":50,"mpDef":10,"attDef":10,"defDef":5,"handSpeedDef":5,"costGold":1},"10":{"level":10,"refineStoneConsume":100,"moveSpeedAtt":1,"hpAtt":50,"mpAtt":10,"attAtt":10,"defAtt":5,"handSpeedAtt":5,"moveSpeedDef":1,"hpDef":50,"mpDef":10,"attDef":10,"defDef":5,"handSpeedDef":5,"costGold":1},"11":{"level":11,"refineStoneConsume":150,"moveSpeedAtt":1,"hpAtt":50,"mpAtt":10,"attAtt":15,"defAtt":5,"handSpeedAtt":5,"moveSpeedDef":1,"hpDef":50,"mpDef":10,"attDef":15,"defDef":5,"handSpeedDef":5,"costGold":2},"12":{"level":12,"refineStoneConsume":200,"moveSpeedAtt":1,"hpAtt":50,"mpAtt":10,"attAtt":15,"defAtt":5,"handSpeedAtt":5,"moveSpeedDef":1,"hpDef":50,"mpDef":10,"attDef":15,"defDef":5,"handSpeedDef":5,"costGold":2},"13":{"level":13,"refineStoneConsume":250,"moveSpeedAtt":1,"hpAtt":50,"mpAtt":10,"attAtt":15,"defAtt":5,"handSpeedAtt":5,"moveSpeedDef":1,"hpDef":50,"mpDef":10,"attDef":15,"defDef":5,"handSpeedDef":5,"costGold":2},"14":{"level":14,"refineStoneConsume":300,"moveSpeedAtt":1,"hpAtt":50,"mpAtt":10,"attAtt":15,"defAtt":5,"handSpeedAtt":5,"moveSpeedDef":1,"hpDef":50,"mpDef":10,"attDef":15,"defDef":5,"handSpeedDef":5,"costGold":2},"15":{"level":15,"refineStoneConsume":400,"moveSpeedAtt":1,"hpAtt":50,"mpAtt":10,"attAtt":15,"defAtt":5,"handSpeedAtt":5,"moveSpeedDef":1,"hpDef":50,"mpDef":10,"attDef":15,"defDef":5,"handSpeedDef":5,"costGold":2},"16":{"level":16,"refineStoneConsume":500,"moveSpeedAtt":1,"hpAtt":50,"mpAtt":10,"attAtt":15,"defAtt":5,"handSpeedAtt":5,"moveSpeedDef":1,"hpDef":50,"mpDef":10,"attDef":15,"defDef":5,"handSpeedDef":5,"costGold":3},"17":{"level":17,"refineStoneConsume":600,"moveSpeedAtt":1,"hpAtt":50,"mpAtt":10,"attAtt":15,"defAtt":5,"handSpeedAtt":5,"moveSpeedDef":1,"hpDef":50,"mpDef":10,"attDef":15,"defDef":5,"handSpeedDef":5,"costGold":3},"18":{"level":18,"refineStoneConsume":800,"moveSpeedAtt":1,"hpAtt":50,"mpAtt":10,"attAtt":15,"defAtt":5,"handSpeedAtt":5,"moveSpeedDef":1,"hpDef":50,"mpDef":10,"attDef":15,"defDef":5,"handSpeedDef":5,"costGold":3},"19":{"level":19,"refineStoneConsume":1000,"moveSpeedAtt":1,"hpAtt":50,"mpAtt":10,"attAtt":15,"defAtt":5,"handSpeedAtt":5,"moveSpeedDef":1,"hpDef":50,"mpDef":10,"attDef":15,"defDef":5,"handSpeedDef":5,"costGold":3},"20":{"level":20,"refineStoneConsume":1500,"moveSpeedAtt":1,"hpAtt":50,"mpAtt":10,"attAtt":15,"defAtt":5,"handSpeedAtt":5,"moveSpeedDef":1,"hpDef":50,"mpDef":10,"attDef":15,"defDef":5,"handSpeedDef":5,"costGold":5},"21":{"level":21,"refineStoneConsume":2000,"moveSpeedAtt":1,"hpAtt":55,"mpAtt":10,"attAtt":30,"defAtt":5,"handSpeedAtt":5,"moveSpeedDef":1,"hpDef":80,"mpDef":10,"attDef":15,"defDef":15,"handSpeedDef":5,"costGold":6},"22":{"level":22,"refineStoneConsume":2600,"moveSpeedAtt":1,"hpAtt":55,"mpAtt":10,"attAtt":30,"defAtt":5,"handSpeedAtt":5,"moveSpeedDef":1,"hpDef":80,"mpDef":10,"attDef":15,"defDef":15,"handSpeedDef":5,"costGold":8},"23":{"level":23,"refineStoneConsume":3400,"moveSpeedAtt":1,"hpAtt":55,"mpAtt":10,"attAtt":30,"defAtt":5,"handSpeedAtt":5,"moveSpeedDef":1,"hpDef":80,"mpDef":10,"attDef":15,"defDef":15,"handSpeedDef":5,"costGold":10},"24":{"level":24,"refineStoneConsume":4400,"moveSpeedAtt":1,"hpAtt":55,"mpAtt":10,"attAtt":30,"defAtt":5,"handSpeedAtt":5,"moveSpeedDef":1,"hpDef":80,"mpDef":10,"attDef":15,"defDef":15,"handSpeedDef":5,"costGold":10},"25":{"level":25,"refineStoneConsume":5500,"moveSpeedAtt":1,"hpAtt":55,"mpAtt":10,"attAtt":30,"defAtt":5,"handSpeedAtt":5,"moveSpeedDef":1,"hpDef":80,"mpDef":10,"attDef":15,"defDef":15,"handSpeedDef":5,"costGold":10},"26":{"level":26,"refineStoneConsume":6500,"moveSpeedAtt":1,"hpAtt":55,"mpAtt":10,"attAtt":30,"defAtt":5,"handSpeedAtt":5,"moveSpeedDef":1,"hpDef":80,"mpDef":10,"attDef":15,"defDef":15,"handSpeedDef":5,"costGold":15},"27":{"level":27,"refineStoneConsume":7500,"moveSpeedAtt":1,"hpAtt":55,"mpAtt":10,"attAtt":30,"defAtt":5,"handSpeedAtt":5,"moveSpeedDef":1,"hpDef":80,"mpDef":10,"attDef":15,"defDef":15,"handSpeedDef":5,"costGold":15},"28":{"level":28,"refineStoneConsume":8500,"moveSpeedAtt":1,"hpAtt":55,"mpAtt":10,"attAtt":30,"defAtt":5,"handSpeedAtt":5,"moveSpeedDef":1,"hpDef":80,"mpDef":10,"attDef":15,"defDef":15,"handSpeedDef":5,"costGold":15},"29":{"level":29,"refineStoneConsume":9500,"moveSpeedAtt":1,"hpAtt":55,"mpAtt":10,"attAtt":30,"defAtt":5,"handSpeedAtt":5,"moveSpeedDef":1,"hpDef":80,"mpDef":10,"attDef":15,"defDef":15,"handSpeedDef":5,"costGold":15},"30":{"level":30,"refineStoneConsume":10500,"moveSpeedAtt":1,"hpAtt":55,"mpAtt":10,"attAtt":30,"defAtt":5,"handSpeedAtt":5,"moveSpeedDef":1,"hpDef":80,"mpDef":10,"attDef":15,"defDef":15,"handSpeedDef":5,"costGold":15},"31":{"level":31,"refineStoneConsume":11500,"moveSpeedAtt":1,"hpAtt":70,"mpAtt":15,"attAtt":40,"defAtt":10,"handSpeedAtt":5,"moveSpeedDef":1,"hpDef":100,"mpDef":15,"attDef":20,"defDef":20,"handSpeedDef":5,"costGold":20},"32":{"level":32,"refineStoneConsume":12500,"moveSpeedAtt":1,"hpAtt":70,"mpAtt":15,"attAtt":40,"defAtt":10,"handSpeedAtt":5,"moveSpeedDef":1,"hpDef":100,"mpDef":15,"attDef":20,"defDef":20,"handSpeedDef":5,"costGold":20},"33":{"level":33,"refineStoneConsume":13500,"moveSpeedAtt":1,"hpAtt":70,"mpAtt":15,"attAtt":40,"defAtt":10,"handSpeedAtt":5,"moveSpeedDef":1,"hpDef":100,"mpDef":15,"attDef":20,"defDef":20,"handSpeedDef":5,"costGold":20},"34":{"level":34,"refineStoneConsume":14500,"moveSpeedAtt":1,"hpAtt":70,"mpAtt":15,"attAtt":40,"defAtt":10,"handSpeedAtt":5,"moveSpeedDef":1,"hpDef":100,"mpDef":15,"attDef":20,"defDef":20,"handSpeedDef":5,"costGold":20},"35":{"level":35,"refineStoneConsume":15500,"moveSpeedAtt":1,"hpAtt":70,"mpAtt":15,"attAtt":40,"defAtt":10,"handSpeedAtt":5,"moveSpeedDef":1,"hpDef":100,"mpDef":15,"attDef":20,"defDef":20,"handSpeedDef":5,"costGold":20},"36":{"level":36,"refineStoneConsume":16500,"moveSpeedAtt":1,"hpAtt":70,"mpAtt":15,"attAtt":40,"defAtt":10,"handSpeedAtt":5,"moveSpeedDef":1,"hpDef":100,"mpDef":15,"attDef":20,"defDef":20,"handSpeedDef":5,"costGold":25},"37":{"level":37,"refineStoneConsume":17500,"moveSpeedAtt":1,"hpAtt":70,"mpAtt":15,"attAtt":40,"defAtt":10,"handSpeedAtt":5,"moveSpeedDef":1,"hpDef":100,"mpDef":15,"attDef":20,"defDef":20,"handSpeedDef":5,"costGold":25},"38":{"level":38,"refineStoneConsume":18500,"moveSpeedAtt":1,"hpAtt":70,"mpAtt":15,"attAtt":40,"defAtt":10,"handSpeedAtt":5,"moveSpeedDef":1,"hpDef":100,"mpDef":15,"attDef":20,"defDef":20,"handSpeedDef":5,"costGold":25},"39":{"level":39,"refineStoneConsume":19500,"moveSpeedAtt":1,"hpAtt":70,"mpAtt":15,"attAtt":40,"defAtt":10,"handSpeedAtt":5,"moveSpeedDef":1,"hpDef":100,"mpDef":15,"attDef":20,"defDef":20,"handSpeedDef":5,"costGold":25},"40":{"level":40,"refineStoneConsume":20500,"moveSpeedAtt":1,"hpAtt":70,"mpAtt":15,"attAtt":40,"defAtt":10,"handSpeedAtt":5,"moveSpeedDef":1,"hpDef":100,"mpDef":15,"attDef":20,"defDef":20,"handSpeedDef":5,"costGold":25},"41":{"level":41,"refineStoneConsume":21500,"moveSpeedAtt":1,"hpAtt":100,"mpAtt":25,"attAtt":50,"defAtt":20,"handSpeedAtt":5,"moveSpeedDef":1,"hpDef":150,"mpDef":25,"attDef":35,"defDef":30,"handSpeedDef":5,"costGold":30},"42":{"level":42,"refineStoneConsume":22500,"moveSpeedAtt":1,"hpAtt":100,"mpAtt":25,"attAtt":50,"defAtt":20,"handSpeedAtt":5,"moveSpeedDef":1,"hpDef":150,"mpDef":25,"attDef":35,"defDef":30,"handSpeedDef":5,"costGold":30},"43":{"level":43,"refineStoneConsume":23500,"moveSpeedAtt":1,"hpAtt":100,"mpAtt":25,"attAtt":50,"defAtt":20,"handSpeedAtt":5,"moveSpeedDef":1,"hpDef":150,"mpDef":25,"attDef":35,"defDef":30,"handSpeedDef":5,"costGold":30},"44":{"level":44,"refineStoneConsume":24500,"moveSpeedAtt":1,"hpAtt":100,"mpAtt":25,"attAtt":50,"defAtt":20,"handSpeedAtt":5,"moveSpeedDef":1,"hpDef":150,"mpDef":25,"attDef":35,"defDef":30,"handSpeedDef":5,"costGold":30},"45":{"level":45,"refineStoneConsume":25500,"moveSpeedAtt":1,"hpAtt":100,"mpAtt":25,"attAtt":50,"defAtt":20,"handSpeedAtt":5,"moveSpeedDef":1,"hpDef":150,"mpDef":25,"attDef":35,"defDef":30,"handSpeedDef":5,"costGold":30},"46":{"level":46,"refineStoneConsume":26500,"moveSpeedAtt":1,"hpAtt":100,"mpAtt":25,"attAtt":50,"defAtt":20,"handSpeedAtt":5,"moveSpeedDef":1,"hpDef":150,"mpDef":25,"attDef":35,"defDef":30,"handSpeedDef":5,"costGold":35},"47":{"level":47,"refineStoneConsume":27500,"moveSpeedAtt":1,"hpAtt":100,"mpAtt":25,"attAtt":50,"defAtt":20,"handSpeedAtt":5,"moveSpeedDef":1,"hpDef":150,"mpDef":25,"attDef":35,"defDef":30,"handSpeedDef":5,"costGold":35},"48":{"level":48,"refineStoneConsume":28500,"moveSpeedAtt":1,"hpAtt":100,"mpAtt":25,"attAtt":50,"defAtt":20,"handSpeedAtt":5,"moveSpeedDef":1,"hpDef":150,"mpDef":25,"attDef":35,"defDef":30,"handSpeedDef":5,"costGold":35},"49":{"level":49,"refineStoneConsume":29500,"moveSpeedAtt":1,"hpAtt":100,"mpAtt":25,"attAtt":50,"defAtt":20,"handSpeedAtt":5,"moveSpeedDef":1,"hpDef":150,"mpDef":25,"attDef":35,"defDef":30,"handSpeedDef":5,"costGold":35},"50":{"level":50,"refineStoneConsume":30500,"moveSpeedAtt":1,"hpAtt":100,"mpAtt":25,"attAtt":50,"defAtt":20,"handSpeedAtt":5,"moveSpeedDef":1,"hpDef":150,"mpDef":25,"attDef":35,"defDef":30,"handSpeedDef":5,"costGold":35},"51":{"level":51,"refineStoneConsume":31500,"moveSpeedAtt":1,"hpAtt":150,"mpAtt":40,"attAtt":60,"defAtt":30,"handSpeedAtt":5,"moveSpeedDef":1,"hpDef":250,"mpDef":35,"attDef":45,"defDef":40,"handSpeedDef":5,"costGold":40},"52":{"level":52,"refineStoneConsume":32500,"moveSpeedAtt":1,"hpAtt":150,"mpAtt":40,"attAtt":60,"defAtt":30,"handSpeedAtt":5,"moveSpeedDef":1,"hpDef":250,"mpDef":35,"attDef":45,"defDef":40,"handSpeedDef":5,"costGold":40},"53":{"level":53,"refineStoneConsume":33500,"moveSpeedAtt":1,"hpAtt":150,"mpAtt":40,"attAtt":60,"defAtt":30,"handSpeedAtt":5,"moveSpeedDef":1,"hpDef":250,"mpDef":35,"attDef":45,"defDef":40,"handSpeedDef":5,"costGold":40},"54":{"level":54,"refineStoneConsume":34500,"moveSpeedAtt":1,"hpAtt":150,"mpAtt":40,"attAtt":60,"defAtt":30,"handSpeedAtt":5,"moveSpeedDef":1,"hpDef":250,"mpDef":35,"attDef":45,"defDef":40,"handSpeedDef":5,"costGold":40},"55":{"level":55,"refineStoneConsume":35500,"moveSpeedAtt":1,"hpAtt":150,"mpAtt":40,"attAtt":60,"defAtt":30,"handSpeedAtt":5,"moveSpeedDef":1,"hpDef":250,"mpDef":35,"attDef":45,"defDef":40,"handSpeedDef":5,"costGold":40},"56":{"level":56,"refineStoneConsume":36500,"moveSpeedAtt":1,"hpAtt":150,"mpAtt":40,"attAtt":60,"defAtt":30,"handSpeedAtt":5,"moveSpeedDef":1,"hpDef":250,"mpDef":35,"attDef":45,"defDef":40,"handSpeedDef":5,"costGold":45},"57":{"level":57,"refineStoneConsume":37500,"moveSpeedAtt":1,"hpAtt":150,"mpAtt":40,"attAtt":60,"defAtt":30,"handSpeedAtt":5,"moveSpeedDef":1,"hpDef":250,"mpDef":35,"attDef":45,"defDef":40,"handSpeedDef":5,"costGold":45},"58":{"level":58,"refineStoneConsume":38500,"moveSpeedAtt":1,"hpAtt":150,"mpAtt":40,"attAtt":60,"defAtt":30,"handSpeedAtt":5,"moveSpeedDef":1,"hpDef":250,"mpDef":35,"attDef":45,"defDef":40,"handSpeedDef":5,"costGold":45},"59":{"level":59,"refineStoneConsume":39500,"moveSpeedAtt":1,"hpAtt":150,"mpAtt":40,"attAtt":60,"defAtt":30,"handSpeedAtt":5,"moveSpeedDef":1,"hpDef":250,"mpDef":35,"attDef":45,"defDef":40,"handSpeedDef":5,"costGold":45},"60":{"level":60,"refineStoneConsume":40500,"moveSpeedAtt":1,"hpAtt":150,"mpAtt":40,"attAtt":60,"defAtt":30,"handSpeedAtt":5,"moveSpeedDef":1,"hpDef":250,"mpDef":35,"attDef":45,"defDef":40,"handSpeedDef":5,"costGold":45},"61":{"level":61,"refineStoneConsume":41500,"moveSpeedAtt":1,"hpAtt":300,"mpAtt":60,"attAtt":80,"defAtt":40,"handSpeedAtt":5,"moveSpeedDef":1,"hpDef":400,"mpDef":60,"attDef":60,"defDef":70,"handSpeedDef":5,"costGold":50},"62":{"level":62,"refineStoneConsume":43000,"moveSpeedAtt":1,"hpAtt":300,"mpAtt":60,"attAtt":80,"defAtt":40,"handSpeedAtt":5,"moveSpeedDef":1,"hpDef":400,"mpDef":60,"attDef":60,"defDef":70,"handSpeedDef":5,"costGold":50},"63":{"level":63,"refineStoneConsume":44500,"moveSpeedAtt":1,"hpAtt":300,"mpAtt":60,"attAtt":80,"defAtt":40,"handSpeedAtt":5,"moveSpeedDef":1,"hpDef":400,"mpDef":60,"attDef":60,"defDef":70,"handSpeedDef":5,"costGold":50},"64":{"level":64,"refineStoneConsume":46000,"moveSpeedAtt":1,"hpAtt":300,"mpAtt":60,"attAtt":80,"defAtt":40,"handSpeedAtt":5,"moveSpeedDef":1,"hpDef":400,"mpDef":60,"attDef":60,"defDef":70,"handSpeedDef":5,"costGold":50},"65":{"level":65,"refineStoneConsume":47500,"moveSpeedAtt":1,"hpAtt":300,"mpAtt":60,"attAtt":80,"defAtt":40,"handSpeedAtt":5,"moveSpeedDef":1,"hpDef":400,"mpDef":60,"attDef":60,"defDef":70,"handSpeedDef":5,"costGold":50},"66":{"level":66,"refineStoneConsume":49000,"moveSpeedAtt":1,"hpAtt":300,"mpAtt":60,"attAtt":80,"defAtt":40,"handSpeedAtt":5,"moveSpeedDef":1,"hpDef":400,"mpDef":60,"attDef":60,"defDef":70,"handSpeedDef":5,"costGold":55},"67":{"level":67,"refineStoneConsume":50500,"moveSpeedAtt":1,"hpAtt":300,"mpAtt":60,"attAtt":80,"defAtt":40,"handSpeedAtt":5,"moveSpeedDef":1,"hpDef":400,"mpDef":60,"attDef":60,"defDef":70,"handSpeedDef":5,"costGold":55},"68":{"level":68,"refineStoneConsume":52000,"moveSpeedAtt":1,"hpAtt":300,"mpAtt":60,"attAtt":80,"defAtt":40,"handSpeedAtt":5,"moveSpeedDef":1,"hpDef":400,"mpDef":60,"attDef":60,"defDef":70,"handSpeedDef":5,"costGold":55},"69":{"level":69,"refineStoneConsume":53500,"moveSpeedAtt":1,"hpAtt":300,"mpAtt":60,"attAtt":80,"defAtt":40,"handSpeedAtt":5,"moveSpeedDef":1,"hpDef":400,"mpDef":60,"attDef":60,"defDef":70,"handSpeedDef":5,"costGold":55},"70":{"level":70,"refineStoneConsume":55000,"moveSpeedAtt":1,"hpAtt":300,"mpAtt":60,"attAtt":80,"defAtt":40,"handSpeedAtt":5,"moveSpeedDef":1,"hpDef":400,"mpDef":60,"attDef":60,"defDef":70,"handSpeedDef":5,"costGold":55},"71":{"level":71,"refineStoneConsume":60000,"moveSpeedAtt":1,"hpAtt":300,"mpAtt":80,"attAtt":100,"defAtt":50,"handSpeedAtt":5,"moveSpeedDef":1,"hpDef":500,"mpDef":70,"attDef":90,"defDef":100,"handSpeedDef":5,"costGold":60},"72":{"level":72,"refineStoneConsume":65000,"moveSpeedAtt":1,"hpAtt":300,"mpAtt":80,"attAtt":100,"defAtt":50,"handSpeedAtt":5,"moveSpeedDef":1,"hpDef":500,"mpDef":70,"attDef":90,"defDef":100,"handSpeedDef":5,"costGold":60},"73":{"level":73,"refineStoneConsume":70000,"moveSpeedAtt":1,"hpAtt":300,"mpAtt":80,"attAtt":100,"defAtt":50,"handSpeedAtt":5,"moveSpeedDef":1,"hpDef":500,"mpDef":70,"attDef":90,"defDef":100,"handSpeedDef":5,"costGold":60},"74":{"level":74,"refineStoneConsume":75000,"moveSpeedAtt":1,"hpAtt":300,"mpAtt":80,"attAtt":100,"defAtt":50,"handSpeedAtt":5,"moveSpeedDef":1,"hpDef":500,"mpDef":70,"attDef":90,"defDef":100,"handSpeedDef":5,"costGold":60},"75":{"level":75,"refineStoneConsume":80000,"moveSpeedAtt":1,"hpAtt":300,"mpAtt":80,"attAtt":100,"defAtt":50,"handSpeedAtt":5,"moveSpeedDef":1,"hpDef":500,"mpDef":70,"attDef":90,"defDef":100,"handSpeedDef":5,"costGold":60},"76":{"level":76,"refineStoneConsume":85000,"moveSpeedAtt":1,"hpAtt":300,"mpAtt":80,"attAtt":100,"defAtt":50,"handSpeedAtt":5,"moveSpeedDef":1,"hpDef":500,"mpDef":70,"attDef":90,"defDef":100,"handSpeedDef":5,"costGold":65},"77":{"level":77,"refineStoneConsume":90000,"moveSpeedAtt":1,"hpAtt":300,"mpAtt":80,"attAtt":100,"defAtt":50,"handSpeedAtt":5,"moveSpeedDef":1,"hpDef":500,"mpDef":70,"attDef":90,"defDef":100,"handSpeedDef":5,"costGold":65},"78":{"level":78,"refineStoneConsume":95000,"moveSpeedAtt":1,"hpAtt":300,"mpAtt":80,"attAtt":100,"defAtt":50,"handSpeedAtt":5,"moveSpeedDef":1,"hpDef":500,"mpDef":70,"attDef":90,"defDef":100,"handSpeedDef":5,"costGold":65},"79":{"level":79,"refineStoneConsume":100000,"moveSpeedAtt":1,"hpAtt":300,"mpAtt":80,"attAtt":100,"defAtt":50,"handSpeedAtt":5,"moveSpeedDef":1,"hpDef":500,"mpDef":70,"attDef":90,"defDef":100,"handSpeedDef":5,"costGold":65},"80":{"level":80,"refineStoneConsume":100000,"moveSpeedAtt":1,"hpAtt":300,"mpAtt":80,"attAtt":100,"defAtt":50,"handSpeedAtt":5,"moveSpeedDef":1,"hpDef":500,"mpDef":70,"attDef":90,"defDef":100,"handSpeedDef":5,"costGold":65},"81":{"level":81,"refineStoneConsume":100000,"moveSpeedAtt":1,"hpAtt":500,"mpAtt":100,"attAtt":200,"defAtt":70,"handSpeedAtt":5,"moveSpeedDef":1,"hpDef":600,"mpDef":90,"attDef":100,"defDef":120,"handSpeedDef":5,"costGold":70},"82":{"level":82,"refineStoneConsume":100000,"moveSpeedAtt":1,"hpAtt":500,"mpAtt":100,"attAtt":200,"defAtt":70,"handSpeedAtt":5,"moveSpeedDef":1,"hpDef":600,"mpDef":90,"attDef":100,"defDef":120,"handSpeedDef":5,"costGold":70},"83":{"level":83,"refineStoneConsume":100000,"moveSpeedAtt":1,"hpAtt":500,"mpAtt":100,"attAtt":200,"defAtt":70,"handSpeedAtt":5,"moveSpeedDef":1,"hpDef":600,"mpDef":90,"attDef":100,"defDef":120,"handSpeedDef":5,"costGold":70},"84":{"level":84,"refineStoneConsume":100000,"moveSpeedAtt":1,"hpAtt":500,"mpAtt":100,"attAtt":200,"defAtt":70,"handSpeedAtt":5,"moveSpeedDef":1,"hpDef":600,"mpDef":90,"attDef":100,"defDef":120,"handSpeedDef":5,"costGold":70},"85":{"level":85,"refineStoneConsume":100000,"moveSpeedAtt":1,"hpAtt":500,"mpAtt":100,"attAtt":200,"defAtt":70,"handSpeedAtt":5,"moveSpeedDef":1,"hpDef":600,"mpDef":90,"attDef":100,"defDef":120,"handSpeedDef":5,"costGold":70},"86":{"level":86,"refineStoneConsume":100000,"moveSpeedAtt":1,"hpAtt":500,"mpAtt":100,"attAtt":200,"defAtt":70,"handSpeedAtt":5,"moveSpeedDef":1,"hpDef":600,"mpDef":90,"attDef":100,"defDef":120,"handSpeedDef":5,"costGold":75},"87":{"level":87,"refineStoneConsume":100000,"moveSpeedAtt":1,"hpAtt":500,"mpAtt":100,"attAtt":200,"defAtt":70,"handSpeedAtt":5,"moveSpeedDef":1,"hpDef":600,"mpDef":90,"attDef":100,"defDef":120,"handSpeedDef":5,"costGold":75},"88":{"level":88,"refineStoneConsume":100000,"moveSpeedAtt":1,"hpAtt":500,"mpAtt":100,"attAtt":200,"defAtt":70,"handSpeedAtt":5,"moveSpeedDef":1,"hpDef":600,"mpDef":90,"attDef":100,"defDef":120,"handSpeedDef":5,"costGold":75},"89":{"level":89,"refineStoneConsume":100000,"moveSpeedAtt":1,"hpAtt":500,"mpAtt":100,"attAtt":200,"defAtt":70,"handSpeedAtt":5,"moveSpeedDef":1,"hpDef":600,"mpDef":90,"attDef":100,"defDef":120,"handSpeedDef":5,"costGold":75},"90":{"level":90,"refineStoneConsume":100000,"moveSpeedAtt":1,"hpAtt":600,"mpAtt":140,"attAtt":300,"defAtt":100,"handSpeedAtt":5,"moveSpeedDef":1,"hpDef":600,"mpDef":90,"attDef":100,"defDef":120,"handSpeedDef":5,"costGold":75},"91":{"level":91,"refineStoneConsume":100000,"moveSpeedAtt":1,"hpAtt":600,"mpAtt":140,"attAtt":300,"defAtt":100,"handSpeedAtt":5,"moveSpeedDef":1,"hpDef":800,"mpDef":120,"attDef":150,"defDef":160,"handSpeedDef":5,"costGold":80},"92":{"level":92,"refineStoneConsume":100000,"moveSpeedAtt":1,"hpAtt":600,"mpAtt":140,"attAtt":300,"defAtt":100,"handSpeedAtt":5,"moveSpeedDef":1,"hpDef":800,"mpDef":120,"attDef":150,"defDef":160,"handSpeedDef":5,"costGold":80},"93":{"level":93,"refineStoneConsume":100000,"moveSpeedAtt":1,"hpAtt":600,"mpAtt":140,"attAtt":300,"defAtt":100,"handSpeedAtt":5,"moveSpeedDef":1,"hpDef":800,"mpDef":120,"attDef":150,"defDef":160,"handSpeedDef":5,"costGold":80},"94":{"level":94,"refineStoneConsume":100000,"moveSpeedAtt":1,"hpAtt":600,"mpAtt":140,"attAtt":300,"defAtt":100,"handSpeedAtt":5,"moveSpeedDef":1,"hpDef":800,"mpDef":120,"attDef":150,"defDef":160,"handSpeedDef":5,"costGold":80},"95":{"level":95,"refineStoneConsume":100000,"moveSpeedAtt":1,"hpAtt":600,"mpAtt":140,"attAtt":300,"defAtt":100,"handSpeedAtt":5,"moveSpeedDef":1,"hpDef":800,"mpDef":120,"attDef":150,"defDef":160,"handSpeedDef":5,"costGold":80},"96":{"level":96,"refineStoneConsume":100000,"moveSpeedAtt":1,"hpAtt":600,"mpAtt":140,"attAtt":300,"defAtt":100,"handSpeedAtt":5,"moveSpeedDef":1,"hpDef":800,"mpDef":120,"attDef":150,"defDef":160,"handSpeedDef":5,"costGold":85},"97":{"level":97,"refineStoneConsume":100000,"moveSpeedAtt":1,"hpAtt":600,"mpAtt":140,"attAtt":300,"defAtt":100,"handSpeedAtt":5,"moveSpeedDef":1,"hpDef":800,"mpDef":120,"attDef":150,"defDef":160,"handSpeedDef":5,"costGold":85},"98":{"level":98,"refineStoneConsume":100000,"moveSpeedAtt":1,"hpAtt":600,"mpAtt":140,"attAtt":300,"defAtt":100,"handSpeedAtt":5,"moveSpeedDef":1,"hpDef":800,"mpDef":120,"attDef":150,"defDef":160,"handSpeedDef":5,"costGold":85},"99":{"level":99,"refineStoneConsume":100000,"moveSpeedAtt":1,"hpAtt":600,"mpAtt":140,"attAtt":300,"defAtt":100,"handSpeedAtt":5,"moveSpeedDef":1,"hpDef":800,"mpDef":120,"attDef":150,"defDef":160,"handSpeedDef":5,"costGold":85},"100":{"level":100,"refineStoneConsume":100000,"moveSpeedAtt":1,"hpAtt":600,"mpAtt":140,"attAtt":300,"defAtt":100,"handSpeedAtt":5,"moveSpeedDef":1,"hpDef":800,"mpDef":120,"attDef":150,"defDef":160,"handSpeedDef":5,"costGold":85}}