{"1":{"id":1,"portalId":850101,"posx":22,"posy":24,"fortCount":1,"fortId":850201,"fortPosx":33,"fortPosy":24,"jumpPosx":26,"jumpPosy":24},"2":{"id":2,"portalId":850102,"posx":44,"posy":24,"fortCount":1,"fortId":850201,"fortPosx":33,"fortPosy":24,"jumpPosx":40,"jumpPosy":24},"3":{"id":3,"portalId":850103,"posx":22,"posy":53,"fortCount":2,"fortId":850202,"fortPosx":33,"fortPosy":53,"jumpPosx":26,"jumpPosy":53},"4":{"id":4,"portalId":850104,"posx":44,"posy":53,"fortCount":2,"fortId":850202,"fortPosx":33,"fortPosy":53,"jumpPosx":40,"jumpPosy":53},"5":{"id":5,"portalId":850105,"posx":72,"posy":23,"fortCount":3,"fortId":850203,"fortPosx":83,"fortPosy":23,"jumpPosx":77,"jumpPosy":23},"6":{"id":6,"portalId":850106,"posx":95,"posy":23,"fortCount":3,"fortId":850203,"fortPosx":83,"fortPosy":23,"jumpPosx":90,"jumpPosy":23},"7":{"id":7,"portalId":850107,"posx":72,"posy":53,"fortCount":4,"fortId":850204,"fortPosx":84,"fortPosy":53,"jumpPosx":77,"jumpPosy":53},"8":{"id":8,"portalId":850108,"posx":95,"posy":53,"fortCount":4,"fortId":850204,"fortPosx":84,"fortPosy":53,"jumpPosx":90,"jumpPosy":53},"9":{"id":9,"portalId":850109,"posx":48,"posy":38,"fortCount":5,"fortId":850205,"fortPosx":59,"fortPosy":38,"jumpPosx":52,"jumpPosy":38},"10":{"id":10,"portalId":850110,"posx":70,"posy":38,"fortCount":5,"fortId":850205,"fortPosx":59,"fortPosy":38,"jumpPosx":66,"jumpPosy":38}}