{"1":{"id":1,"funId":1,"type":1},"2":{"id":2,"funId":2,"type":1},"3":{"id":3,"funId":4,"type":1},"4":{"id":4,"funId":6,"type":1},"5":{"id":5,"funId":7,"type":1},"6":{"id":6,"funId":8,"type":1},"7":{"id":7,"funId":9,"type":1},"8":{"id":8,"funId":10,"type":1},"9":{"id":9,"funId":11,"type":1},"10":{"id":10,"funId":12,"type":1},"11":{"id":11,"funId":101,"type":2},"12":{"id":12,"funId":102,"type":2},"13":{"id":13,"funId":103,"type":2},"14":{"id":14,"funId":104,"type":2},"15":{"id":15,"funId":105,"type":2}}