{"1":{"id":1,"desc":"1111111","enemyDesc":"2222222","beginTime":72000,"endTime":75600,"dayWeek":"1","bossBaseId":201001,"bossHighestId":201009,"bossBaseTeamId":201001,"bossHighestTeamId":201009,"bossPosX":61,"bossPosY":89,"selfRevivePosX":138,"selfRevivePosY":56,"enemyRevivePosX":113,"enemyRevivePosY":8},"2":{"id":2,"desc":"3333333","enemyDesc":"4444444","beginTime":72000,"endTime":75600,"dayWeek":"4","bossBaseId":202001,"bossHighestId":202009,"bossBaseTeamId":202001,"bossHighestTeamId":202009,"bossPosX":152,"bossPosY":65,"selfRevivePosX":80,"selfRevivePosY":59,"enemyRevivePosX":88,"enemyRevivePosY":7}}