{"1":{"id":1,"name":"i18n_900060001","desc":"i18n_900060002","centerCity":101,"mainCity":103,"knighthood":[{"name":"i18n_900060003","limit":0,"shengwang":0},{"name":"i18n_900060004","limit":0,"shengwang":800},{"name":"i18n_900060005","limit":0,"shengwang":2700},{"name":"i18n_900060006","limit":0,"shengwang":6400},{"name":"i18n_900060007","limit":0,"shengwang":12500},{"name":"i18n_900060008","limit":0,"shengwang":22000},{"name":"i18n_900060009","limit":0,"shengwang":35000},{"name":"i18n_900060010","limit":0,"shengwang":50000},{"name":"i18n_900060011","limit":0,"shengwang":75000},{"name":"i18n_900060012","limit":0,"shengwang":100000},{"name":"i18n_900060013","limit":0,"shengwang":200000},{"name":"i18n_900060014","limit":0,"shengwang":260000},{"name":"i18n_900060015","limit":0,"shengwang":330000},{"name":"i18n_900060016","limit":256,"shengwang":400000},{"name":"i18n_900060017","limit":128,"shengwang":500000},{"name":"i18n_900060018","limit":64,"shengwang":800000},{"name":"i18n_900060019","limit":32,"shengwang":1000000},{"name":"i18n_900060020","limit":16,"shengwang":1400000},{"name":"i18n_900060021","limit":8,"shengwang":1900000},{"name":"i18n_900060022","limit":4,"shengwang":2500000},{"name":"i18n_900060023","limit":2,"shengwang":3500000},{"name":"i18n_900060024","limit":1,"shengwang":5000000}]},"2":{"id":2,"name":"i18n_900061001","desc":"i18n_900061002","centerCity":102,"mainCity":104,"knighthood":[{"name":"i18n_900061003","limit":0,"shengwang":0},{"name":"i18n_900061004","limit":0,"shengwang":800},{"name":"i18n_900061005","limit":0,"shengwang":2700},{"name":"i18n_900061006","limit":0,"shengwang":6400},{"name":"i18n_900061007","limit":0,"shengwang":12500},{"name":"i18n_900061008","limit":0,"shengwang":22000},{"name":"i18n_900061009","limit":0,"shengwang":35000},{"name":"i18n_900061010","limit":0,"shengwang":50000},{"name":"i18n_900061011","limit":0,"shengwang":75000},{"name":"i18n_900061012","limit":0,"shengwang":100000},{"name":"i18n_900061013","limit":0,"shengwang":200000},{"name":"i18n_900061014","limit":0,"shengwang":260000},{"name":"i18n_900061015","limit":0,"shengwang":330000},{"name":"i18n_900061016","limit":256,"shengwang":400000},{"name":"i18n_900061017","limit":128,"shengwang":500000},{"name":"i18n_900061018","limit":64,"shengwang":800000},{"name":"i18n_900061019","limit":32,"shengwang":1000000},{"name":"i18n_900061020","limit":16,"shengwang":1400000},{"name":"i18n_900061021","limit":8,"shengwang":1900000},{"name":"i18n_900061022","limit":4,"shengwang":2500000},{"name":"i18n_900061023","limit":2,"shengwang":3500000},{"name":"i18n_900061024","limit":1,"shengwang":5000000}]}}