{"1":{"id":1,"tagNum":1,"activeName":"i18n_900080000","activeLevel":14,"details":"i18n_900081000","camp1Operation":"4-1:103:803007;20:105:805009","camp2Operation":"4-1:104:804007;20:105:805009","detailDes":"i18n_900082000","itemLevel":2,"goldLevel":1,"orderLevel":4,"itemList":"3400010;3400006;3400201;3400211;3800009","manualItem":[{"type":1,"star":1},{"type":0,"star":0},{"type":0,"star":0}]},"2":{"id":2,"tagNum":1,"activeName":"i18n_900080001","activeLevel":15,"details":"i18n_900081001","camp1Operation":"3-6","camp2Operation":"3-6","detailDes":"i18n_900082001","itemLevel":4,"itemList":"3130001;3130002;3130003;3130004;3130005;3130006;3141001;3141002;3141003;3141004;3141005;3141006;3801009;3801010;3801011;3801012;3801013;3310301;3310302;3310303;3310304;3310305;3310306;3310307;3310308;3310309;3310310","manualItem":[{"type":0,"star":0},{"type":0,"star":5},{"type":0,"star":0}]},"3":{"id":3,"tagNum":1,"activeName":"i18n_900080002","activeLevel":20,"details":"i18n_900081002","camp1Operation":"1-103-803006","camp2Operation":"1-104-804006","detailDes":"i18n_900082002","expLevel":1,"goldLevel":1,"shenwangLevel":5,"manualItem":[{"type":0,"star":1},{"type":0,"star":0},{"type":1,"star":1}]},"4":{"id":4,"tagNum":1,"activeName":"i18n_900080003","activeLevel":27,"details":"i18n_900081003","detailDes":"i18n_900082003","expLevel":5,"goldLevel":1,"manualItem":[{"type":0,"star":1},{"type":0,"star":0},{"type":1,"star":5}]},"5":{"id":5,"tagNum":1,"activeName":"i18n_900080004","activeLevel":27,"details":"i18n_900081004","camp1Operation":"3-2","camp2Operation":"3-2","detailDes":"i18n_900082004","itemLevel":1,"goldLevel":2,"itemList":"3800009;3400001;3801004;3801006;3310401","manualItem":[{"type":1,"star":2},{"type":0,"star":0},{"type":1,"star":0}]},"6":{"id":6,"tagNum":1,"activeName":"i18n_900080005","activeLevel":30,"details":"i18n_900081005","camp1Operation":"1-105-805008","camp2Operation":"1-105-805008","detailDes":"i18n_900082005","itemLevel":4,"goldLevel":2,"itemList":"3400018;3310311;3400016;3800002","manualItem":[{"type":1,"star":2},{"type":0,"star":0},{"type":0,"star":0}]},"7":{"id":7,"tagNum":1,"activeName":"i18n_900080006","activeLevel":35,"details":"i18n_900081006","camp1Operation":"1-105-805011","camp2Operation":"1-105-805011","detailDes":"i18n_900082006","expLevel":1,"goldLevel":5,"manualItem":[{"type":0,"star":5},{"type":0,"star":0},{"type":1,"star":1}]},"8":{"id":8,"tagNum":2,"activeName":"i18n_900080007","activeLevel":20,"details":"i18n_900081007","camp1Operation":"1-103-803001","camp2Operation":"1-104-804001","detailDes":"i18n_900082007","itemLevel":2,"expLevel":2,"shenwangLevel":5,"itemList":"3800004;3806005;3400202;3310305;3310306;3310307;3310308;3801040;3801041;3801050;3801051","manualItem":[{"type":0,"star":0},{"type":0,"star":0},{"type":1,"star":2}]},"9":{"id":9,"tagNum":2,"activeName":"i18n_900080008","activeLevel":27,"details":"i18n_900081008","camp1Operation":"1-105-805006","camp2Operation":"1-105-805006","detailDes":"i18n_900082008","itemLevel":4,"expLevel":3,"goldLevel":1,"itemList":"3600001;3600002;3600003;3600004;3800004;3806004;3801006;3801007;3801004;3400005;3400001;3400002","manualItem":[{"type":1,"star":1},{"type":0,"star":0},{"type":1,"star":3}]},"10":{"id":10,"tagNum":2,"activeName":"i18n_900080009","activeLevel":30,"details":"i18n_900081009","camp1Operation":"1-105-805007","camp2Operation":"1-105-805007","detailDes":"i18n_900082009","itemLevel":5,"expLevel":3,"goldLevel":2,"itemList":"3801040;3801041;3801050;3801051;3400007;3400201;3400006","manualItem":[{"type":1,"star":2},{"type":0,"star":0},{"type":1,"star":3}]},"11":{"id":11,"tagNum":2,"activeName":"i18n_900090010","activeLevel":20,"details":"i18n_900081011","camp1Operation":"1-103-803010","camp2Operation":"1-104-804010","detailDes":"i18n_900082010","itemLevel":5,"expLevel":3,"goldLevel":2,"itemList":"3332001;3400018;3800002","manualItem":[{"type":0,"star":0},{"type":0,"star":0},{"type":1,"star":3}]},"12":{"id":12,"tagNum":2,"activeName":"i18n_900090020","activeLevel":30,"details":"i18n_900081012","camp1Operation":"1-105-805014","camp2Operation":"1-105-805014","detailDes":"i18n_900082011","itemLevel":5,"expLevel":3,"goldLevel":2,"itemList":"3332002;3400018;3800003","manualItem":[{"type":0,"star":0},{"type":0,"star":0},{"type":1,"star":3}]},"13":{"id":13,"tagNum":2,"activeName":"i18n_900090025","activeLevel":40,"details":"i18n_900081013","camp1Operation":"1-106-806007","camp2Operation":"1-106-806007","detailDes":"i18n_900082012","itemLevel":5,"expLevel":3,"goldLevel":2,"itemList":"3332003;3400018;3800004","manualItem":[{"type":0,"star":0},{"type":0,"star":0},{"type":1,"star":3}]},"14":{"id":14,"tagNum":2,"activeName":"i18n_900090030","activeLevel":45,"details":"i18n_900081014","camp1Operation":"1-107-807006","camp2Operation":"1-107-807006","detailDes":"i18n_900082013","itemLevel":5,"expLevel":3,"goldLevel":2,"itemList":"3332003;3400018;3800004","manualItem":[{"type":0,"star":0},{"type":0,"star":0},{"type":1,"star":3}]},"15":{"id":15,"tagNum":2,"activeName":"i18n_900090035","activeLevel":50,"details":"i18n_900081015","camp1Operation":"1-108-808007","camp2Operation":"1-108-808007","detailDes":"i18n_900082014","itemLevel":5,"expLevel":3,"goldLevel":2,"itemList":"3332004;3400018;3800004","manualItem":[{"type":0,"star":0},{"type":0,"star":0},{"type":1,"star":3}]},"16":{"id":16,"tagNum":2,"activeName":"i18n_900090040","activeLevel":55,"details":"i18n_900081016","camp1Operation":"1-109-809006","camp2Operation":"1-109-809006","detailDes":"i18n_900082015","itemLevel":5,"expLevel":3,"goldLevel":2,"itemList":"3332004;3400018;3800004","manualItem":[{"type":0,"star":0},{"type":0,"star":0},{"type":1,"star":3}]},"17":{"id":17,"tagNum":2,"activeName":"i18n_900090045","activeLevel":60,"details":"i18n_900081017","camp1Operation":"1-110-810007","camp2Operation":"1-110-810007","detailDes":"i18n_900082016","itemLevel":5,"expLevel":3,"goldLevel":2,"itemList":"3332005;3400018;3800004","manualItem":[{"type":0,"star":0},{"type":0,"star":0},{"type":1,"star":3}]},"18":{"id":18,"tagNum":3,"activeName":"i18n_900080021","activeLevel":20,"details":"i18n_900081022","detailDes":"i18n_900082017","itemLevel":5,"expLevel":4,"goldLevel":4,"shenwangLevel":5,"itemList":"3400010;3800008;3400006;3800010;3806007","manualItem":[{"type":1,"star":3},{"type":0,"star":0},{"type":1,"star":4}]},"19":{"id":19,"tagNum":3,"activeName":"i18n_900080017","activeLevel":25,"details":"i18n_900081018","camp1Operation":"3-8","camp2Operation":"3-8","detailDes":"i18n_900082017","itemLevel":5,"expLevel":4,"goldLevel":4,"shenwangLevel":5,"itemList":"3400010;3800008;3400006;3800010;3806007","manualItem":[{"type":1,"star":3},{"type":0,"star":0},{"type":1,"star":4}]},"20":{"id":20,"tagNum":3,"activeName":"i18n_900080019","activeLevel":30,"details":"i18n_900081020","detailDes":"i18n_900082019","itemLevel":5,"expLevel":4,"goldLevel":4,"itemList":"3400006;3801040;3801041;3801050;3400202","manualItem":[{"type":1,"star":3},{"type":0,"star":0},{"type":1,"star":4}]},"21":{"id":21,"tagNum":3,"activeName":"i18n_900080020","activeLevel":25,"details":"i18n_900081021","detailDes":"i18n_900082020","itemLevel":5,"expLevel":4,"goldLevel":4,"itemList":"3348001;3800006;3806008;3400016;3400010;3348001","manualItem":[{"type":1,"star":3},{"type":0,"star":0},{"type":1,"star":4}]},"22":{"id":22,"tagNum":4,"activeName":"i18n_900080018","activeLevel":30,"details":"i18n_900081019","detailDes":"i18n_900082018","itemLevel":5,"expLevel":4,"goldLevel":4,"itemList":"3800009;3806008;3400006;3400016;3801041;3400006","manualItem":[{"type":1,"star":3},{"type":0,"star":0},{"type":1,"star":4}]},"23":{"id":23,"activeName":"i18n_900210008","activeLevel":10,"camp1Operation":"3-23","camp2Operation":"3-23","detailDes":"i18n_900101037","manualItem":[{"type":1,"star":5},{"type":0,"star":0},{"type":0,"star":0}]},"24":{"id":24,"activeName":"i18n_222103027","activeLevel":1,"camp1Operation":"3-40","camp2Operation":"3-40","detailDes":"i18n_222104027","manualItem":[{"type":0,"star":0},{"type":1,"star":5},{"type":0,"star":0}],"canShowPoint":1,"functionCode":"shouchong"},"25":{"id":25,"activeName":"i18n_900100015","activeLevel":18,"camp1Operation":"3-21","camp2Operation":"3-21","detailDes":"i18n_900101015","manualItem":[{"type":0,"star":0},{"type":1,"star":5},{"type":0,"star":0}],"canShowPoint":1,"functionCode":"0x00000002"},"26":{"id":26,"activeName":"i18n_900100030","activeLevel":32,"camp1Operation":"3-30","camp2Operation":"3-30","detailDes":"i18n_900101030","manualItem":[{"type":0,"star":0},{"type":1,"star":4},{"type":0,"star":0}],"canShowPoint":1,"functionCode":"0x10000000"},"27":{"id":27,"activeName":"i18n_900100028","activeLevel":30,"camp1Operation":"3-28","camp2Operation":"3-28","detailDes":"i18n_900101028","manualItem":[{"type":0,"star":0},{"type":1,"star":5},{"type":0,"star":0}],"canShowPoint":1,"functionCode":"0x00010000"},"28":{"id":28,"activeName":"i18n_900100019","activeLevel":10,"camp1Operation":"3-27","camp2Operation":"3-27","detailDes":"i18n_900101019","manualItem":[{"type":0,"star":0},{"type":1,"star":5},{"type":0,"star":0}],"canShowPoint":1,"functionCode":"0x00000200"},"29":{"id":29,"activeName":"i18n_900100020","activeLevel":27,"camp1Operation":"3-37","camp2Operation":"3-37","detailDes":"i18n_900101020","manualItem":[{"type":0,"star":0},{"type":1,"star":4},{"type":0,"star":0}],"canShowPoint":1,"functionCode":"0x00000100"},"30":{"id":30,"activeName":"i18n_900100031","activeLevel":36,"camp1Operation":"3-29","camp2Operation":"3-29","detailDes":"i18n_900101031","manualItem":[{"type":0,"star":0},{"type":1,"star":5},{"type":0,"star":0}],"canShowPoint":1,"functionCode":"0x80000002"},"31":{"id":31,"activeName":"i18n_900100003","activeLevel":20,"camp1Operation":"3-24","camp2Operation":"3-24","detailDes":"i18n_900101003","manualItem":[{"type":0,"star":0},{"type":1,"star":4},{"type":0,"star":0}],"canShowPoint":1,"functionCode":"0x00000040"},"32":{"id":32,"activeName":"i18n_900100012","activeLevel":20,"camp1Operation":"3-41","camp2Operation":"3-41","detailDes":"i18n_900101012","manualItem":[{"type":0,"star":0},{"type":1,"star":2},{"type":0,"star":0}],"functionCode":"0x00200000"},"33":{"id":33,"activeName":"i18n_900100032","activeLevel":9,"camp1Operation":"3-39","camp2Operation":"3-39","detailDes":"i18n_900101032","manualItem":[{"type":0,"star":0},{"type":1,"star":5},{"type":0,"star":0}],"canShowPoint":1,"functionCode":"0x40000000"},"34":{"id":34,"activeName":"i18n_900100033","activeLevel":20,"camp1Operation":"3-21-itemMerge:1","camp2Operation":"3-21-itemMerge:1","detailDes":"i18n_900101033","manualItem":[{"type":0,"star":0},{"type":1,"star":5},{"type":0,"star":0}],"canShowPoint":1,"functionCode":"equipUpdate"},"35":{"id":35,"activeName":"i18n_900100034","activeLevel":50,"camp1Operation":"3-21-itemMerge:5","camp2Operation":"3-21-itemMerge:5","detailDes":"i18n_900101034","manualItem":[{"type":0,"star":0},{"type":1,"star":3},{"type":0,"star":0}],"canShowPoint":1,"functionCode":"equipUpLevel"},"36":{"id":36,"activeName":"i18n_900100035","activeLevel":34,"camp1Operation":"3-38-panelGemembed:2","camp2Operation":"3-38-panelGemembed:2","detailDes":"i18n_900101035","manualItem":[{"type":0,"star":0},{"type":1,"star":5},{"type":0,"star":0}],"canShowPoint":1,"functionCode":"0x80000080"},"37":{"id":37,"activeName":"i18n_900100036","activeLevel":55,"camp1Operation":"3-38-panelGemembed:1","camp2Operation":"3-38-panelGemembed:1","detailDes":"i18n_900101036","manualItem":[{"type":0,"star":0},{"type":1,"star":5},{"type":0,"star":0}],"canShowPoint":1,"functionCode":"0x80000040"},"38":{"id":38,"activeName":"i18n_900100038","activeLevel":15,"camp1Operation":"3-43","camp2Operation":"3-43","detailDes":"i18n_900101038","manualItem":[{"type":0,"star":0},{"type":1,"star":5},{"type":0,"star":0}],"canShowPoint":1,"functionCode":"0x80002000"},"39":{"id":39,"activeName":"i18n_900100040","activeLevel":5,"camp1Operation":"3-44","camp2Operation":"3-44","detailDes":"i18n_900101040","itemLevel":3,"expLevel":5,"goldLevel":2,"manualItem":[{"type":1,"star":2},{"type":0,"star":0},{"type":1,"star":5}]}}