{"10101":{"id":10101,"type":1,"name":"i18n_900090000","npcId":801006,"group":1001,"condition":[{"operation":1,"param":"5"},{"operation":55,"param":"1"},{"operation":0,"param":""}],"spIrItConsumption":5,"mopUpGold":500,"mopUpTime":15,"fightPointRefValue":120,"sPhotoId":"9230001","bPhotoId":"9210001","desc":"i18n_900090000","maxBuyTimes":10,"maxFreeTimes":10,"increaseTimesGolds":2,"rewardExp":1400,"rewardMoney":500,"clientShowItems":"3800001;3806002;3806001"},"10102":{"id":10102,"type":1,"name":"i18n_900090001","npcId":801006,"group":1001,"condition":[{"operation":1,"param":"7"},{"operation":55,"param":"1"},{"operation":5,"param":"10101"}],"spIrItConsumption":5,"mopUpGold":500,"mopUpTime":15,"fightPointRefValue":300,"sPhotoId":"9230002","bPhotoId":"9210001","desc":"i18n_900090001","maxBuyTimes":10,"maxFreeTimes":10,"increaseTimesGolds":2,"rewardExp":1600,"rewardMoney":800,"clientShowItems":"3800001;3806002;3806001"},"10103":{"id":10103,"type":1,"name":"i18n_900090002","npcId":801006,"group":1001,"condition":[{"operation":1,"param":"8"},{"operation":55,"param":"1"},{"operation":5,"param":"10102"}],"spIrItConsumption":5,"mopUpGold":500,"mopUpTime":15,"fightPointRefValue":380,"sPhotoId":"9230003","bPhotoId":"9210001","desc":"i18n_900090002","maxBuyTimes":10,"maxFreeTimes":10,"increaseTimesGolds":2,"rewardExp":1800,"rewardMoney":1000,"clientShowItems":"3800001;3806002;3806001"},"10104":{"id":10104,"type":4,"name":"i18n_900090055","npcId":801006,"group":1001,"condition":[{"operation":1,"param":"9"},{"operation":55,"param":"1"},{"operation":5,"param":"10103"}],"spIrItConsumption":5,"mopUpGold":500,"mopUpTime":15,"fightPointRefValue":1000,"sPhotoId":"9230003","bPhotoId":"9210001","desc":"i18n_900090055","rewardExp":2000,"clientShowItems":"3332010;3400018;3800001","bossTeam":210104},"10201":{"id":10201,"type":1,"name":"i18n_900090003","npcId":802006,"group":1001,"condition":[{"operation":1,"param":"5"},{"operation":55,"param":"2"},{"operation":0,"param":""}],"spIrItConsumption":5,"mopUpGold":500,"mopUpTime":15,"fightPointRefValue":120,"sPhotoId":"9230001","bPhotoId":"9210001","desc":"i18n_900090003","maxBuyTimes":10,"maxFreeTimes":10,"increaseTimesGolds":2,"rewardExp":1400,"rewardMoney":500,"clientShowItems":"3800001;3806002;3806001"},"10202":{"id":10202,"type":1,"name":"i18n_900090004","npcId":802006,"group":1001,"condition":[{"operation":1,"param":"7"},{"operation":55,"param":"2"},{"operation":5,"param":"10201"}],"spIrItConsumption":5,"mopUpGold":500,"mopUpTime":15,"fightPointRefValue":300,"sPhotoId":"9230002","bPhotoId":"9210001","desc":"i18n_900090004","maxBuyTimes":10,"maxFreeTimes":10,"increaseTimesGolds":2,"rewardExp":1600,"rewardMoney":800,"clientShowItems":"3800001;3806002;3806001"},"10203":{"id":10203,"type":1,"name":"i18n_900090005","npcId":802006,"group":1001,"condition":[{"operation":1,"param":"8"},{"operation":55,"param":"2"},{"operation":5,"param":"10202"}],"spIrItConsumption":5,"mopUpGold":500,"mopUpTime":15,"fightPointRefValue":380,"sPhotoId":"9230003","bPhotoId":"9210001","desc":"i18n_900090005","maxBuyTimes":10,"maxFreeTimes":10,"increaseTimesGolds":2,"rewardExp":1800,"rewardMoney":1000,"clientShowItems":"3800001;3806002;3806001"},"10204":{"id":10204,"type":4,"name":"i18n_900090056","npcId":802006,"group":1001,"condition":[{"operation":1,"param":"9"},{"operation":55,"param":"2"},{"operation":5,"param":"10203"}],"spIrItConsumption":5,"mopUpGold":500,"mopUpTime":15,"fightPointRefValue":1000,"sPhotoId":"9230003","bPhotoId":"9210001","desc":"i18n_900090056","rewardExp":2000,"clientShowItems":"3332010;3400018;3800001","bossTeam":210204},"10301":{"id":10301,"type":1,"name":"i18n_900090006","npcId":803010,"group":1002,"condition":[{"operation":1,"param":"16"},{"operation":55,"param":"1"},{"operation":5,"param":"10103"}],"spIrItConsumption":5,"mopUpGold":1000,"mopUpTime":30,"fightPointRefValue":1300,"sPhotoId":"9230004","bPhotoId":"9210002","desc":"i18n_900090006","maxBuyTimes":10,"maxFreeTimes":10,"increaseTimesGolds":2,"rewardExp":1900,"rewardMoney":1500,"clientShowItems":"3342011;3800001;3800002;3806002;3806003"},"10302":{"id":10302,"type":1,"name":"i18n_900090007","npcId":803010,"group":1002,"condition":[{"operation":1,"param":"17"},{"operation":55,"param":"1"},{"operation":5,"param":"10301"}],"spIrItConsumption":5,"mopUpGold":1000,"mopUpTime":30,"fightPointRefValue":1400,"sPhotoId":"9230005","bPhotoId":"9210002","desc":"i18n_900090007","maxBuyTimes":10,"maxFreeTimes":10,"increaseTimesGolds":2,"rewardExp":2000,"rewardMoney":1700,"clientShowItems":"3342012;3800001;3800002;3806002;3806003"},"10303":{"id":10303,"type":1,"name":"i18n_900090008","npcId":803010,"group":1002,"condition":[{"operation":1,"param":"18"},{"operation":55,"param":"1"},{"operation":5,"param":"10302"}],"spIrItConsumption":5,"mopUpGold":1000,"mopUpTime":30,"fightPointRefValue":1500,"sPhotoId":"9230006","bPhotoId":"9210002","desc":"i18n_900090008","maxBuyTimes":10,"maxFreeTimes":10,"increaseTimesGolds":2,"rewardExp":2100,"rewardMoney":1900,"clientShowItems":"3342013;3800001;3800002;3806002;3806003"},"10304":{"id":10304,"type":1,"name":"i18n_900090009","npcId":803010,"group":1002,"condition":[{"operation":1,"param":"19"},{"operation":55,"param":"1"},{"operation":5,"param":"10303"}],"spIrItConsumption":5,"mopUpGold":1000,"mopUpTime":30,"fightPointRefValue":1650,"sPhotoId":"9230007","bPhotoId":"9210002","desc":"i18n_900090009","maxBuyTimes":10,"maxFreeTimes":10,"increaseTimesGolds":2,"rewardExp":2200,"rewardMoney":2100,"clientShowItems":"3342014;3800001;3800002;3806002;3806003"},"10305":{"id":10305,"type":4,"name":"i18n_900090010","npcId":803010,"group":1002,"condition":[{"operation":1,"param":"20"},{"operation":55,"param":"1"},{"operation":0,"param":""}],"spIrItConsumption":5,"mopUpGold":1000,"mopUpTime":30,"fightPointRefValue":2500,"sPhotoId":"9230008","bPhotoId":"9210002","desc":"i18n_900090010","rewardExp":2500,"clientShowItems":"3332001;3400018;3800002","bossTeam":210305},"10401":{"id":10401,"type":1,"name":"i18n_900090011","npcId":804010,"group":1002,"condition":[{"operation":1,"param":"16"},{"operation":55,"param":"2"},{"operation":5,"param":"10203"}],"spIrItConsumption":5,"mopUpGold":1000,"mopUpTime":30,"fightPointRefValue":1300,"sPhotoId":"9230004","bPhotoId":"9210002","desc":"i18n_900090011","maxBuyTimes":10,"maxFreeTimes":10,"increaseTimesGolds":2,"rewardExp":1900,"rewardMoney":1500,"clientShowItems":"3342011;3800001;3800002;3806002;3806003"},"10402":{"id":10402,"type":1,"name":"i18n_900090012","npcId":804010,"group":1002,"condition":[{"operation":1,"param":"17"},{"operation":55,"param":"2"},{"operation":5,"param":"10401"}],"spIrItConsumption":5,"mopUpGold":1000,"mopUpTime":30,"fightPointRefValue":1400,"sPhotoId":"9230005","bPhotoId":"9210002","desc":"i18n_900090012","maxBuyTimes":10,"maxFreeTimes":10,"increaseTimesGolds":2,"rewardExp":2000,"rewardMoney":1700,"clientShowItems":"3342012;3800001;3800002;3806002;3806003"},"10403":{"id":10403,"type":1,"name":"i18n_900090013","npcId":804010,"group":1002,"condition":[{"operation":1,"param":"18"},{"operation":55,"param":"2"},{"operation":5,"param":"10402"}],"spIrItConsumption":5,"mopUpGold":1000,"mopUpTime":30,"fightPointRefValue":1500,"sPhotoId":"9230006","bPhotoId":"9210002","desc":"i18n_900090013","maxBuyTimes":10,"maxFreeTimes":10,"increaseTimesGolds":2,"rewardExp":2100,"rewardMoney":1900,"clientShowItems":"3342013;3800001;3800002;3806002;3806003"},"10404":{"id":10404,"type":1,"name":"i18n_900090014","npcId":804010,"group":1002,"condition":[{"operation":1,"param":"19"},{"operation":55,"param":"2"},{"operation":5,"param":"10403"}],"spIrItConsumption":5,"mopUpGold":1000,"mopUpTime":30,"fightPointRefValue":1650,"sPhotoId":"9230007","bPhotoId":"9210002","desc":"i18n_900090014","maxBuyTimes":10,"maxFreeTimes":10,"increaseTimesGolds":2,"rewardExp":2200,"rewardMoney":2100,"clientShowItems":"3342014;3800001;3800002;3806002;3806003"},"10405":{"id":10405,"type":4,"name":"i18n_900090015","npcId":804010,"group":1002,"condition":[{"operation":1,"param":"20"},{"operation":55,"param":"2"},{"operation":0,"param":""}],"spIrItConsumption":5,"mopUpGold":1000,"mopUpTime":30,"fightPointRefValue":2500,"sPhotoId":"9230008","bPhotoId":"9210002","desc":"i18n_900090015","rewardExp":2500,"clientShowItems":"3332001;3400018;3800002","bossTeam":210405},"10501":{"id":10501,"type":1,"name":"i18n_900090016","npcId":805014,"group":1003,"condition":[{"operation":1,"param":"25"},{"operation":0,"param":""},{"operation":0,"param":""}],"spIrItConsumption":5,"mopUpGold":2000,"mopUpTime":60,"fightPointRefValue":2076,"sPhotoId":"9230009","bPhotoId":"9210003","desc":"i18n_900090016","maxBuyTimes":10,"maxFreeTimes":10,"increaseTimesGolds":2,"rewardExp":2500,"rewardMoney":2500,"clientShowItems":"3342015;3800002;3806003;3801006;3801007;3801004;3400005"},"10502":{"id":10502,"type":1,"name":"i18n_900090017","npcId":805014,"group":1003,"condition":[{"operation":1,"param":"26"},{"operation":0,"param":""},{"operation":5,"param":"10501"}],"spIrItConsumption":5,"mopUpGold":2000,"mopUpTime":60,"fightPointRefValue":2569,"sPhotoId":"9230010","bPhotoId":"9210003","desc":"i18n_900090017","maxBuyTimes":10,"maxFreeTimes":10,"increaseTimesGolds":2,"rewardExp":3000,"rewardMoney":2700,"clientShowItems":"3342016;3800002;3806003;3801006;3801007;3801004;3400005"},"10503":{"id":10503,"type":1,"name":"i18n_900090018","npcId":805014,"group":1003,"condition":[{"operation":1,"param":"27"},{"operation":0,"param":""},{"operation":5,"param":"10502"}],"spIrItConsumption":5,"mopUpGold":2000,"mopUpTime":60,"fightPointRefValue":2716,"sPhotoId":"9230011","bPhotoId":"9210003","desc":"i18n_900090018","maxBuyTimes":10,"maxFreeTimes":10,"increaseTimesGolds":2,"rewardExp":3500,"rewardMoney":2900,"clientShowItems":"3342021;3800002;3806003;3801006;3801007;3801004;3400005"},"10504":{"id":10504,"type":1,"name":"i18n_900090019","npcId":805014,"group":1003,"condition":[{"operation":1,"param":"28"},{"operation":0,"param":""},{"operation":5,"param":"10503"}],"spIrItConsumption":5,"mopUpGold":2000,"mopUpTime":60,"fightPointRefValue":2877,"sPhotoId":"9230012","bPhotoId":"9210003","desc":"i18n_900090019","maxBuyTimes":10,"maxFreeTimes":10,"increaseTimesGolds":2,"rewardExp":4000,"rewardMoney":3100,"clientShowItems":"3342022;3800002;3806003;3801006;3801007;3801004;3400005"},"10505":{"id":10505,"type":4,"name":"i18n_900090020","npcId":805014,"group":1003,"condition":[{"operation":1,"param":"30"},{"operation":0,"param":""},{"operation":0,"param":""}],"spIrItConsumption":5,"mopUpGold":2000,"mopUpTime":60,"fightPointRefValue":15129,"sPhotoId":"9230013","bPhotoId":"9210003","desc":"i18n_900090020","rewardExp":5000,"clientShowItems":"3332002;3400018;3800003","bossTeam":210505},"10601":{"id":10601,"type":1,"name":"i18n_900090021","npcId":806007,"group":1004,"condition":[{"operation":1,"param":"32"},{"operation":0,"param":""},{"operation":5,"param":"10504"}],"spIrItConsumption":5,"mopUpGold":3000,"mopUpTime":60,"fightPointRefValue":3875,"sPhotoId":"9230014","bPhotoId":"9210004","desc":"i18n_900090021","maxBuyTimes":10,"maxFreeTimes":10,"increaseTimesGolds":2,"rewardExp":5500,"rewardMoney":3500,"clientShowItems":"3342023;3342024;3801040;3800003;3806004;3801006;3801007;3801004;3400005;3400201"},"10602":{"id":10602,"type":1,"name":"i18n_900090022","npcId":806007,"group":1004,"condition":[{"operation":1,"param":"34"},{"operation":0,"param":""},{"operation":5,"param":"10601"}],"spIrItConsumption":5,"mopUpGold":3000,"mopUpTime":60,"fightPointRefValue":4729,"sPhotoId":"9230015","bPhotoId":"9210004","desc":"i18n_900090022","maxBuyTimes":10,"maxFreeTimes":10,"increaseTimesGolds":2,"rewardExp":6000,"rewardMoney":3700,"clientShowItems":"3342025;3342026;3801040;3800003;3806004;3801006;3801007;3801004;3400005;3400201"},"10603":{"id":10603,"type":1,"name":"i18n_900090023","npcId":806007,"group":1004,"condition":[{"operation":1,"param":"36"},{"operation":0,"param":""},{"operation":5,"param":"10602"}],"spIrItConsumption":5,"mopUpGold":3000,"mopUpTime":60,"fightPointRefValue":5585,"sPhotoId":"9230016","bPhotoId":"9210004","desc":"i18n_900090023","maxBuyTimes":10,"maxFreeTimes":10,"increaseTimesGolds":2,"rewardExp":6400,"rewardMoney":3900,"clientShowItems":"3342031;3801040;3800003;3806004;3801006;3801007;3801004;3400005;3400201"},"10604":{"id":10604,"type":1,"name":"i18n_900090024","npcId":806007,"group":1004,"condition":[{"operation":1,"param":"38"},{"operation":0,"param":""},{"operation":5,"param":"10603"}],"spIrItConsumption":5,"mopUpGold":3000,"mopUpTime":60,"fightPointRefValue":6491,"sPhotoId":"9230017","bPhotoId":"9210004","desc":"i18n_900090024","maxBuyTimes":10,"maxFreeTimes":10,"increaseTimesGolds":2,"rewardExp":6800,"rewardMoney":4100,"clientShowItems":"3342032;3801040;3800003;3806004;3801006;3801007;3801004;3400005;3400201"},"10605":{"id":10605,"type":4,"name":"i18n_900090025","npcId":806007,"group":1004,"condition":[{"operation":1,"param":"40"},{"operation":0,"param":""},{"operation":0,"param":""}],"spIrItConsumption":5,"mopUpGold":3000,"mopUpTime":60,"fightPointRefValue":25049,"sPhotoId":"9230018","bPhotoId":"9210004","desc":"i18n_900090025","rewardExp":7000,"clientShowItems":"3332003;3400018;3800004","bossTeam":210605},"10701":{"id":10701,"type":1,"name":"i18n_900090026","npcId":807006,"group":1005,"condition":[{"operation":1,"param":"41"},{"operation":0,"param":""},{"operation":5,"param":"10604"}],"spIrItConsumption":5,"mopUpGold":4000,"mopUpTime":60,"fightPointRefValue":7864,"sPhotoId":"9230019","bPhotoId":"9210005","desc":"i18n_900090026","maxBuyTimes":10,"maxFreeTimes":10,"increaseTimesGolds":2,"rewardExp":7600,"rewardMoney":4300,"clientShowItems":"3342033;3400201;3801040;3800003;3806004;3801006;3801007;3801004;3400005"},"10702":{"id":10702,"type":1,"name":"i18n_900090027","npcId":807006,"group":1005,"condition":[{"operation":1,"param":"42"},{"operation":0,"param":""},{"operation":5,"param":"10701"}],"spIrItConsumption":5,"mopUpGold":4000,"mopUpTime":60,"fightPointRefValue":8380,"sPhotoId":"9230020","bPhotoId":"9210005","desc":"i18n_900090027","maxBuyTimes":10,"maxFreeTimes":10,"increaseTimesGolds":2,"rewardExp":8000,"rewardMoney":4500,"clientShowItems":"3342034;3400201;3801040;3800003;3806004;3801006;3801007;3801004;3400005"},"10703":{"id":10703,"type":1,"name":"i18n_900090028","npcId":807006,"group":1005,"condition":[{"operation":1,"param":"43"},{"operation":0,"param":""},{"operation":5,"param":"10702"}],"spIrItConsumption":5,"mopUpGold":4000,"mopUpTime":60,"fightPointRefValue":8898,"sPhotoId":"9230021","bPhotoId":"9210005","desc":"i18n_900090028","maxBuyTimes":10,"maxFreeTimes":10,"increaseTimesGolds":2,"rewardExp":8400,"rewardMoney":4700,"clientShowItems":"3342035;3400201;3801040;3800003;3806004;3801006;3801007;3801004;3400005"},"10704":{"id":10704,"type":1,"name":"i18n_900090029","npcId":807006,"group":1005,"condition":[{"operation":1,"param":"44"},{"operation":0,"param":""},{"operation":5,"param":"10703"}],"spIrItConsumption":5,"mopUpGold":4000,"mopUpTime":60,"fightPointRefValue":9416,"sPhotoId":"9230022","bPhotoId":"9210005","desc":"i18n_900090029","maxBuyTimes":10,"maxFreeTimes":10,"increaseTimesGolds":2,"rewardExp":8800,"rewardMoney":4900,"clientShowItems":"3342036;3400201;3801040;3800003;3806004;3801006;3801007;3801004;3400005"},"10705":{"id":10705,"type":4,"name":"i18n_900090030","npcId":807006,"group":1005,"condition":[{"operation":1,"param":"45"},{"operation":0,"param":""},{"operation":0,"param":""}],"spIrItConsumption":5,"mopUpGold":4000,"mopUpTime":60,"fightPointRefValue":30567,"sPhotoId":"9230023","bPhotoId":"9210005","desc":"i18n_900090030","rewardExp":9000,"clientShowItems":"3332003;3400018;3800004","bossTeam":210705},"10801":{"id":10801,"type":1,"name":"i18n_900090031","npcId":808007,"group":1006,"condition":[{"operation":1,"param":"46"},{"operation":0,"param":""},{"operation":5,"param":"10704"}],"spIrItConsumption":5,"mopUpGold":5000,"mopUpTime":60,"fightPointRefValue":10469,"sPhotoId":"9230024","bPhotoId":"9210006","desc":"i18n_900090031","maxBuyTimes":10,"maxFreeTimes":10,"increaseTimesGolds":2,"rewardExp":9600,"rewardMoney":5000,"clientShowItems":"3801040;3800003;3806004;3801006;3801007;3801004;3400005;3400201"},"10802":{"id":10802,"type":1,"name":"i18n_900090032","npcId":808007,"group":1006,"condition":[{"operation":1,"param":"47"},{"operation":0,"param":""},{"operation":5,"param":"10801"}],"spIrItConsumption":5,"mopUpGold":5000,"mopUpTime":60,"fightPointRefValue":10991,"sPhotoId":"9230025","bPhotoId":"9210006","desc":"i18n_900090032","maxBuyTimes":10,"maxFreeTimes":10,"increaseTimesGolds":2,"rewardExp":10000,"rewardMoney":5000,"clientShowItems":"3342041;;3801040;3800003;3806004;3801006;3801007;3801004;3400005;3400201"},"10803":{"id":10803,"type":1,"name":"i18n_900090033","npcId":808007,"group":1006,"condition":[{"operation":1,"param":"48"},{"operation":0,"param":""},{"operation":5,"param":"10802"}],"spIrItConsumption":5,"mopUpGold":5000,"mopUpTime":60,"fightPointRefValue":11515,"sPhotoId":"9230026","bPhotoId":"9210006","desc":"i18n_900090033","maxBuyTimes":10,"maxFreeTimes":10,"increaseTimesGolds":2,"rewardExp":10400,"rewardMoney":5000,"clientShowItems":"3342042;;3801040;3800003;3806004;3801006;3801007;3801004;3400005;3400201"},"10804":{"id":10804,"type":1,"name":"i18n_900090034","npcId":808007,"group":1006,"condition":[{"operation":1,"param":"49"},{"operation":0,"param":""},{"operation":5,"param":"10803"}],"spIrItConsumption":5,"mopUpGold":5000,"mopUpTime":60,"fightPointRefValue":12040,"sPhotoId":"9230027","bPhotoId":"9210006","desc":"i18n_900090034","maxBuyTimes":10,"maxFreeTimes":10,"increaseTimesGolds":2,"rewardExp":10800,"rewardMoney":5000,"clientShowItems":"3342043;;3801040;3800003;3806004;3801006;3801007;3801004;3400005;3400201"},"10805":{"id":10805,"type":4,"name":"i18n_900090035","npcId":808007,"group":1006,"condition":[{"operation":1,"param":"50"},{"operation":0,"param":""},{"operation":0,"param":""}],"spIrItConsumption":5,"mopUpGold":5000,"mopUpTime":60,"fightPointRefValue":39061,"sPhotoId":"9230028","bPhotoId":"9210006","desc":"i18n_900090035","rewardExp":11000,"clientShowItems":"3332004;3400018;3800004","bossTeam":210805},"10901":{"id":10901,"type":1,"name":"i18n_900090036","npcId":809006,"group":1007,"condition":[{"operation":1,"param":"51"},{"operation":0,"param":""},{"operation":5,"param":"10804"}],"spIrItConsumption":5,"mopUpGold":6000,"mopUpTime":60,"fightPointRefValue":13279,"sPhotoId":"9230029","bPhotoId":"9210007","desc":"i18n_900090036","maxBuyTimes":10,"maxFreeTimes":10,"increaseTimesGolds":2,"rewardExp":11700,"rewardMoney":5500,"clientShowItems":"3342044;3801040;3801050;3800003;3806004;3801006;3801007;3801004;3400005;3400202"},"10902":{"id":10902,"type":1,"name":"i18n_900090037","npcId":809006,"group":1007,"condition":[{"operation":1,"param":"52"},{"operation":0,"param":""},{"operation":5,"param":"10901"}],"spIrItConsumption":5,"mopUpGold":6000,"mopUpTime":60,"fightPointRefValue":13944,"sPhotoId":"9230030","bPhotoId":"9210007","desc":"i18n_900090037","maxBuyTimes":10,"maxFreeTimes":10,"increaseTimesGolds":2,"rewardExp":12150,"rewardMoney":5500,"clientShowItems":"3342045;3801040;3801050;3800003;3806004;3801006;3801007;3801004;3400005;3400202"},"10903":{"id":10903,"type":1,"name":"i18n_900090038","npcId":809006,"group":1007,"condition":[{"operation":1,"param":"53"},{"operation":0,"param":""},{"operation":5,"param":"10902"}],"spIrItConsumption":5,"mopUpGold":6000,"mopUpTime":60,"fightPointRefValue":14612,"sPhotoId":"9230031","bPhotoId":"9210007","desc":"i18n_900090038","maxBuyTimes":10,"maxFreeTimes":10,"increaseTimesGolds":2,"rewardExp":12600,"rewardMoney":5500,"clientShowItems":"3342046;3801040;3801050;3800003;3806004;3801006;3801007;3801004;3400005;3400202"},"10904":{"id":10904,"type":1,"name":"i18n_900090039","npcId":809006,"group":1007,"condition":[{"operation":1,"param":"54"},{"operation":0,"param":""},{"operation":5,"param":"10903"}],"spIrItConsumption":5,"mopUpGold":6000,"mopUpTime":60,"fightPointRefValue":15280,"sPhotoId":"9230032","bPhotoId":"9210007","desc":"i18n_900090039","maxBuyTimes":10,"maxFreeTimes":10,"increaseTimesGolds":2,"rewardExp":13050,"rewardMoney":5500,"clientShowItems":"3800003;3806004;3801006;3801007;3801004;3400005;3400202;3801040;3801050"},"10905":{"id":10905,"type":4,"name":"i18n_900090040","npcId":809006,"group":1007,"condition":[{"operation":1,"param":"55"},{"operation":0,"param":""},{"operation":0,"param":""}],"spIrItConsumption":5,"mopUpGold":6000,"mopUpTime":60,"fightPointRefValue":47671,"sPhotoId":"9230033","bPhotoId":"9210007","desc":"i18n_900090040","rewardExp":14000,"clientShowItems":"3332004;3400018;3800004","bossTeam":210905},"11001":{"id":11001,"type":1,"name":"i18n_900090041","npcId":810007,"group":1008,"condition":[{"operation":1,"param":"56"},{"operation":0,"param":""},{"operation":5,"param":"10904"}],"spIrItConsumption":5,"mopUpGold":7000,"mopUpTime":60,"fightPointRefValue":16764,"sPhotoId":"9230034","bPhotoId":"9210008","desc":"i18n_900090041","maxBuyTimes":10,"maxFreeTimes":10,"increaseTimesGolds":2,"rewardExp":14150,"rewardMoney":6000,"clientShowItems":"3800003;3806004;3801006;3801007;3801004;3400005;3400202;3801040;3801050"},"11002":{"id":11002,"type":1,"name":"i18n_900090042","npcId":810007,"group":1008,"condition":[{"operation":1,"param":"57"},{"operation":0,"param":""},{"operation":5,"param":"11001"}],"spIrItConsumption":5,"mopUpGold":7000,"mopUpTime":60,"fightPointRefValue":17443,"sPhotoId":"9230035","bPhotoId":"9210008","desc":"i18n_900090042","maxBuyTimes":10,"maxFreeTimes":10,"increaseTimesGolds":2,"rewardExp":14700,"rewardMoney":6000,"clientShowItems":"3342051;3801040;3801050;3800003;3806004;3801006;3801007;3801004;3400005;3400202"},"11003":{"id":11003,"type":1,"name":"i18n_900090043","npcId":810007,"group":1008,"condition":[{"operation":1,"param":"58"},{"operation":0,"param":""},{"operation":5,"param":"11002"}],"spIrItConsumption":5,"mopUpGold":7000,"mopUpTime":60,"fightPointRefValue":18123,"sPhotoId":"9230036","bPhotoId":"9210008","desc":"i18n_900090043","maxBuyTimes":10,"maxFreeTimes":10,"increaseTimesGolds":2,"rewardExp":15250,"rewardMoney":6000,"clientShowItems":"3342052;3801040;3801050;3800003;3806004;3801006;3801007;3801004;3400005;3400202"},"11004":{"id":11004,"type":1,"name":"i18n_900090044","npcId":810007,"group":1008,"condition":[{"operation":1,"param":"59"},{"operation":0,"param":""},{"operation":5,"param":"11003"}],"spIrItConsumption":5,"mopUpGold":7000,"mopUpTime":60,"fightPointRefValue":18805,"sPhotoId":"9230037","bPhotoId":"9210008","desc":"i18n_900090044","maxBuyTimes":10,"maxFreeTimes":10,"increaseTimesGolds":2,"rewardExp":15800,"rewardMoney":6000,"clientShowItems":"3342053;3801040;3801050;3800003;3806004;3801006;3801007;3801004;3400005;3400202;3400006"},"11005":{"id":11005,"type":4,"name":"i18n_900090045","npcId":810007,"group":1008,"condition":[{"operation":1,"param":"60"},{"operation":0,"param":""},{"operation":0,"param":""}],"spIrItConsumption":5,"mopUpGold":7000,"mopUpTime":60,"fightPointRefValue":69348,"sPhotoId":"9230038","bPhotoId":"9210008","desc":"i18n_900090045","rewardExp":16000,"clientShowItems":"3332005;3400018;3800004","bossTeam":211005},"11101":{"id":11101,"type":1,"name":"i18n_900090601","npcId":811007,"group":1009,"condition":[{"operation":1,"param":"61"},{"operation":0,"param":""},{"operation":5,"param":"11004"}],"spIrItConsumption":5,"mopUpGold":8000,"mopUpTime":60,"fightPointRefValue":19485,"sPhotoId":"9230029","bPhotoId":"9210007","desc":"i18n_900090601","maxBuyTimes":10,"maxFreeTimes":10,"increaseTimesGolds":2,"rewardExp":16350,"rewardMoney":6500,"clientShowItems":"3800003;3806004;3801006;3801007;3801004;3400005;3400202;3801040;3801050"},"11102":{"id":11102,"type":1,"name":"i18n_900090602","npcId":811007,"group":1009,"condition":[{"operation":1,"param":"62"},{"operation":0,"param":""},{"operation":5,"param":"11101"}],"spIrItConsumption":5,"mopUpGold":8000,"mopUpTime":60,"fightPointRefValue":20165,"sPhotoId":"9230030","bPhotoId":"9210007","desc":"i18n_900090602","maxBuyTimes":10,"maxFreeTimes":10,"increaseTimesGolds":2,"rewardExp":16900,"rewardMoney":6500,"clientShowItems":"3342051;3801040;3801050;3800003;3806004;3801006;3801007;3801004;3400005;3400202"},"11103":{"id":11103,"type":1,"name":"i18n_900090603","npcId":811007,"group":1009,"condition":[{"operation":1,"param":"63"},{"operation":0,"param":""},{"operation":5,"param":"11102"}],"spIrItConsumption":5,"mopUpGold":8000,"mopUpTime":60,"fightPointRefValue":20845,"sPhotoId":"9230031","bPhotoId":"9210007","desc":"i18n_900090603","maxBuyTimes":10,"maxFreeTimes":10,"increaseTimesGolds":2,"rewardExp":17450,"rewardMoney":6500,"clientShowItems":"3342052;3801040;3801050;3800003;3806004;3801006;3801007;3801004;3400005;3400202"},"11104":{"id":11104,"type":1,"name":"i18n_900090604","npcId":811007,"group":1009,"condition":[{"operation":1,"param":"64"},{"operation":0,"param":""},{"operation":5,"param":"11103"}],"spIrItConsumption":5,"mopUpGold":8000,"mopUpTime":60,"fightPointRefValue":21525,"sPhotoId":"9230032","bPhotoId":"9210007","desc":"i18n_900090604","maxBuyTimes":10,"maxFreeTimes":10,"increaseTimesGolds":2,"rewardExp":18000,"rewardMoney":6500,"clientShowItems":"3342053;3801040;3801050;3800003;3806004;3801006;3801007;3801004;3400005;3400202;3400006"},"11105":{"id":11105,"type":4,"name":"i18n_900090605","npcId":811007,"group":1009,"condition":[{"operation":1,"param":"65"},{"operation":0,"param":""},{"operation":0,"param":""}],"spIrItConsumption":5,"mopUpGold":8000,"mopUpTime":60,"fightPointRefValue":82313,"sPhotoId":"9230033","bPhotoId":"9210007","desc":"i18n_900090605","rewardExp":19000,"clientShowItems":"3332005;3400018;3800004","bossTeam":211105},"11201":{"id":11201,"type":1,"name":"i18n_900090606","npcId":812007,"group":1010,"condition":[{"operation":1,"param":"66"},{"operation":0,"param":""},{"operation":5,"param":"11104"}],"spIrItConsumption":5,"mopUpGold":9000,"mopUpTime":60,"fightPointRefValue":22206,"sPhotoId":"9230034","bPhotoId":"9210008","desc":"i18n_900090606","maxBuyTimes":10,"maxFreeTimes":10,"increaseTimesGolds":2,"rewardExp":18550,"rewardMoney":7000,"clientShowItems":"3800003;3806004;3801006;3801007;3801004;3400005;3400202;3801040;3801050"},"11202":{"id":11202,"type":1,"name":"i18n_900090607","npcId":812007,"group":1010,"condition":[{"operation":1,"param":"67"},{"operation":0,"param":""},{"operation":5,"param":"11201"}],"spIrItConsumption":5,"mopUpGold":9000,"mopUpTime":60,"fightPointRefValue":22886,"sPhotoId":"9230035","bPhotoId":"9210008","desc":"i18n_900090607","maxBuyTimes":10,"maxFreeTimes":10,"increaseTimesGolds":2,"rewardExp":19100,"rewardMoney":7000,"clientShowItems":"3342051;3801040;3801050;3800003;3806004;3801006;3801007;3801004;3400005;3400202"},"11203":{"id":11203,"type":1,"name":"i18n_900090608","npcId":812007,"group":1010,"condition":[{"operation":1,"param":"68"},{"operation":0,"param":""},{"operation":5,"param":"11202"}],"spIrItConsumption":5,"mopUpGold":9000,"mopUpTime":60,"fightPointRefValue":23566,"sPhotoId":"9230036","bPhotoId":"9210008","desc":"i18n_900090608","maxBuyTimes":10,"maxFreeTimes":10,"increaseTimesGolds":2,"rewardExp":19650,"rewardMoney":7000,"clientShowItems":"3342052;3801040;3801050;3800003;3806004;3801006;3801007;3801004;3400005;3400202"},"11204":{"id":11204,"type":1,"name":"i18n_900090609","npcId":812007,"group":1010,"condition":[{"operation":1,"param":"69"},{"operation":0,"param":""},{"operation":5,"param":"11203"}],"spIrItConsumption":5,"mopUpGold":9000,"mopUpTime":60,"fightPointRefValue":24247,"sPhotoId":"9230037","bPhotoId":"9210008","desc":"i18n_900090609","maxBuyTimes":10,"maxFreeTimes":10,"increaseTimesGolds":2,"rewardExp":20200,"rewardMoney":7000,"clientShowItems":"3342053;3801040;3801050;3800003;3806004;3801006;3801007;3801004;3400005;3400202;3400006"},"11205":{"id":11205,"type":4,"name":"i18n_900090610","npcId":812007,"group":1010,"condition":[{"operation":1,"param":"70"},{"operation":0,"param":""},{"operation":0,"param":""}],"spIrItConsumption":5,"mopUpGold":9000,"mopUpTime":60,"fightPointRefValue":97457,"sPhotoId":"9230038","bPhotoId":"9210008","desc":"i18n_900090610","rewardExp":21000,"clientShowItems":"3332005;3400018;3800004","bossTeam":211205},"301":{"id":301,"type":2,"name":"i18n_900090046","npcId":805006,"group":2001,"condition":[{"operation":1,"param":"20"},{"operation":0,"param":""},{"operation":0,"param":""}],"spIrItConsumption":5,"mopUpGold":2000,"mopUpTime":240,"fightPointRefValue":5000,"sPhotoId":"9230039","bPhotoId":"9230039","desc":"i18n_900090046","maxBuyTimes":2,"maxFreeTimes":2,"increaseTimesGolds":5,"rewardExp":4000,"rewardMoney":4000,"clientShowItems":"3600001;3600002;3600003;3600004;3800002;3806003;3801006;3801007;3801004;3400005;3400001;3400002"},"302":{"id":302,"type":2,"name":"i18n_900090047","npcId":805006,"group":2001,"condition":[{"operation":1,"param":"40"},{"operation":0,"param":""},{"operation":0,"param":""}],"spIrItConsumption":5,"mopUpGold":5000,"mopUpTime":240,"fightPointRefValue":9333,"sPhotoId":"9230039","bPhotoId":"9230039","desc":"i18n_900090047","maxBuyTimes":2,"maxFreeTimes":2,"increaseTimesGolds":5,"rewardExp":14000,"rewardMoney":8000,"clientShowItems":"3600001;3600002;3600003;3600004;3800003;3806004;3801006;3801007;3801004;3400005;3400001;3400002"},"303":{"id":303,"type":2,"name":"i18n_900090048","npcId":805006,"group":2001,"condition":[{"operation":1,"param":"60"},{"operation":0,"param":""},{"operation":0,"param":""}],"spIrItConsumption":5,"mopUpGold":10000,"mopUpTime":240,"fightPointRefValue":23333,"sPhotoId":"9230039","bPhotoId":"9230039","desc":"i18n_900090048","maxBuyTimes":2,"maxFreeTimes":2,"increaseTimesGolds":5,"rewardExp":30000,"rewardMoney":12000,"clientShowItems":"3600001;3600002;3600003;3600004;3800004;3806004;3801006;3801007;3801004;3400005;3400001;3400002"},"311":{"id":311,"type":3,"name":"i18n_900090049","npcId":804001,"group":3001,"condition":[{"operation":1,"param":"20"},{"operation":55,"param":"2"},{"operation":0,"param":""}],"spIrItConsumption":5,"mopUpGold":2000,"mopUpTime":120,"fightPointRefValue":5000,"sPhotoId":"9230040","bPhotoId":"9230040","desc":"i18n_900090049","maxBuyTimes":2,"maxFreeTimes":2,"increaseTimesGolds":5,"rewardExp":8000,"rewardMoney":4000,"clientShowItems":";3800002;3806003;3400201;3310301;3310302;3310303;3310304"},"312":{"id":312,"type":3,"name":"i18n_900090050","npcId":803001,"group":3002,"condition":[{"operation":1,"param":"20"},{"operation":55,"param":"1"},{"operation":0,"param":""}],"spIrItConsumption":5,"mopUpGold":2000,"mopUpTime":120,"fightPointRefValue":5000,"sPhotoId":"9230040","bPhotoId":"9230040","desc":"i18n_900090050","maxBuyTimes":2,"maxFreeTimes":2,"increaseTimesGolds":5,"rewardExp":8000,"rewardMoney":4000,"clientShowItems":";3800002;3806003;3400201;3310301;3310302;3310303;3310304"},"313":{"id":313,"type":3,"name":"i18n_900090051","npcId":804001,"group":3001,"condition":[{"operation":1,"param":"40"},{"operation":55,"param":"2"},{"operation":0,"param":""}],"spIrItConsumption":5,"mopUpGold":5000,"mopUpTime":120,"fightPointRefValue":20000,"sPhotoId":"9230040","bPhotoId":"9230040","desc":"i18n_900090051","maxBuyTimes":2,"maxFreeTimes":2,"increaseTimesGolds":5,"rewardExp":13000,"rewardMoney":6000,"clientShowItems":";3800003;3806004;3400201;3310303;3310304;3310305;3310306;3801040;3801041"},"314":{"id":314,"type":3,"name":"i18n_900090052","npcId":803001,"group":3002,"condition":[{"operation":1,"param":"40"},{"operation":55,"param":"1"},{"operation":0,"param":""}],"spIrItConsumption":5,"mopUpGold":5000,"mopUpTime":120,"fightPointRefValue":20000,"sPhotoId":"9230040","bPhotoId":"9230040","desc":"i18n_900090052","maxBuyTimes":2,"maxFreeTimes":2,"increaseTimesGolds":5,"rewardExp":13000,"rewardMoney":6000,"clientShowItems":";3800003;3806004;3400201;3310303;3310304;3310305;3310306;3801040;3801041"},"315":{"id":315,"type":3,"name":"i18n_900090053","npcId":804001,"group":3001,"condition":[{"operation":1,"param":"60"},{"operation":55,"param":"2"},{"operation":0,"param":""}],"spIrItConsumption":5,"mopUpGold":10000,"mopUpTime":120,"fightPointRefValue":50000,"sPhotoId":"9230040","bPhotoId":"9230040","desc":"i18n_900090053","maxBuyTimes":2,"maxFreeTimes":2,"increaseTimesGolds":5,"rewardExp":20000,"rewardMoney":8000,"clientShowItems":";3800004;3806005;3400202;3310305;3310306;3310307;3310308;3801040;3801041;3801050;3801051"},"316":{"id":316,"type":3,"name":"i18n_900090054","npcId":803001,"group":3002,"condition":[{"operation":1,"param":"60"},{"operation":55,"param":"1"},{"operation":0,"param":""}],"spIrItConsumption":5,"mopUpGold":10000,"mopUpTime":120,"fightPointRefValue":50000,"sPhotoId":"9230040","bPhotoId":"9230040","desc":"i18n_900090054","maxBuyTimes":2,"maxFreeTimes":2,"increaseTimesGolds":5,"rewardExp":20000,"rewardMoney":8000,"clientShowItems":";3800004;3806005;3400202;3310305;3310306;3310307;3310308;3801040;3801041;3801050;3801051"},"401":{"id":401,"type":5,"name":"i18n_900090057","group":4001,"condition":[{"operation":1,"param":"10"},{"operation":0,"param":""},{"operation":0,"param":""}],"spIrItConsumption":10,"mopUpGold":2000,"mopUpTime":60,"fightPointRefValue":450,"sPhotoId":"9231001","bPhotoId":"9211001","desc":"i18n_900090057","maxBuyTimes":1,"maxFreeTimes":5,"increaseTimesGolds":5,"clientShowItems":"3333010;3343001;3806001","bossTeam":252001},"402":{"id":402,"type":5,"name":"i18n_900090058","group":4001,"condition":[{"operation":1,"param":"20"},{"operation":0,"param":""},{"operation":5,"param":"401"}],"spIrItConsumption":10,"mopUpGold":2000,"mopUpTime":60,"fightPointRefValue":1800,"sPhotoId":"9231002","bPhotoId":"9211001","desc":"i18n_900090058","maxBuyTimes":1,"maxFreeTimes":5,"increaseTimesGolds":5,"clientShowItems":"3333001;3343001;3806002","bossTeam":252101},"403":{"id":403,"type":5,"name":"i18n_900090059","group":4001,"condition":[{"operation":1,"param":"20"},{"operation":0,"param":""},{"operation":5,"param":"402"}],"spIrItConsumption":10,"mopUpGold":2000,"mopUpTime":60,"fightPointRefValue":7500,"sPhotoId":"9231003","bPhotoId":"9211001","desc":"i18n_900090059","maxBuyTimes":1,"maxFreeTimes":5,"increaseTimesGolds":5,"clientShowItems":"3333001;3343001;3806002","bossTeam":252201},"411":{"id":411,"type":5,"name":"i18n_900090060","group":4002,"condition":[{"operation":1,"param":"30"},{"operation":0,"param":""},{"operation":0,"param":""}],"spIrItConsumption":10,"mopUpGold":3000,"mopUpTime":60,"fightPointRefValue":4500,"sPhotoId":"9231001","bPhotoId":"9211002","desc":"i18n_900090060","maxBuyTimes":1,"maxFreeTimes":5,"increaseTimesGolds":5,"clientShowItems":"3333002;3801040;3343002;3806003","bossTeam":253001},"412":{"id":412,"type":5,"name":"i18n_900090061","group":4002,"condition":[{"operation":1,"param":"30"},{"operation":0,"param":""},{"operation":5,"param":"411"}],"spIrItConsumption":10,"mopUpGold":3000,"mopUpTime":60,"fightPointRefValue":15000,"sPhotoId":"9231002","bPhotoId":"9211002","desc":"i18n_900090061","maxBuyTimes":1,"maxFreeTimes":5,"increaseTimesGolds":5,"clientShowItems":"3333002;3801040;3343002;3806003","bossTeam":253101},"413":{"id":413,"type":5,"name":"i18n_900090062","group":4002,"condition":[{"operation":1,"param":"30"},{"operation":0,"param":""},{"operation":5,"param":"412"}],"spIrItConsumption":10,"mopUpGold":3000,"mopUpTime":60,"fightPointRefValue":20000,"sPhotoId":"9231003","bPhotoId":"9211002","desc":"i18n_900090062","maxBuyTimes":1,"maxFreeTimes":5,"increaseTimesGolds":5,"clientShowItems":"3333002;3801040;3343002;3806004","bossTeam":253201},"421":{"id":421,"type":5,"name":"i18n_900090063","group":4003,"condition":[{"operation":1,"param":"40"},{"operation":0,"param":""},{"operation":0,"param":""}],"spIrItConsumption":10,"mopUpGold":4000,"mopUpTime":60,"fightPointRefValue":14000,"sPhotoId":"9231001","bPhotoId":"9211003","desc":"i18n_900090063","maxBuyTimes":1,"maxFreeTimes":5,"increaseTimesGolds":5,"clientShowItems":"3333003;3801040;3343003;3806004","bossTeam":254001},"422":{"id":422,"type":5,"name":"i18n_900090064","group":4003,"condition":[{"operation":1,"param":"40"},{"operation":0,"param":""},{"operation":5,"param":"421"}],"spIrItConsumption":10,"mopUpGold":4000,"mopUpTime":60,"fightPointRefValue":18000,"sPhotoId":"9231002","bPhotoId":"9211003","desc":"i18n_900090064","maxBuyTimes":1,"maxFreeTimes":5,"increaseTimesGolds":5,"clientShowItems":"3333003;3801040;3343003;3806004","bossTeam":254101},"423":{"id":423,"type":5,"name":"i18n_900090065","group":4003,"condition":[{"operation":1,"param":"40"},{"operation":0,"param":""},{"operation":5,"param":"422"}],"spIrItConsumption":10,"mopUpGold":4000,"mopUpTime":60,"fightPointRefValue":25000,"sPhotoId":"9231003","bPhotoId":"9211003","desc":"i18n_900090065","maxBuyTimes":1,"maxFreeTimes":5,"increaseTimesGolds":5,"clientShowItems":"3333003;3801040;3343003;3806005","bossTeam":254201},"431":{"id":431,"type":5,"name":"i18n_900090066","group":4004,"condition":[{"operation":1,"param":"50"},{"operation":0,"param":""},{"operation":0,"param":""}],"spIrItConsumption":10,"mopUpGold":5000,"mopUpTime":60,"fightPointRefValue":22000,"sPhotoId":"9231001","bPhotoId":"9211004","desc":"i18n_900090066","maxBuyTimes":1,"maxFreeTimes":5,"increaseTimesGolds":5,"clientShowItems":"3333004;3801040;3343004;3806005","bossTeam":255001},"432":{"id":432,"type":5,"name":"i18n_900090067","group":4004,"condition":[{"operation":1,"param":"50"},{"operation":0,"param":""},{"operation":5,"param":"431"}],"spIrItConsumption":10,"mopUpGold":5000,"mopUpTime":60,"fightPointRefValue":35000,"sPhotoId":"9231002","bPhotoId":"9211004","desc":"i18n_900090067","maxBuyTimes":1,"maxFreeTimes":5,"increaseTimesGolds":5,"clientShowItems":"3333004;3801040;3343004;3806005","bossTeam":255101},"433":{"id":433,"type":5,"name":"i18n_900090068","group":4004,"condition":[{"operation":1,"param":"50"},{"operation":0,"param":""},{"operation":5,"param":"432"}],"spIrItConsumption":10,"mopUpGold":5000,"mopUpTime":60,"fightPointRefValue":40000,"sPhotoId":"9231003","bPhotoId":"9211004","desc":"i18n_900090068","maxBuyTimes":1,"maxFreeTimes":5,"increaseTimesGolds":5,"clientShowItems":"3333004;3801040;3343004;3806006","bossTeam":255201},"441":{"id":441,"type":5,"name":"i18n_900090069","group":4005,"condition":[{"operation":1,"param":"60"},{"operation":0,"param":""},{"operation":0,"param":""}],"spIrItConsumption":10,"mopUpGold":6000,"mopUpTime":60,"fightPointRefValue":39000,"sPhotoId":"9231001","bPhotoId":"9211005","desc":"i18n_900090069","maxBuyTimes":1,"maxFreeTimes":5,"increaseTimesGolds":5,"clientShowItems":"3343005;3801040;3333005;3806006","bossTeam":256001},"442":{"id":442,"type":5,"name":"i18n_900090070","group":4005,"condition":[{"operation":1,"param":"60"},{"operation":0,"param":""},{"operation":5,"param":"441"}],"spIrItConsumption":10,"mopUpGold":6000,"mopUpTime":60,"fightPointRefValue":48000,"sPhotoId":"9231002","bPhotoId":"9211005","desc":"i18n_900090070","maxBuyTimes":1,"maxFreeTimes":5,"increaseTimesGolds":5,"clientShowItems":"3343005;3801040;3333005;3806006","bossTeam":256101},"443":{"id":443,"type":5,"name":"i18n_900090071","group":4005,"condition":[{"operation":1,"param":"60"},{"operation":0,"param":""},{"operation":5,"param":"442"}],"spIrItConsumption":10,"mopUpGold":6000,"mopUpTime":60,"fightPointRefValue":58000,"sPhotoId":"9231003","bPhotoId":"9211005","desc":"i18n_900090071","maxBuyTimes":1,"maxFreeTimes":5,"increaseTimesGolds":5,"clientShowItems":"3343005;3801040;3333005;3806006","bossTeam":256201},"451":{"id":451,"type":5,"name":"i18n_900090072","group":4006,"condition":[{"operation":1,"param":"70"},{"operation":0,"param":""},{"operation":0,"param":""}],"spIrItConsumption":10,"mopUpGold":7000,"mopUpTime":60,"fightPointRefValue":82950,"sPhotoId":"9231001","bPhotoId":"9211006","desc":"i18n_900090072","maxBuyTimes":1,"maxFreeTimes":5,"increaseTimesGolds":5,"clientShowItems":"3343006;3801040;3333006;3806006","bossTeam":257001},"452":{"id":452,"type":5,"name":"i18n_900090073","group":4006,"condition":[{"operation":1,"param":"70"},{"operation":0,"param":""},{"operation":5,"param":"451"}],"spIrItConsumption":10,"mopUpGold":7000,"mopUpTime":60,"fightPointRefValue":100274,"sPhotoId":"9231002","bPhotoId":"9211006","desc":"i18n_900090073","maxBuyTimes":1,"maxFreeTimes":5,"increaseTimesGolds":5,"clientShowItems":"3343006;3801040;3333006;3806006","bossTeam":257101},"453":{"id":453,"type":5,"name":"i18n_900090074","group":4006,"condition":[{"operation":1,"param":"70"},{"operation":0,"param":""},{"operation":5,"param":"452"}],"spIrItConsumption":10,"mopUpGold":7000,"mopUpTime":60,"fightPointRefValue":148207,"sPhotoId":"9231003","bPhotoId":"9211006","desc":"i18n_900090074","maxBuyTimes":1,"maxFreeTimes":5,"increaseTimesGolds":5,"clientShowItems":"3343006;3801040;3333006;3806006","bossTeam":257201},"461":{"id":461,"type":5,"name":"i18n_900090075","group":4007,"condition":[{"operation":1,"param":"80"},{"operation":0,"param":""},{"operation":0,"param":""}],"spIrItConsumption":10,"mopUpGold":10000,"mopUpTime":60,"fightPointRefValue":999999,"sPhotoId":"9231001","bPhotoId":"9211007","desc":"i18n_900090075","maxBuyTimes":1,"maxFreeTimes":5,"increaseTimesGolds":5,"clientShowItems":"3343007;3801040;3333007;3806006","bossTeam":258001},"462":{"id":462,"type":5,"name":"i18n_900090076","group":4007,"condition":[{"operation":1,"param":"80"},{"operation":0,"param":""},{"operation":5,"param":"461"}],"spIrItConsumption":10,"mopUpGold":10000,"mopUpTime":60,"fightPointRefValue":999999,"sPhotoId":"9231002","bPhotoId":"9211007","desc":"i18n_900090076","maxBuyTimes":1,"maxFreeTimes":5,"increaseTimesGolds":5,"clientShowItems":"3343007;3801040;3333007;3806006","bossTeam":258101},"463":{"id":463,"type":5,"name":"i18n_900090077","group":4007,"condition":[{"operation":1,"param":"80"},{"operation":0,"param":""},{"operation":5,"param":"462"}],"spIrItConsumption":10,"mopUpGold":10000,"mopUpTime":60,"fightPointRefValue":999999,"sPhotoId":"9231003","bPhotoId":"9211007","desc":"i18n_900090077","maxBuyTimes":1,"maxFreeTimes":5,"increaseTimesGolds":5,"clientShowItems":"3343007;3801040;3333007;3806006","bossTeam":258201},"501":{"id":501,"type":6,"condition":[{"operation":1,"param":"30"},{"operation":0,"param":""},{"operation":0,"param":""}],"spIrItConsumption":5,"mopUpGold":2000,"mopUpTime":60,"fightPointRefValue":1000,"clientShowItems":"3400016*1-2;3800004*1","bossTeam":263001},"502":{"id":502,"type":6,"condition":[{"operation":1,"param":"30"},{"operation":0,"param":""},{"operation":5,"param":"501"}],"spIrItConsumption":5,"mopUpGold":2000,"mopUpTime":60,"fightPointRefValue":1000,"clientShowItems":"3400016*1-2;3800004*1","bossTeam":263101},"503":{"id":503,"type":6,"condition":[{"operation":1,"param":"30"},{"operation":0,"param":""},{"operation":5,"param":"502"}],"spIrItConsumption":7,"mopUpGold":2000,"mopUpTime":60,"fightPointRefValue":1000,"bossIcon":"1","clientShowItems":"3400016*1-3;3800004*2;3400019*1","bossTeam":263201},"504":{"id":504,"type":6,"condition":[{"operation":1,"param":"30"},{"operation":0,"param":""},{"operation":5,"param":"503"}],"spIrItConsumption":5,"mopUpGold":2000,"mopUpTime":60,"fightPointRefValue":1000,"clientShowItems":"3400016*1-4;3800004*1","bossTeam":263301},"505":{"id":505,"type":6,"condition":[{"operation":1,"param":"30"},{"operation":0,"param":""},{"operation":5,"param":"504"}],"spIrItConsumption":5,"mopUpGold":2000,"mopUpTime":60,"fightPointRefValue":1000,"clientShowItems":"3400016*1-4;3800004*1","bossTeam":263401},"506":{"id":506,"type":6,"condition":[{"operation":1,"param":"30"},{"operation":0,"param":""},{"operation":5,"param":"505"}],"spIrItConsumption":10,"mopUpGold":2000,"mopUpTime":60,"fightPointRefValue":1000,"bossIcon":"2","clientShowItems":"3400016*1-5;3800004*3;3400019*1","bossTeam":263501},"511":{"id":511,"type":6,"condition":[{"operation":1,"param":"40"},{"operation":0,"param":""},{"operation":0,"param":""}],"spIrItConsumption":5,"mopUpGold":3000,"mopUpTime":60,"fightPointRefValue":1000,"clientShowItems":"3400016*1-5;3800005*1","bossTeam":264001},"512":{"id":512,"type":6,"condition":[{"operation":1,"param":"40"},{"operation":0,"param":""},{"operation":5,"param":"511"}],"spIrItConsumption":5,"mopUpGold":3000,"mopUpTime":60,"fightPointRefValue":1000,"clientShowItems":"3400016*1-5;3800005*1","bossTeam":264101},"513":{"id":513,"type":6,"condition":[{"operation":1,"param":"40"},{"operation":0,"param":""},{"operation":5,"param":"512"}],"spIrItConsumption":7,"mopUpGold":3000,"mopUpTime":60,"fightPointRefValue":1000,"bossIcon":"3","clientShowItems":"3400016*1-5;3800005*2;3400019*1","bossTeam":264201},"514":{"id":514,"type":6,"condition":[{"operation":1,"param":"40"},{"operation":0,"param":""},{"operation":5,"param":"513"}],"spIrItConsumption":5,"mopUpGold":3000,"mopUpTime":60,"fightPointRefValue":1000,"clientShowItems":"3400016*1-5;3800005*1","bossTeam":264301},"515":{"id":515,"type":6,"condition":[{"operation":1,"param":"40"},{"operation":0,"param":""},{"operation":5,"param":"514"}],"spIrItConsumption":5,"mopUpGold":3000,"mopUpTime":60,"fightPointRefValue":1000,"clientShowItems":"3400016*1-5;3800005*1","bossTeam":264401},"516":{"id":516,"type":6,"condition":[{"operation":1,"param":"40"},{"operation":0,"param":""},{"operation":5,"param":"515"}],"spIrItConsumption":10,"mopUpGold":3000,"mopUpTime":60,"fightPointRefValue":1000,"bossIcon":"4","clientShowItems":"3400016*2-8;3800005*3;3400019*1","bossTeam":264501},"521":{"id":521,"type":6,"condition":[{"operation":1,"param":"50"},{"operation":0,"param":""},{"operation":0,"param":""}],"spIrItConsumption":5,"mopUpGold":4000,"mopUpTime":60,"fightPointRefValue":1000,"clientShowItems":"3400016*1-9;3800005*1;3801050*1","bossTeam":265001},"522":{"id":522,"type":6,"condition":[{"operation":1,"param":"50"},{"operation":0,"param":""},{"operation":5,"param":"521"}],"spIrItConsumption":5,"mopUpGold":4000,"mopUpTime":60,"fightPointRefValue":1000,"clientShowItems":"3400016*1-9;3800005*1;3801050*1","bossTeam":265101},"523":{"id":523,"type":6,"condition":[{"operation":1,"param":"50"},{"operation":0,"param":""},{"operation":5,"param":"522"}],"spIrItConsumption":7,"mopUpGold":4000,"mopUpTime":60,"fightPointRefValue":1000,"bossIcon":"5","clientShowItems":"3400016*2-10;3800005*2;3400019*1;3801050*1","bossTeam":265201},"524":{"id":524,"type":6,"condition":[{"operation":1,"param":"50"},{"operation":0,"param":""},{"operation":5,"param":"523"}],"spIrItConsumption":5,"mopUpGold":4000,"mopUpTime":60,"fightPointRefValue":1000,"clientShowItems":"3400016*1-10;3800005*1;3801050*1","bossTeam":265301},"525":{"id":525,"type":6,"condition":[{"operation":1,"param":"50"},{"operation":0,"param":""},{"operation":5,"param":"524"}],"spIrItConsumption":5,"mopUpGold":4000,"mopUpTime":60,"fightPointRefValue":1000,"clientShowItems":"3400016*1-10;3800005*1;3801050*1","bossTeam":265401},"526":{"id":526,"type":6,"condition":[{"operation":1,"param":"50"},{"operation":0,"param":""},{"operation":5,"param":"525"}],"spIrItConsumption":10,"mopUpGold":4000,"mopUpTime":60,"fightPointRefValue":1000,"bossIcon":"6","clientShowItems":"3400016*2-15;3800005*3;3400019*1;3801050*2","bossTeam":265501},"531":{"id":531,"type":6,"condition":[{"operation":1,"param":"60"},{"operation":0,"param":""},{"operation":0,"param":""}],"spIrItConsumption":5,"mopUpGold":5000,"mopUpTime":60,"fightPointRefValue":1000,"clientShowItems":"3400016*1-12;3800005*1;3801050*1","bossTeam":266001},"532":{"id":532,"type":6,"condition":[{"operation":1,"param":"60"},{"operation":0,"param":""},{"operation":5,"param":"531"}],"spIrItConsumption":5,"mopUpGold":5000,"mopUpTime":60,"fightPointRefValue":1000,"clientShowItems":"3400016*1-12;3800005*1;3801050*1","bossTeam":266101},"533":{"id":533,"type":6,"condition":[{"operation":1,"param":"60"},{"operation":0,"param":""},{"operation":5,"param":"532"}],"spIrItConsumption":7,"mopUpGold":5000,"mopUpTime":60,"fightPointRefValue":1000,"bossIcon":"7","clientShowItems":"3400016*2-12;3800005*2;3400019*1;3801050*1","bossTeam":266201},"534":{"id":534,"type":6,"condition":[{"operation":1,"param":"60"},{"operation":0,"param":""},{"operation":5,"param":"533"}],"spIrItConsumption":5,"mopUpGold":5000,"mopUpTime":60,"fightPointRefValue":1000,"clientShowItems":"3400016*1-12;3800005*1;3801050*1","bossTeam":266301},"535":{"id":535,"type":6,"condition":[{"operation":1,"param":"60"},{"operation":0,"param":""},{"operation":5,"param":"534"}],"spIrItConsumption":5,"mopUpGold":5000,"mopUpTime":60,"fightPointRefValue":1000,"clientShowItems":"3400016*1-12;3800005*1;3801050*1","bossTeam":266401},"536":{"id":536,"type":6,"condition":[{"operation":1,"param":"60"},{"operation":0,"param":""},{"operation":5,"param":"535"}],"spIrItConsumption":10,"mopUpGold":5000,"mopUpTime":60,"fightPointRefValue":1000,"bossIcon":"8","clientShowItems":"3400016*2-15;3800005*3;3400019*1;3801050*2","bossTeam":266501},"541":{"id":541,"type":6,"condition":[{"operation":1,"param":"70"},{"operation":0,"param":""},{"operation":0,"param":""}],"spIrItConsumption":5,"mopUpGold":6000,"mopUpTime":60,"fightPointRefValue":1000,"clientShowItems":"3400016*1-15;3800005*1;3801050*1","bossTeam":267001},"542":{"id":542,"type":6,"condition":[{"operation":1,"param":"70"},{"operation":0,"param":""},{"operation":5,"param":"541"}],"spIrItConsumption":5,"mopUpGold":6000,"mopUpTime":60,"fightPointRefValue":1000,"clientShowItems":"3400016*1-15;3800005*1;3801050*1","bossTeam":267101},"543":{"id":543,"type":6,"condition":[{"operation":1,"param":"70"},{"operation":0,"param":""},{"operation":5,"param":"542"}],"spIrItConsumption":7,"mopUpGold":6000,"mopUpTime":60,"fightPointRefValue":1000,"bossIcon":"9","clientShowItems":"3400016*3-16;3800005*2;3400019*1;3801050*1","bossTeam":267201},"544":{"id":544,"type":6,"condition":[{"operation":1,"param":"70"},{"operation":0,"param":""},{"operation":5,"param":"543"}],"spIrItConsumption":5,"mopUpGold":6000,"mopUpTime":60,"fightPointRefValue":1000,"clientShowItems":"3400016*1-18;3800005*1;3801050*1","bossTeam":267301},"545":{"id":545,"type":6,"condition":[{"operation":1,"param":"70"},{"operation":0,"param":""},{"operation":5,"param":"544"}],"spIrItConsumption":5,"mopUpGold":6000,"mopUpTime":60,"fightPointRefValue":1000,"clientShowItems":"3400016*1-18;3800005*1;3801050*1","bossTeam":267401},"546":{"id":546,"type":6,"condition":[{"operation":1,"param":"70"},{"operation":0,"param":""},{"operation":5,"param":"545"}],"spIrItConsumption":10,"mopUpGold":6000,"mopUpTime":60,"fightPointRefValue":1000,"bossIcon":"10","clientShowItems":"3400016*3-20;3800005*3;3400019*1;3801050*2","bossTeam":267501},"551":{"id":551,"type":6,"condition":[{"operation":1,"param":"80"},{"operation":0,"param":""},{"operation":0,"param":""}],"spIrItConsumption":5,"mopUpGold":8000,"mopUpTime":60,"fightPointRefValue":1000,"clientShowItems":"3400016*1-20;3800005*1;3801050*1","bossTeam":268001},"552":{"id":552,"type":6,"condition":[{"operation":1,"param":"80"},{"operation":0,"param":""},{"operation":5,"param":"551"}],"spIrItConsumption":5,"mopUpGold":8000,"mopUpTime":60,"fightPointRefValue":1000,"clientShowItems":"3400016*1-20;3800005*1;3801050*1","bossTeam":268101},"553":{"id":553,"type":6,"condition":[{"operation":1,"param":"80"},{"operation":0,"param":""},{"operation":5,"param":"552"}],"spIrItConsumption":7,"mopUpGold":8000,"mopUpTime":60,"fightPointRefValue":1000,"bossIcon":"11","clientShowItems":"3400016*3-22;3800005*2;3400019*1;3801050*1","bossTeam":268201},"554":{"id":554,"type":6,"condition":[{"operation":1,"param":"80"},{"operation":0,"param":""},{"operation":5,"param":"553"}],"spIrItConsumption":5,"mopUpGold":8000,"mopUpTime":60,"fightPointRefValue":1000,"clientShowItems":"3400016*1-21;3800005*1;3801050*1","bossTeam":268301},"555":{"id":555,"type":6,"condition":[{"operation":1,"param":"80"},{"operation":0,"param":""},{"operation":5,"param":"554"}],"spIrItConsumption":5,"mopUpGold":8000,"mopUpTime":60,"fightPointRefValue":1000,"clientShowItems":"3400016*1-21;3800005*1;3801050*1","bossTeam":268401},"556":{"id":556,"type":6,"condition":[{"operation":1,"param":"80"},{"operation":0,"param":""},{"operation":5,"param":"555"}],"spIrItConsumption":10,"mopUpGold":8000,"mopUpTime":60,"fightPointRefValue":1000,"bossIcon":"12","clientShowItems":"3400016*3-30;3800005*3;3400019*1;3801050*2","bossTeam":268501}}