{"1":{"id":1,"dungeonSuitName":"i18n_910006001","openLevel":10,"dungeonId":[401,402,403],"background":9212001},"2":{"id":2,"dungeonSuitName":"i18n_910006002","openLevel":30,"dungeonId":[411,412,413],"background":9212002},"3":{"id":3,"dungeonSuitName":"i18n_910006003","openLevel":40,"dungeonId":[421,422,423],"background":9212003},"4":{"id":4,"dungeonSuitName":"i18n_910006004","openLevel":50,"dungeonId":[431,432,433],"background":9212004},"5":{"id":5,"dungeonSuitName":"i18n_910006005","openLevel":60,"dungeonId":[441,442,443],"background":9212005},"6":{"id":6,"dungeonSuitName":"i18n_910006006","openLevel":70,"dungeonId":[451,452,453],"background":9212006},"7":{"id":7,"dungeonSuitName":"i18n_910006007","openLevel":80,"dungeonId":[461,462,463],"background":9212007}}