{"1":{"id":1,"openLevel":30,"dungeonId":[501,502,503,504,505,506],"backColor":"0x51CE92"},"2":{"id":2,"openLevel":40,"dungeonId":[511,512,513,514,515,516],"backColor":"0x51CE92"},"3":{"id":3,"openLevel":50,"dungeonId":[521,522,523,524,525,526],"backColor":"0x51CE92"},"4":{"id":4,"openLevel":60,"dungeonId":[531,532,533,534,535,536],"backColor":"0x6DB9DF"},"5":{"id":5,"openLevel":70,"dungeonId":[541,542,543,544,545,546],"backColor":"0x6DB9DF"},"6":{"id":6,"openLevel":80,"dungeonId":[551,552,553,554,555,556],"backColor":"0x6DB9DF"}}