{"20":{"2":{"level":20,"quality":2,"refiningItemID":3400201,"refiningItemNum":1,"refiningGold":2000},"3":{"level":20,"quality":3,"refiningItemID":3400202,"refiningItemNum":1,"refiningGold":5000},"4":{"level":20,"quality":4,"refiningItemID":3400203,"refiningItemNum":1,"refiningGold":10000},"5":{"level":20,"quality":5,"refiningItemID":3400204,"refiningItemNum":1,"refiningGold":20000}},"30":{"2":{"level":30,"quality":2,"refiningItemID":3400201,"refiningItemNum":1,"refiningGold":5000,"disassembleSection":"2-900,4-100","disassembleGold":2000,"sumUp":"1-800,2-190,3-10","attrUp":10,"attrDown":10,"alwaysUp":100,"disassembleMax":120},"3":{"level":30,"quality":3,"refiningItemID":3400202,"refiningItemNum":1,"refiningGold":10000,"disassembleSection":"2-900,4-100","disassembleGold":2000,"sumUp":"1-800,2-190,3-10","attrUp":10,"attrDown":10,"alwaysUp":100,"disassembleMax":120},"4":{"level":30,"quality":4,"refiningItemID":3400203,"refiningItemNum":1,"refiningGold":20000,"disassembleSection":"2-900,4-100","disassembleGold":2000,"sumUp":"1-800,2-190,3-10","attrUp":10,"attrDown":10,"alwaysUp":100,"disassembleMax":120},"5":{"level":30,"quality":5,"refiningItemID":3400204,"refiningItemNum":1,"refiningGold":40000,"disassembleSection":"2-900,4-100","disassembleGold":2000,"sumUp":"1-800,2-190,3-10","attrUp":10,"attrDown":10,"alwaysUp":100,"disassembleMax":120}},"40":{"2":{"level":40,"quality":2,"refiningItemID":3400201,"refiningItemNum":2,"refiningGold":10000,"disassembleSection":"3-900,6-100","disassembleGold":5000,"sumUp":"1-800,2-190,3-10","attrUp":10,"attrDown":10,"alwaysUp":100,"disassembleMax":120},"3":{"level":40,"quality":3,"refiningItemID":3400202,"refiningItemNum":2,"refiningGold":20000,"disassembleSection":"3-900,6-100","disassembleGold":5000,"sumUp":"1-800,2-190,3-10","attrUp":10,"attrDown":10,"alwaysUp":100,"disassembleMax":120},"4":{"level":40,"quality":4,"refiningItemID":3400203,"refiningItemNum":2,"refiningGold":40000,"disassembleSection":"3-900,6-100","disassembleGold":5000,"sumUp":"1-800,2-190,3-10","attrUp":10,"attrDown":10,"alwaysUp":100,"disassembleMax":120},"5":{"level":40,"quality":5,"refiningItemID":3400204,"refiningItemNum":2,"refiningGold":80000,"disassembleSection":"3-900,6-100","disassembleGold":5000,"sumUp":"1-800,2-190,3-10","attrUp":10,"attrDown":10,"alwaysUp":100,"disassembleMax":120}},"50":{"2":{"level":50,"quality":2,"refiningItemID":3400201,"refiningItemNum":3,"refiningGold":20000,"disassembleSection":"5-900,10-100","disassembleGold":10000,"sumUp":"1-800,2-190,3-10","attrUp":10,"attrDown":10,"alwaysUp":100,"disassembleMax":120},"3":{"level":50,"quality":3,"refiningItemID":3400202,"refiningItemNum":3,"refiningGold":40000,"disassembleSection":"5-900,10-100","disassembleGold":10000,"sumUp":"1-800,2-190,3-10","attrUp":10,"attrDown":10,"alwaysUp":100,"disassembleMax":120},"4":{"level":50,"quality":4,"refiningItemID":3400203,"refiningItemNum":3,"refiningGold":80000,"disassembleSection":"5-900,10-100","disassembleGold":10000,"sumUp":"1-800,2-190,3-10","attrUp":10,"attrDown":10,"alwaysUp":100,"disassembleMax":120},"5":{"level":50,"quality":5,"refiningItemID":3400204,"refiningItemNum":3,"refiningGold":120000,"disassembleSection":"5-900,10-100","disassembleGold":10000,"sumUp":"1-800,2-190,3-10","attrUp":10,"attrDown":10,"alwaysUp":100,"disassembleMax":120}},"60":{"2":{"level":60,"quality":2,"refiningItemID":3400201,"refiningItemNum":4,"refiningGold":30000,"disassembleSection":"8-900,16-100","disassembleGold":20000,"sumUp":"1-800,2-190,3-10","attrUp":10,"attrDown":10,"alwaysUp":100,"disassembleMax":120},"3":{"level":60,"quality":3,"refiningItemID":3400202,"refiningItemNum":4,"refiningGold":50000,"disassembleSection":"8-900,16-100","disassembleGold":20000,"sumUp":"1-800,2-190,3-10","attrUp":10,"attrDown":10,"alwaysUp":100,"disassembleMax":120},"4":{"level":60,"quality":4,"refiningItemID":3400203,"refiningItemNum":4,"refiningGold":100000,"disassembleSection":"8-900,16-100","disassembleGold":20000,"sumUp":"1-800,2-190,3-10","attrUp":10,"attrDown":10,"alwaysUp":100,"disassembleMax":120},"5":{"level":60,"quality":5,"refiningItemID":3400204,"refiningItemNum":4,"refiningGold":200000,"disassembleSection":"8-900,16-100","disassembleGold":20000,"sumUp":"1-800,2-190,3-10","attrUp":10,"attrDown":10,"alwaysUp":100,"disassembleMax":120}},"70":{"2":{"level":70,"quality":2,"refiningItemID":3400201,"refiningItemNum":5,"refiningGold":30000},"3":{"level":70,"quality":3,"refiningItemID":3400202,"refiningItemNum":5,"refiningGold":50000},"4":{"level":70,"quality":4,"refiningItemID":3400203,"refiningItemNum":5,"refiningGold":100000},"5":{"level":70,"quality":5,"refiningItemID":3400204,"refiningItemNum":5,"refiningGold":200000}},"80":{"2":{"level":80,"quality":2,"refiningItemID":3400201,"refiningItemNum":6,"refiningGold":30000},"3":{"level":80,"quality":3,"refiningItemID":3400202,"refiningItemNum":6,"refiningGold":50000},"4":{"level":80,"quality":4,"refiningItemID":3400203,"refiningItemNum":6,"refiningGold":100000},"5":{"level":80,"quality":5,"refiningItemID":3400204,"refiningItemNum":6,"refiningGold":200000}},"90":{"2":{"level":90,"quality":2,"refiningItemID":3400201,"refiningItemNum":8,"refiningGold":30000},"3":{"level":90,"quality":3,"refiningItemID":3400202,"refiningItemNum":8,"refiningGold":50000},"4":{"level":90,"quality":4,"refiningItemID":3400203,"refiningItemNum":8,"refiningGold":100000},"5":{"level":90,"quality":5,"refiningItemID":3400204,"refiningItemNum":8,"refiningGold":200000}},"100":{"2":{"level":100,"quality":2,"refiningItemID":3400201,"refiningItemNum":10,"refiningGold":30000},"3":{"level":100,"quality":3,"refiningItemID":3400202,"refiningItemNum":10,"refiningGold":50000},"4":{"level":100,"quality":4,"refiningItemID":3400203,"refiningItemNum":10,"refiningGold":100000},"5":{"level":100,"quality":5,"refiningItemID":3400204,"refiningItemNum":10,"refiningGold":200000}}}