{"100300":{"id":100300,"rate":5,"hp":"1-800","mp":"1-400","phisicalAttack":"1-150","phisicalDefense":"1-130","handSpeed":"1-150","hitRate":"1-110","avoidRate":"1-100","punchValue":"1-80","returnValue":"1-75"},"100400":{"id":100400,"rate":5,"hp":"1-1100","mp":"1-600","phisicalAttack":"1-180","phisicalDefense":"1-160","handSpeed":"1-180","hitRate":"1-160","avoidRate":"1-140","punchValue":"1-100","returnValue":"1-95"},"100500":{"id":100500,"rate":4,"hp":"1-1600","mp":"1-800","phisicalAttack":"1-230","phisicalDefense":"1-200","handSpeed":"1-210","hitRate":"1-230","avoidRate":"1-190","punchValue":"1-120","returnValue":"1-110"},"100600":{"id":100600,"rate":3,"hp":"1-2200","mp":"1-1000","phisicalAttack":"1-300","phisicalDefense":"1-260","handSpeed":"1-250","hitRate":"1-290","avoidRate":"1-260","punchValue":"1-145","returnValue":"1-130"},"100700":{"id":100700,"rate":2,"hp":"1-3000","mp":"1-1200","phisicalAttack":"1-350","phisicalDefense":"1-300","handSpeed":"1-300","hitRate":"1-350","avoidRate":"1-320","punchValue":"1-160","returnValue":"1-145"},"100800":{"id":100800,"rate":2,"hp":"1-4000","mp":"1-1500","phisicalAttack":"1-410","phisicalDefense":"1-350","handSpeed":"1-350","hitRate":"1-440","avoidRate":"1-390","punchValue":"1-180","returnValue":"1-165"},"100900":{"id":100900,"rate":1,"hp":"1-5000","mp":"1-2000","phisicalAttack":"1-500","phisicalDefense":"1-420","handSpeed":"1-400","hitRate":"1-500","avoidRate":"1-450","punchValue":"1-200","returnValue":"1-185"},"101000":{"id":101000,"rate":1,"hp":"1-6500","mp":"1-2500","phisicalAttack":"1-600","phisicalDefense":"1-500","handSpeed":"1-500","hitRate":"1-600","avoidRate":"1-500","punchValue":"1-225","returnValue":"1-205"}}