{"1":{"level":1,"percent":100,"addPercent":19,"needMoney":5000,"timeCD":300},"2":{"level":2,"percent":100,"addPercent":19,"needMoney":5000,"timeCD":300},"3":{"level":3,"percent":100,"addPercent":19,"needMoney":5000,"timeCD":300},"4":{"level":4,"percent":100,"addPercent":19,"needMoney":5000,"timeCD":300},"5":{"level":5,"percent":100,"addPercent":19,"needMoney":5000,"timeCD":300},"6":{"level":6,"percent":100,"addPercent":19,"needMoney":5000,"timeCD":300},"7":{"level":7,"percent":100,"addPercent":19,"needMoney":5000,"timeCD":300},"8":{"level":8,"percent":100,"addPercent":19,"needMoney":5000,"timeCD":300},"9":{"level":9,"percent":100,"addPercent":19,"needMoney":5000,"timeCD":300},"10":{"level":10,"percent":100,"addPercent":19,"needMoney":5000,"timeCD":600},"11":{"level":11,"percent":100,"addPercent":19,"needMoney":10000,"timeCD":600},"12":{"level":12,"percent":100,"addPercent":19,"needMoney":10000,"timeCD":600},"13":{"level":13,"percent":100,"addPercent":19,"needMoney":10000,"timeCD":600},"14":{"level":14,"percent":100,"addPercent":19,"needMoney":10000,"timeCD":600},"15":{"level":15,"percent":100,"addPercent":19,"needMoney":10000,"timeCD":600},"16":{"level":16,"percent":85,"addPercent":19,"needMoney":20000,"needItemNum":1,"timeCD":600},"17":{"level":17,"percent":85,"addPercent":19,"needMoney":20000,"needItemNum":1,"timeCD":600},"18":{"level":18,"percent":85,"addPercent":19,"needMoney":20000,"needItemNum":1,"timeCD":600},"19":{"level":19,"percent":85,"addPercent":19,"needMoney":20000,"needItemNum":1,"timeCD":600},"20":{"level":20,"percent":85,"addPercent":19,"needMoney":20000,"needItemNum":1,"timeCD":600},"21":{"level":21,"percent":80,"addPercent":19,"needMoney":40000,"needItemNum":1,"timeCD":900},"22":{"level":22,"percent":80,"addPercent":19,"needMoney":40000,"needItemNum":1,"timeCD":900},"23":{"level":23,"percent":80,"addPercent":19,"needMoney":40000,"needItemNum":1,"timeCD":900},"24":{"level":24,"percent":80,"addPercent":19,"needMoney":40000,"needItemNum":1,"timeCD":900},"25":{"level":25,"percent":80,"addPercent":19,"needMoney":40000,"needItemNum":1,"timeCD":900},"26":{"level":26,"percent":70,"addPercent":19,"needMoney":60000,"needItemNum":2,"timeCD":900},"27":{"level":27,"percent":70,"addPercent":19,"needMoney":60000,"needItemNum":2,"timeCD":900},"28":{"level":28,"percent":70,"addPercent":19,"needMoney":60000,"needItemNum":2,"timeCD":900},"29":{"level":29,"percent":70,"addPercent":19,"needMoney":60000,"needItemNum":2,"timeCD":900},"30":{"level":30,"percent":70,"addPercent":19,"needMoney":60000,"needItemNum":2,"timeCD":900},"31":{"level":31,"percent":60,"addPercent":19,"needMoney":80000,"needItemNum":2,"timeCD":900},"32":{"level":32,"percent":60,"addPercent":19,"needMoney":80000,"needItemNum":2,"timeCD":900},"33":{"level":33,"percent":60,"addPercent":19,"needMoney":80000,"needItemNum":2,"timeCD":900},"34":{"level":34,"percent":60,"addPercent":19,"needMoney":80000,"needItemNum":2,"timeCD":900},"35":{"level":35,"percent":60,"addPercent":19,"needMoney":80000,"needItemNum":2,"timeCD":900},"36":{"level":36,"percent":55,"addPercent":19,"needMoney":100000,"needItemNum":3,"timeCD":900},"37":{"level":37,"percent":55,"addPercent":19,"needMoney":100000,"needItemNum":3,"timeCD":900},"38":{"level":38,"percent":55,"addPercent":19,"needMoney":100000,"needItemNum":3,"timeCD":900},"39":{"level":39,"percent":55,"addPercent":19,"needMoney":100000,"needItemNum":3,"timeCD":900},"40":{"level":40,"percent":55,"addPercent":19,"needMoney":100000,"needItemNum":3,"timeCD":900},"41":{"level":41,"percent":50,"addPercent":19,"needMoney":150000,"needItemNum":4,"timeCD":900},"42":{"level":42,"percent":50,"addPercent":19,"needMoney":150000,"needItemNum":4,"timeCD":900},"43":{"level":43,"percent":50,"addPercent":19,"needMoney":150000,"needItemNum":4,"timeCD":900},"44":{"level":44,"percent":50,"addPercent":19,"needMoney":150000,"needItemNum":4,"timeCD":900},"45":{"level":45,"percent":50,"addPercent":19,"needMoney":150000,"needItemNum":4,"timeCD":900},"46":{"level":46,"percent":40,"addPercent":19,"needMoney":200000,"needItemNum":6,"timeCD":900},"47":{"level":47,"percent":40,"addPercent":19,"needMoney":200000,"needItemNum":6,"timeCD":900},"48":{"level":48,"percent":40,"addPercent":19,"needMoney":200000,"needItemNum":6,"timeCD":900},"49":{"level":49,"percent":40,"addPercent":19,"needMoney":200000,"needItemNum":6,"timeCD":900},"50":{"level":50,"percent":40,"addPercent":19,"needMoney":200000,"needItemNum":6,"timeCD":900},"51":{"level":51,"percent":35,"addPercent":19,"needMoney":250000,"needItemNum":8,"timeCD":900},"52":{"level":52,"percent":35,"addPercent":19,"needMoney":250000,"needItemNum":8,"timeCD":900},"53":{"level":53,"percent":35,"addPercent":19,"needMoney":250000,"needItemNum":8,"timeCD":900},"54":{"level":54,"percent":35,"addPercent":19,"needMoney":250000,"needItemNum":8,"timeCD":900},"55":{"level":55,"percent":35,"addPercent":19,"needMoney":250000,"needItemNum":8,"timeCD":900},"56":{"level":56,"percent":30,"addPercent":19,"needMoney":300000,"needItemNum":9,"timeCD":900},"57":{"level":57,"percent":30,"addPercent":19,"needMoney":300000,"needItemNum":9,"timeCD":900},"58":{"level":58,"percent":30,"addPercent":19,"needMoney":300000,"needItemNum":9,"timeCD":900},"59":{"level":59,"percent":30,"addPercent":19,"needMoney":300000,"needItemNum":9,"timeCD":900},"60":{"level":60,"percent":30,"addPercent":19,"needMoney":300000,"needItemNum":9,"timeCD":900},"61":{"level":61,"percent":25,"addPercent":19,"needMoney":400000,"needItemNum":9,"timeCD":900},"62":{"level":62,"percent":25,"addPercent":19,"needMoney":400000,"needItemNum":9,"timeCD":900},"63":{"level":63,"percent":25,"addPercent":19,"needMoney":400000,"needItemNum":9,"timeCD":900},"64":{"level":64,"percent":25,"addPercent":19,"needMoney":400000,"needItemNum":9,"timeCD":900},"65":{"level":65,"percent":25,"addPercent":19,"needMoney":400000,"needItemNum":9,"timeCD":900},"66":{"level":66,"percent":20,"addPercent":19,"needMoney":500000,"needItemNum":10,"timeCD":900},"67":{"level":67,"percent":20,"addPercent":19,"needMoney":500000,"needItemNum":10,"timeCD":900},"68":{"level":68,"percent":20,"addPercent":19,"needMoney":500000,"needItemNum":10,"timeCD":900},"69":{"level":69,"percent":20,"addPercent":19,"needMoney":500000,"needItemNum":10,"timeCD":900},"70":{"level":70,"percent":20,"addPercent":19,"needMoney":500000,"needItemNum":10,"timeCD":900},"71":{"level":71,"percent":15,"addPercent":19,"needMoney":600000,"needItemNum":15,"timeCD":900},"72":{"level":72,"percent":15,"addPercent":19,"needMoney":600000,"needItemNum":15,"timeCD":900},"73":{"level":73,"percent":15,"addPercent":19,"needMoney":600000,"needItemNum":15,"timeCD":900},"74":{"level":74,"percent":15,"addPercent":19,"needMoney":600000,"needItemNum":15,"timeCD":900},"75":{"level":75,"percent":15,"addPercent":19,"needMoney":600000,"needItemNum":15,"timeCD":900},"76":{"level":76,"percent":10,"addPercent":19,"needMoney":700000,"needItemNum":15,"timeCD":900},"77":{"level":77,"percent":10,"addPercent":19,"needMoney":700000,"needItemNum":15,"timeCD":900},"78":{"level":78,"percent":10,"addPercent":19,"needMoney":700000,"needItemNum":15,"timeCD":900},"79":{"level":79,"percent":10,"addPercent":19,"needMoney":700000,"needItemNum":15,"timeCD":900},"80":{"level":80,"percent":10,"addPercent":19,"needMoney":700000,"needItemNum":15,"timeCD":900},"81":{"level":81,"percent":5,"addPercent":19,"needMoney":800000,"needItemNum":20,"timeCD":900},"82":{"level":82,"percent":5,"addPercent":19,"needMoney":800000,"needItemNum":20,"timeCD":900},"83":{"level":83,"percent":5,"addPercent":19,"needMoney":800000,"needItemNum":20,"timeCD":900},"84":{"level":84,"percent":5,"addPercent":19,"needMoney":800000,"needItemNum":20,"timeCD":900},"85":{"level":85,"percent":5,"addPercent":19,"needMoney":800000,"needItemNum":20,"timeCD":900},"86":{"level":86,"percent":2,"addPercent":19,"needMoney":900000,"needItemNum":30,"timeCD":900},"87":{"level":87,"percent":2,"addPercent":19,"needMoney":900000,"needItemNum":30,"timeCD":900},"88":{"level":88,"percent":2,"addPercent":19,"needMoney":900000,"needItemNum":30,"timeCD":900},"89":{"level":89,"percent":2,"addPercent":19,"needMoney":900000,"needItemNum":30,"timeCD":900},"90":{"level":90,"percent":2,"addPercent":19,"needMoney":900000,"needItemNum":30,"timeCD":900},"91":{"level":91,"percent":2,"addPercent":19,"needMoney":1000000,"needItemNum":30,"timeCD":900},"92":{"level":92,"percent":2,"addPercent":19,"needMoney":1000000,"needItemNum":30,"timeCD":900},"93":{"level":93,"percent":2,"addPercent":19,"needMoney":1000000,"needItemNum":30,"timeCD":900},"94":{"level":94,"percent":2,"addPercent":19,"needMoney":1000000,"needItemNum":30,"timeCD":900},"95":{"level":95,"percent":2,"addPercent":19,"needMoney":1000000,"needItemNum":30,"timeCD":900},"96":{"level":96,"percent":1,"addPercent":19,"needMoney":2500000,"needItemNum":50,"timeCD":900},"97":{"level":97,"percent":1,"addPercent":19,"needMoney":2500000,"needItemNum":50,"timeCD":900},"98":{"level":98,"percent":1,"addPercent":19,"needMoney":2500000,"needItemNum":50,"timeCD":900},"99":{"level":99,"percent":1,"addPercent":19,"needMoney":2500000,"needItemNum":50,"timeCD":900},"100":{"level":100,"percent":1,"addPercent":19,"needMoney":2500000,"needItemNum":50,"timeCD":900}}