{"1":{"starLevel":1,"strengthValuePer":5,"successPercent":10000,"needMoney":10000},"2":{"starLevel":2,"strengthValuePer":5,"successPercent":9000,"failNoChangePercent":1000,"needMoney":20000},"3":{"starLevel":3,"strengthValuePer":5,"successPercent":8000,"failNoChangePercent":1500,"failDownPercent":500,"needMoney":40000},"4":{"starLevel":4,"strengthValuePer":10,"successPercent":7000,"failNoChangePercent":2000,"failDownPercent":1000,"needMoney":60000},"5":{"starLevel":5,"strengthValuePer":10,"successPercent":6000,"failNoChangePercent":2500,"failDownPercent":1500,"needMoney":80000},"6":{"starLevel":6,"strengthValuePer":10,"successPercent":5000,"failNoChangePercent":3000,"failDownPercent":2000,"needMoney":100000},"7":{"starLevel":7,"strengthValuePer":15,"successPercent":4000,"failNoChangePercent":2000,"failDownPercent":3000,"failToZeroPercent":1000,"needMoney":150000},"8":{"starLevel":8,"strengthValuePer":15,"successPercent":3000,"failNoChangePercent":1500,"failDownPercent":2500,"failToZeroPercent":3000,"needMoney":200000},"9":{"starLevel":9,"strengthValuePer":15,"successPercent":2000,"failNoChangePercent":1000,"failDownPercent":2000,"failToZeroPercent":5000,"needMoney":300000},"10":{"starLevel":10,"strengthValuePer":20,"successPercent":1500,"failToZeroPercent":6000,"disappearPercent":2500,"needMoney":500000},"11":{"starLevel":11,"strengthValuePer":30,"successPercent":1000,"failToZeroPercent":5500,"disappearPercent":3500,"needMoney":800000},"12":{"starLevel":12,"strengthValuePer":40,"successPercent":800,"failToZeroPercent":5000,"disappearPercent":4200,"needMoney":1000000},"13":{"starLevel":13,"strengthValuePer":60,"successPercent":600,"failToZeroPercent":4500,"disappearPercent":4900,"needMoney":2000000},"14":{"starLevel":14,"strengthValuePer":80,"successPercent":400,"failToZeroPercent":4000,"disappearPercent":5600,"needMoney":4000000},"15":{"starLevel":15,"strengthValuePer":100,"successPercent":200,"failToZeroPercent":3500,"disappearPercent":6300,"needMoney":6000000},"16":{"starLevel":16,"strengthValuePer":120,"successPercent":100,"failToZeroPercent":3000,"disappearPercent":6900,"needMoney":10000000}}