{"1":{"id":1,"level":4,"functionCode":"0x80010000"},"2":{"id":2,"level":5,"functionCode":"0x80020000"},"3":{"id":3,"level":6,"functionCode":"0x80040000"},"4":{"id":4,"level":7,"functionCode":"0x08000000","iconID":4400027},"5":{"id":5,"level":1,"functionCode":"0x80000400"},"6":{"id":6,"level":1,"functionCode":"0x00100000","iconID":4400002},"7":{"id":7,"level":1,"functionCode":"0x00000040","iconID":4400006},"8":{"id":8,"level":1,"functionCode":"0x00000008","iconID":4400005},"9":{"id":9,"level":5,"functionCode":"0x20000000"},"10":{"id":10,"level":5,"functionCode":"0x80000800"},"11":{"id":11,"level":9,"functionCode":"0x40000000","iconID":4400015},"12":{"id":12,"level":7,"functionCode":"0x00000001","iconID":4400003,"isShowDialog":1},"13":{"id":13,"level":11,"functionCode":"0x80000200"},"14":{"id":14,"level":10,"functionCode":"0x00400000","drammaId":110302},"15":{"id":15,"level":15,"functionCode":"0x80000020","iconID":4400031,"isShowDialog":1},"16":{"id":16,"level":10,"functionCode":"0x80000001"},"17":{"id":17,"level":15,"functionCode":"0x00000200","iconID":4400011,"isShowDialog":1},"18":{"id":18,"level":16,"functionCode":"0x00800000","iconID":4400003},"19":{"id":19,"level":13,"functionCode":"0x00000080","iconID":4400007,"drammaId":110301,"isShowDialog":1},"20":{"id":20,"level":17,"functionCode":"0x80002000"},"21":{"id":21,"level":16,"functionCode":"0x00000010","iconID":4400010,"isShowDialog":1},"22":{"id":22,"level":15,"functionCode":"0x00040000","iconID":4400012,"isShowDialog":1},"23":{"id":23,"level":15,"functionCode":"0x80000100"},"24":{"id":24,"level":24,"functionCode":"0x00000020-0x00200000","iconID":4400008,"isShowDialog":1},"25":{"id":25,"level":22,"functionCode":"0x00000002","iconID":4400011,"isShowDialog":1},"26":{"id":26,"level":21,"functionCode":"0x04000000","iconID":4400029,"isShowDialog":1},"27":{"id":27,"level":20,"functionCode":"0x00080000","iconID":4400023,"drammaId":110304,"isShowDialog":1},"28":{"id":28,"level":20,"functionCode":"0x00002000","iconID":4400020,"isShowDialog":1},"29":{"id":29,"level":20,"functionCode":"0x80001000"},"30":{"id":30,"level":23,"functionCode":"0x01000000","iconID":4400003,"drammaId":110305},"31":{"id":31,"level":25,"functionCode":"0x80000008"},"32":{"id":32,"level":27,"functionCode":"0x00000004","iconID":4400004,"isShowDialog":1},"33":{"id":33,"level":25,"functionCode":"0x80004000"},"34":{"id":34,"level":25,"functionCode":"0x00001000","iconID":4400016,"isShowDialog":1},"35":{"id":35,"level":27,"functionCode":"0x00020000","iconID":4400024,"isShowDialog":1},"36":{"id":36,"level":32,"functionCode":"0x00000100","iconID":4400014,"isShowDialog":1},"37":{"id":37,"level":32,"functionCode":"0x00004000","iconID":4400014},"38":{"id":38,"level":30,"functionCode":"0x00008000","iconID":4400018,"isShowDialog":1},"39":{"id":39,"level":34,"functionCode":"0x00200000","iconID":4400009},"40":{"id":40,"level":30,"functionCode":"0x80000004"},"41":{"id":41,"level":30,"functionCode":"0x80000010","iconID":4400033,"isShowDialog":1},"42":{"id":42,"level":30,"functionCode":"0x02000000","iconID":4400028,"isShowDialog":1},"43":{"id":43,"level":34,"functionCode":"0x80008000","iconID":4400034,"isShowDialog":1},"44":{"id":44,"level":31,"functionCode":"0x80000000","iconID":4400019,"isShowDialog":1},"45":{"id":45,"level":34,"functionCode":"0x00000800","iconID":4400022,"isShowDialog":1},"46":{"id":46,"level":34,"functionCode":"0x80000080","iconID":4400032,"isShowDialog":1},"47":{"id":47,"level":39,"functionCode":"0x00010000","iconID":4400011,"isShowDialog":1},"48":{"id":48,"level":37,"functionCode":"0x10000000","iconID":4400011,"drammaId":110307,"isShowDialog":1},"49":{"id":49,"level":37,"functionCode":"0x00000400","iconID":4400021,"drammaId":110308,"isShowDialog":1},"50":{"id":50,"level":40,"functionCode":"0x80000002","iconID":4400030,"isShowDialog":1},"51":{"id":51,"level":55,"functionCode":"0x80000040","iconID":4400032,"drammaId":110309,"isShowDialog":1},"52":{"id":52,"level":11,"functionCode":"0x80080000"}}