{"1":{"1":{"1":{"1":{"typeId":1,"typeName":"i18n_910004001","treeId":1,"treeName":"i18n_910005001","branchId":1,"baseId":1,"showNeedLv":30,"srcId":3260201,"dstId":[3260401,3260601,0,0,0,0,0,0,0,0],"needMoney":"100000"}},"2":{"2":{"typeId":1,"typeName":"i18n_910004001","treeId":1,"treeName":"i18n_910005001","branchId":2,"baseId":2,"showNeedLv":30,"srcId":3260401,"dstId":[3260201,3260601,0,0,0,0,0,0,0,0],"needMoney":"100000"}},"3":{"3":{"typeId":1,"typeName":"i18n_910004001","treeId":1,"treeName":"i18n_910005001","branchId":3,"baseId":3,"showNeedLv":30,"srcId":3260601,"dstId":[3260201,3260401,0,0,0,0,0,0,0,0],"needMoney":"100000"}},"4":{"4":{"typeId":1,"typeName":"i18n_910004001","treeId":1,"treeName":"i18n_910005001","branchId":4,"baseId":4,"showNeedLv":30,"srcId":3260801,"dstId":[3261001,3261201,3261401,3261601,3261801,0,0,0,0,0],"needMoney":"20000"}},"5":{"5":{"typeId":1,"typeName":"i18n_910004001","treeId":1,"treeName":"i18n_910005001","branchId":5,"baseId":5,"showNeedLv":30,"srcId":3261001,"dstId":[3260801,3261201,3261401,3261601,3261801,0,0,0,0,0],"needMoney":"20000"}},"6":{"6":{"typeId":1,"typeName":"i18n_910004001","treeId":1,"treeName":"i18n_910005001","branchId":6,"baseId":6,"showNeedLv":30,"srcId":3261201,"dstId":[3260801,3261001,3261401,3261601,3261801,0,0,0,0,0],"needMoney":"20000"}},"7":{"7":{"typeId":1,"typeName":"i18n_910004001","treeId":1,"treeName":"i18n_910005001","branchId":7,"baseId":7,"showNeedLv":30,"srcId":3261401,"dstId":[3260801,3261001,3261201,3261601,3261801,0,0,0,0,0],"needMoney":"20000"}},"8":{"8":{"typeId":1,"typeName":"i18n_910004001","treeId":1,"treeName":"i18n_910005001","branchId":8,"baseId":8,"showNeedLv":30,"srcId":3261601,"dstId":[3260801,3261001,3261201,3261401,3261801,0,0,0,0,0],"needMoney":"20000"}},"9":{"9":{"typeId":1,"typeName":"i18n_910004001","treeId":1,"treeName":"i18n_910005001","branchId":9,"baseId":9,"showNeedLv":30,"srcId":3261801,"dstId":[3260801,3261001,3261201,3261401,3261601,0,0,0,0,0],"needMoney":"20000"}}},"2":{"1":{"10":{"typeId":1,"typeName":"i18n_910004001","treeId":2,"treeName":"i18n_910005002","branchId":1,"baseId":10,"showNeedLv":30,"srcId":3260202,"dstId":[3260402,3260602,0,0,0,0,0,0,0,0],"needMoney":"120000"}},"2":{"11":{"typeId":1,"typeName":"i18n_910004001","treeId":2,"treeName":"i18n_910005002","branchId":2,"baseId":11,"showNeedLv":30,"srcId":3260402,"dstId":[3260202,3260602,0,0,0,0,0,0,0,0],"needMoney":"120000"}},"3":{"12":{"typeId":1,"typeName":"i18n_910004001","treeId":2,"treeName":"i18n_910005002","branchId":3,"baseId":12,"showNeedLv":30,"srcId":3260602,"dstId":[3260202,3260402,0,0,0,0,0,0,0,0],"needMoney":"120000"}},"4":{"13":{"typeId":1,"typeName":"i18n_910004001","treeId":2,"treeName":"i18n_910005002","branchId":4,"baseId":13,"showNeedLv":30,"srcId":3260802,"dstId":[3261002,3261202,3261402,3261602,3261802,0,0,0,0,0],"needMoney":"40000"}},"5":{"14":{"typeId":1,"typeName":"i18n_910004001","treeId":2,"treeName":"i18n_910005002","branchId":5,"baseId":14,"showNeedLv":30,"srcId":3261002,"dstId":[3260802,3261202,3261402,3261602,3261802,0,0,0,0,0],"needMoney":"40000"}},"6":{"15":{"typeId":1,"typeName":"i18n_910004001","treeId":2,"treeName":"i18n_910005002","branchId":6,"baseId":15,"showNeedLv":30,"srcId":3261202,"dstId":[3260802,3261002,3261402,3261602,3261802,0,0,0,0,0],"needMoney":"40000"}},"7":{"16":{"typeId":1,"typeName":"i18n_910004001","treeId":2,"treeName":"i18n_910005002","branchId":7,"baseId":16,"showNeedLv":30,"srcId":3261402,"dstId":[3260802,3261002,3261202,3261602,3261802,0,0,0,0,0],"needMoney":"40000"}},"8":{"17":{"typeId":1,"typeName":"i18n_910004001","treeId":2,"treeName":"i18n_910005002","branchId":8,"baseId":17,"showNeedLv":30,"srcId":3261602,"dstId":[3260802,3261002,3261202,3261402,3261802,0,0,0,0,0],"needMoney":"40000"}},"9":{"18":{"typeId":1,"typeName":"i18n_910004001","treeId":2,"treeName":"i18n_910005002","branchId":9,"baseId":18,"showNeedLv":30,"srcId":3261802,"dstId":[3260802,3261002,3261202,3261402,3261602,0,0,0,0,0],"needMoney":"40000"}}},"3":{"1":{"19":{"typeId":1,"typeName":"i18n_910004001","treeId":3,"treeName":"i18n_910005003","branchId":1,"baseId":19,"showNeedLv":30,"srcId":3260203,"dstId":[3260403,3260603,0,0,0,0,0,0,0,0],"needMoney":"140000"}},"2":{"20":{"typeId":1,"typeName":"i18n_910004001","treeId":3,"treeName":"i18n_910005003","branchId":2,"baseId":20,"showNeedLv":30,"srcId":3260403,"dstId":[3260203,3260603,0,0,0,0,0,0,0,0],"needMoney":"140000"}},"3":{"21":{"typeId":1,"typeName":"i18n_910004001","treeId":3,"treeName":"i18n_910005003","branchId":3,"baseId":21,"showNeedLv":30,"srcId":3260603,"dstId":[3260203,3260403,0,0,0,0,0,0,0,0],"needMoney":"140000"}},"4":{"22":{"typeId":1,"typeName":"i18n_910004001","treeId":3,"treeName":"i18n_910005003","branchId":4,"baseId":22,"showNeedLv":30,"srcId":3260803,"dstId":[3261003,3261203,3261403,3261603,3261803,0,0,0,0,0],"needMoney":"60000"}},"5":{"23":{"typeId":1,"typeName":"i18n_910004001","treeId":3,"treeName":"i18n_910005003","branchId":5,"baseId":23,"showNeedLv":30,"srcId":3261003,"dstId":[3260803,3261203,3261403,3261603,3261803,0,0,0,0,0],"needMoney":"60000"}},"6":{"24":{"typeId":1,"typeName":"i18n_910004001","treeId":3,"treeName":"i18n_910005003","branchId":6,"baseId":24,"showNeedLv":30,"srcId":3261203,"dstId":[3260803,3261003,3261403,3261603,3261803,0,0,0,0,0],"needMoney":"60000"}},"7":{"25":{"typeId":1,"typeName":"i18n_910004001","treeId":3,"treeName":"i18n_910005003","branchId":7,"baseId":25,"showNeedLv":30,"srcId":3261403,"dstId":[3260803,3261003,3261203,3261603,3261803,0,0,0,0,0],"needMoney":"60000"}},"8":{"26":{"typeId":1,"typeName":"i18n_910004001","treeId":3,"treeName":"i18n_910005003","branchId":8,"baseId":26,"showNeedLv":30,"srcId":3261603,"dstId":[3260803,3261003,3261203,3261403,3261803,0,0,0,0,0],"needMoney":"60000"}},"9":{"27":{"typeId":1,"typeName":"i18n_910004001","treeId":3,"treeName":"i18n_910005003","branchId":9,"baseId":27,"showNeedLv":30,"srcId":3261803,"dstId":[3260803,3261003,3261203,3261403,3261603,0,0,0,0,0],"needMoney":"60000"}}},"4":{"1":{"28":{"typeId":1,"typeName":"i18n_910004001","treeId":4,"treeName":"i18n_910005004","branchId":1,"baseId":28,"showNeedLv":30,"srcId":3260204,"dstId":[3260404,3260604,0,0,0,0,0,0,0,0],"needMoney":"160000"}},"2":{"29":{"typeId":1,"typeName":"i18n_910004001","treeId":4,"treeName":"i18n_910005004","branchId":2,"baseId":29,"showNeedLv":30,"srcId":3260404,"dstId":[3260204,3260604,0,0,0,0,0,0,0,0],"needMoney":"160000"}},"3":{"30":{"typeId":1,"typeName":"i18n_910004001","treeId":4,"treeName":"i18n_910005004","branchId":3,"baseId":30,"showNeedLv":30,"srcId":3260604,"dstId":[3260204,3260404,0,0,0,0,0,0,0,0],"needMoney":"160000"}},"4":{"31":{"typeId":1,"typeName":"i18n_910004001","treeId":4,"treeName":"i18n_910005004","branchId":4,"baseId":31,"showNeedLv":30,"srcId":3260804,"dstId":[3261004,3261204,3261404,3261604,3261804,0,0,0,0,0],"needMoney":"80000"}},"5":{"32":{"typeId":1,"typeName":"i18n_910004001","treeId":4,"treeName":"i18n_910005004","branchId":5,"baseId":32,"showNeedLv":30,"srcId":3261004,"dstId":[3260804,3261204,3261404,3261604,3261804,0,0,0,0,0],"needMoney":"80000"}},"6":{"33":{"typeId":1,"typeName":"i18n_910004001","treeId":4,"treeName":"i18n_910005004","branchId":6,"baseId":33,"showNeedLv":30,"srcId":3261204,"dstId":[3260804,3261004,3261404,3261604,3261804,0,0,0,0,0],"needMoney":"80000"}},"7":{"34":{"typeId":1,"typeName":"i18n_910004001","treeId":4,"treeName":"i18n_910005004","branchId":7,"baseId":34,"showNeedLv":30,"srcId":3261404,"dstId":[3260804,3261004,3261204,3261604,3261804,0,0,0,0,0],"needMoney":"80000"}},"8":{"35":{"typeId":1,"typeName":"i18n_910004001","treeId":4,"treeName":"i18n_910005004","branchId":8,"baseId":35,"showNeedLv":30,"srcId":3261604,"dstId":[3260804,3261004,3261204,3261404,3261804,0,0,0,0,0],"needMoney":"80000"}},"9":{"36":{"typeId":1,"typeName":"i18n_910004001","treeId":4,"treeName":"i18n_910005004","branchId":9,"baseId":36,"showNeedLv":30,"srcId":3261804,"dstId":[3260804,3261004,3261204,3261404,3261604,0,0,0,0,0],"needMoney":"80000"}}},"5":{"1":{"37":{"typeId":1,"typeName":"i18n_910004001","treeId":5,"treeName":"i18n_910005005","branchId":1,"baseId":37,"showNeedLv":30,"srcId":3260205,"dstId":[3260405,3260605,0,0,0,0,0,0,0,0],"needMoney":"180000"}},"2":{"38":{"typeId":1,"typeName":"i18n_910004001","treeId":5,"treeName":"i18n_910005005","branchId":2,"baseId":38,"showNeedLv":30,"srcId":3260405,"dstId":[3260205,3260605,0,0,0,0,0,0,0,0],"needMoney":"180000"}},"3":{"39":{"typeId":1,"typeName":"i18n_910004001","treeId":5,"treeName":"i18n_910005005","branchId":3,"baseId":39,"showNeedLv":30,"srcId":3260605,"dstId":[3260205,3260405,0,0,0,0,0,0,0,0],"needMoney":"180000"}},"4":{"40":{"typeId":1,"typeName":"i18n_910004001","treeId":5,"treeName":"i18n_910005005","branchId":4,"baseId":40,"showNeedLv":30,"srcId":3260805,"dstId":[3261005,3261205,3261405,3261605,3261805,0,0,0,0,0],"needMoney":"100000"}},"5":{"41":{"typeId":1,"typeName":"i18n_910004001","treeId":5,"treeName":"i18n_910005005","branchId":5,"baseId":41,"showNeedLv":30,"srcId":3261005,"dstId":[3260805,3261205,3261405,3261605,3261805,0,0,0,0,0],"needMoney":"100000"}},"6":{"42":{"typeId":1,"typeName":"i18n_910004001","treeId":5,"treeName":"i18n_910005005","branchId":6,"baseId":42,"showNeedLv":30,"srcId":3261205,"dstId":[3260805,3261005,3261405,3261605,3261805,0,0,0,0,0],"needMoney":"100000"}},"7":{"43":{"typeId":1,"typeName":"i18n_910004001","treeId":5,"treeName":"i18n_910005005","branchId":7,"baseId":43,"showNeedLv":30,"srcId":3261405,"dstId":[3260805,3261005,3261205,3261605,3261805,0,0,0,0,0],"needMoney":"100000"}},"8":{"44":{"typeId":1,"typeName":"i18n_910004001","treeId":5,"treeName":"i18n_910005005","branchId":8,"baseId":44,"showNeedLv":30,"srcId":3261605,"dstId":[3260805,3261005,3261205,3261405,3261805,0,0,0,0,0],"needMoney":"100000"}},"9":{"45":{"typeId":1,"typeName":"i18n_910004001","treeId":5,"treeName":"i18n_910005005","branchId":9,"baseId":45,"showNeedLv":30,"srcId":3261805,"dstId":[3260805,3261005,3261205,3261405,3261605,0,0,0,0,0],"needMoney":"100000"}}},"6":{"1":{"46":{"typeId":1,"typeName":"i18n_910004001","treeId":6,"treeName":"i18n_910005006","branchId":1,"baseId":46,"showNeedLv":40,"srcId":3260206,"dstId":[3260406,3260606,0,0,0,0,0,0,0,0],"needMoney":"200000"}},"2":{"47":{"typeId":1,"typeName":"i18n_910004001","treeId":6,"treeName":"i18n_910005006","branchId":2,"baseId":47,"showNeedLv":40,"srcId":3260406,"dstId":[3260206,3260606,0,0,0,0,0,0,0,0],"needMoney":"200000"}},"3":{"48":{"typeId":1,"typeName":"i18n_910004001","treeId":6,"treeName":"i18n_910005006","branchId":3,"baseId":48,"showNeedLv":40,"srcId":3260606,"dstId":[3260206,3260406,0,0,0,0,0,0,0,0],"needMoney":"200000"}},"4":{"49":{"typeId":1,"typeName":"i18n_910004001","treeId":6,"treeName":"i18n_910005006","branchId":4,"baseId":49,"showNeedLv":40,"srcId":3260806,"dstId":[3261006,3261206,3261406,3261606,3261806,0,0,0,0,0],"needMoney":"120000"}},"5":{"50":{"typeId":1,"typeName":"i18n_910004001","treeId":6,"treeName":"i18n_910005006","branchId":5,"baseId":50,"showNeedLv":40,"srcId":3261006,"dstId":[3260806,3261206,3261406,3261606,3261806,0,0,0,0,0],"needMoney":"120000"}},"6":{"51":{"typeId":1,"typeName":"i18n_910004001","treeId":6,"treeName":"i18n_910005006","branchId":6,"baseId":51,"showNeedLv":40,"srcId":3261206,"dstId":[3260806,3261006,3261406,3261606,3261806,0,0,0,0,0],"needMoney":"120000"}},"7":{"52":{"typeId":1,"typeName":"i18n_910004001","treeId":6,"treeName":"i18n_910005006","branchId":7,"baseId":52,"showNeedLv":40,"srcId":3261406,"dstId":[3260806,3261006,3261206,3261606,3261806,0,0,0,0,0],"needMoney":"120000"}},"8":{"53":{"typeId":1,"typeName":"i18n_910004001","treeId":6,"treeName":"i18n_910005006","branchId":8,"baseId":53,"showNeedLv":40,"srcId":3261606,"dstId":[3260806,3261006,3261206,3261406,3261806,0,0,0,0,0],"needMoney":"120000"}},"9":{"54":{"typeId":1,"typeName":"i18n_910004001","treeId":6,"treeName":"i18n_910005006","branchId":9,"baseId":54,"showNeedLv":40,"srcId":3261806,"dstId":[3260806,3261006,3261206,3261406,3261606,0,0,0,0,0],"needMoney":"120000"}}},"7":{"1":{"55":{"typeId":1,"typeName":"i18n_910004001","treeId":7,"treeName":"i18n_910005007","branchId":1,"baseId":55,"showNeedLv":50,"srcId":3260207,"dstId":[3260407,3260607,0,0,0,0,0,0,0,0],"needMoney":"220000"}},"2":{"56":{"typeId":1,"typeName":"i18n_910004001","treeId":7,"treeName":"i18n_910005007","branchId":2,"baseId":56,"showNeedLv":50,"srcId":3260407,"dstId":[3260207,3260607,0,0,0,0,0,0,0,0],"needMoney":"220000"}},"3":{"57":{"typeId":1,"typeName":"i18n_910004001","treeId":7,"treeName":"i18n_910005007","branchId":3,"baseId":57,"showNeedLv":50,"srcId":3260607,"dstId":[3260207,3260407,0,0,0,0,0,0,0,0],"needMoney":"220000"}},"4":{"58":{"typeId":1,"typeName":"i18n_910004001","treeId":7,"treeName":"i18n_910005007","branchId":4,"baseId":58,"showNeedLv":50,"srcId":3260807,"dstId":[3261007,3261207,3261407,3261607,3261807,0,0,0,0,0],"needMoney":"140000"}},"5":{"59":{"typeId":1,"typeName":"i18n_910004001","treeId":7,"treeName":"i18n_910005007","branchId":5,"baseId":59,"showNeedLv":50,"srcId":3261007,"dstId":[3260807,3261207,3261407,3261607,3261807,0,0,0,0,0],"needMoney":"140000"}},"6":{"60":{"typeId":1,"typeName":"i18n_910004001","treeId":7,"treeName":"i18n_910005007","branchId":6,"baseId":60,"showNeedLv":50,"srcId":3261207,"dstId":[3260807,3261007,3261407,3261607,3261807,0,0,0,0,0],"needMoney":"140000"}},"7":{"61":{"typeId":1,"typeName":"i18n_910004001","treeId":7,"treeName":"i18n_910005007","branchId":7,"baseId":61,"showNeedLv":50,"srcId":3261407,"dstId":[3260807,3261007,3261207,3261607,3261807,0,0,0,0,0],"needMoney":"140000"}},"8":{"62":{"typeId":1,"typeName":"i18n_910004001","treeId":7,"treeName":"i18n_910005007","branchId":8,"baseId":62,"showNeedLv":50,"srcId":3261607,"dstId":[3260807,3261007,3261207,3261407,3261807,0,0,0,0,0],"needMoney":"140000"}},"9":{"63":{"typeId":1,"typeName":"i18n_910004001","treeId":7,"treeName":"i18n_910005007","branchId":9,"baseId":63,"showNeedLv":50,"srcId":3261807,"dstId":[3260807,3261007,3261207,3261407,3261607,0,0,0,0,0],"needMoney":"140000"}}},"8":{"1":{"64":{"typeId":1,"typeName":"i18n_910004001","treeId":8,"treeName":"i18n_910005008","branchId":1,"baseId":64,"showNeedLv":60,"srcId":3260208,"dstId":[3260408,3260608,0,0,0,0,0,0,0,0],"needMoney":"240000"}},"2":{"65":{"typeId":1,"typeName":"i18n_910004001","treeId":8,"treeName":"i18n_910005008","branchId":2,"baseId":65,"showNeedLv":60,"srcId":3260408,"dstId":[3260208,3260608,0,0,0,0,0,0,0,0],"needMoney":"240000"}},"3":{"66":{"typeId":1,"typeName":"i18n_910004001","treeId":8,"treeName":"i18n_910005008","branchId":3,"baseId":66,"showNeedLv":60,"srcId":3260608,"dstId":[3260208,3260408,0,0,0,0,0,0,0,0],"needMoney":"240000"}},"4":{"67":{"typeId":1,"typeName":"i18n_910004001","treeId":8,"treeName":"i18n_910005008","branchId":4,"baseId":67,"showNeedLv":60,"srcId":3260808,"dstId":[3261008,3261208,3261408,3261608,3261808,0,0,0,0,0],"needMoney":"160000"}},"5":{"68":{"typeId":1,"typeName":"i18n_910004001","treeId":8,"treeName":"i18n_910005008","branchId":5,"baseId":68,"showNeedLv":60,"srcId":3261008,"dstId":[3260808,3261208,3261408,3261608,3261808,0,0,0,0,0],"needMoney":"160000"}},"6":{"69":{"typeId":1,"typeName":"i18n_910004001","treeId":8,"treeName":"i18n_910005008","branchId":6,"baseId":69,"showNeedLv":60,"srcId":3261208,"dstId":[3260808,3261008,3261408,3261608,3261808,0,0,0,0,0],"needMoney":"160000"}},"7":{"70":{"typeId":1,"typeName":"i18n_910004001","treeId":8,"treeName":"i18n_910005008","branchId":7,"baseId":70,"showNeedLv":60,"srcId":3261408,"dstId":[3260808,3261008,3261208,3261608,3261808,0,0,0,0,0],"needMoney":"160000"}},"8":{"71":{"typeId":1,"typeName":"i18n_910004001","treeId":8,"treeName":"i18n_910005008","branchId":8,"baseId":71,"showNeedLv":60,"srcId":3261608,"dstId":[3260808,3261008,3261208,3261408,3261808,0,0,0,0,0],"needMoney":"160000"}},"9":{"72":{"typeId":1,"typeName":"i18n_910004001","treeId":8,"treeName":"i18n_910005008","branchId":9,"baseId":72,"showNeedLv":60,"srcId":3261808,"dstId":[3260808,3261008,3261208,3261408,3261608,0,0,0,0,0],"needMoney":"160000"}}},"9":{"1":{"73":{"typeId":1,"typeName":"i18n_910004001","treeId":9,"treeName":"i18n_910005009","branchId":1,"baseId":73,"showNeedLv":70,"srcId":3260209,"dstId":[3260409,3260609,0,0,0,0,0,0,0,0],"needMoney":"260000"}},"2":{"74":{"typeId":1,"typeName":"i18n_910004001","treeId":9,"treeName":"i18n_910005009","branchId":2,"baseId":74,"showNeedLv":70,"srcId":3260409,"dstId":[3260209,3260609,0,0,0,0,0,0,0,0],"needMoney":"260000"}},"3":{"75":{"typeId":1,"typeName":"i18n_910004001","treeId":9,"treeName":"i18n_910005009","branchId":3,"baseId":75,"showNeedLv":70,"srcId":3260609,"dstId":[3260209,3260409,0,0,0,0,0,0,0,0],"needMoney":"260000"}},"4":{"76":{"typeId":1,"typeName":"i18n_910004001","treeId":9,"treeName":"i18n_910005009","branchId":4,"baseId":76,"showNeedLv":70,"srcId":3260809,"dstId":[3261009,3261209,3261409,3261609,3261809,0,0,0,0,0],"needMoney":"180000"}},"5":{"77":{"typeId":1,"typeName":"i18n_910004001","treeId":9,"treeName":"i18n_910005009","branchId":5,"baseId":77,"showNeedLv":70,"srcId":3261009,"dstId":[3260809,3261209,3261409,3261609,3261809,0,0,0,0,0],"needMoney":"180000"}},"6":{"78":{"typeId":1,"typeName":"i18n_910004001","treeId":9,"treeName":"i18n_910005009","branchId":6,"baseId":78,"showNeedLv":70,"srcId":3261209,"dstId":[3260809,3261009,3261409,3261609,3261809,0,0,0,0,0],"needMoney":"180000"}},"7":{"79":{"typeId":1,"typeName":"i18n_910004001","treeId":9,"treeName":"i18n_910005009","branchId":7,"baseId":79,"showNeedLv":70,"srcId":3261409,"dstId":[3260809,3261009,3261209,3261609,3261809,0,0,0,0,0],"needMoney":"180000"}},"8":{"80":{"typeId":1,"typeName":"i18n_910004001","treeId":9,"treeName":"i18n_910005009","branchId":8,"baseId":80,"showNeedLv":70,"srcId":3261609,"dstId":[3260809,3261009,3261209,3261409,3261809,0,0,0,0,0],"needMoney":"180000"}},"9":{"81":{"typeId":1,"typeName":"i18n_910004001","treeId":9,"treeName":"i18n_910005009","branchId":9,"baseId":81,"showNeedLv":70,"srcId":3261809,"dstId":[3260809,3261009,3261209,3261409,3261609,0,0,0,0,0],"needMoney":"180000"}}},"10":{"1":{"82":{"typeId":1,"typeName":"i18n_910004001","treeId":10,"treeName":"i18n_910005010","branchId":1,"baseId":82,"showNeedLv":80,"srcId":3260210,"dstId":[3260410,3260610,0,0,0,0,0,0,0,0],"needMoney":"280000"}},"2":{"83":{"typeId":1,"typeName":"i18n_910004001","treeId":10,"treeName":"i18n_910005010","branchId":2,"baseId":83,"showNeedLv":80,"srcId":3260410,"dstId":[3260210,3260610,0,0,0,0,0,0,0,0],"needMoney":"280000"}},"3":{"84":{"typeId":1,"typeName":"i18n_910004001","treeId":10,"treeName":"i18n_910005010","branchId":3,"baseId":84,"showNeedLv":80,"srcId":3260610,"dstId":[3260210,3260410,0,0,0,0,0,0,0,0],"needMoney":"280000"}},"4":{"85":{"typeId":1,"typeName":"i18n_910004001","treeId":10,"treeName":"i18n_910005010","branchId":4,"baseId":85,"showNeedLv":80,"srcId":3260810,"dstId":[3261010,3261210,3261410,3261610,3261810,0,0,0,0,0],"needMoney":"200000"}},"5":{"86":{"typeId":1,"typeName":"i18n_910004001","treeId":10,"treeName":"i18n_910005010","branchId":5,"baseId":86,"showNeedLv":80,"srcId":3261010,"dstId":[3260810,3261210,3261410,3261610,3261810,0,0,0,0,0],"needMoney":"200000"}},"6":{"87":{"typeId":1,"typeName":"i18n_910004001","treeId":10,"treeName":"i18n_910005010","branchId":6,"baseId":87,"showNeedLv":80,"srcId":3261210,"dstId":[3260810,3261010,3261410,3261610,3261810,0,0,0,0,0],"needMoney":"200000"}},"7":{"88":{"typeId":1,"typeName":"i18n_910004001","treeId":10,"treeName":"i18n_910005010","branchId":7,"baseId":88,"showNeedLv":80,"srcId":3261410,"dstId":[3260810,3261010,3261210,3261610,3261810,0,0,0,0,0],"needMoney":"200000"}},"8":{"89":{"typeId":1,"typeName":"i18n_910004001","treeId":10,"treeName":"i18n_910005010","branchId":8,"baseId":89,"showNeedLv":80,"srcId":3261610,"dstId":[3260810,3261010,3261210,3261410,3261810,0,0,0,0,0],"needMoney":"200000"}},"9":{"90":{"typeId":1,"typeName":"i18n_910004001","treeId":10,"treeName":"i18n_910005010","branchId":9,"baseId":90,"showNeedLv":80,"srcId":3261810,"dstId":[3260810,3261010,3261210,3261410,3261610,0,0,0,0,0],"needMoney":"200000"}}}},"2":{"1":{"1":{"91":{"typeId":2,"typeName":"i18n_910004002","treeId":1,"treeName":"i18n_910005001","branchId":1,"baseId":91,"showNeedLv":55,"srcId":3260101,"dstId":[3260301,3260501,0,0,0,0,0,0,0,0],"needMoney":"100000"}},"2":{"92":{"typeId":2,"typeName":"i18n_910004002","treeId":1,"treeName":"i18n_910005001","branchId":2,"baseId":92,"showNeedLv":55,"srcId":3260301,"dstId":[3260101,3260501,0,0,0,0,0,0,0,0],"needMoney":"100000"}},"3":{"93":{"typeId":2,"typeName":"i18n_910004002","treeId":1,"treeName":"i18n_910005001","branchId":3,"baseId":93,"showNeedLv":55,"srcId":3260501,"dstId":[3260101,3260301,0,0,0,0,0,0,0,0],"needMoney":"100000"}},"4":{"94":{"typeId":2,"typeName":"i18n_910004002","treeId":1,"treeName":"i18n_910005001","branchId":4,"baseId":94,"showNeedLv":55,"srcId":3260701,"dstId":[3260501,3260901,3261101,3261301,3261501,3261701,0,0,0,0],"needMoney":"20000"}},"5":{"95":{"typeId":2,"typeName":"i18n_910004002","treeId":1,"treeName":"i18n_910005001","branchId":5,"baseId":95,"showNeedLv":55,"srcId":3260901,"dstId":[3260501,3260701,3261101,3261301,3261501,3261701,0,0,0,0],"needMoney":"20000"}},"6":{"96":{"typeId":2,"typeName":"i18n_910004002","treeId":1,"treeName":"i18n_910005001","branchId":6,"baseId":96,"showNeedLv":55,"srcId":3261101,"dstId":[3260501,3260701,3260901,3261301,3261501,3261701,0,0,0,0],"needMoney":"20000"}},"7":{"97":{"typeId":2,"typeName":"i18n_910004002","treeId":1,"treeName":"i18n_910005001","branchId":7,"baseId":97,"showNeedLv":55,"srcId":3261301,"dstId":[3260501,3260701,3260901,3261101,3261501,3261701,0,0,0,0],"needMoney":"20000"}},"8":{"98":{"typeId":2,"typeName":"i18n_910004002","treeId":1,"treeName":"i18n_910005001","branchId":8,"baseId":98,"showNeedLv":55,"srcId":3261501,"dstId":[3260501,3260701,3260901,3261101,3261301,3261701,0,0,0,0],"needMoney":"20000"}},"9":{"99":{"typeId":2,"typeName":"i18n_910004002","treeId":1,"treeName":"i18n_910005001","branchId":9,"baseId":99,"showNeedLv":55,"srcId":3261701,"dstId":[3260501,3260701,3260901,3261101,3261301,3261501,0,0,0,0],"needMoney":"20000"}}},"2":{"1":{"100":{"typeId":2,"typeName":"i18n_910004002","treeId":2,"treeName":"i18n_910005002","branchId":1,"baseId":100,"showNeedLv":55,"srcId":3260102,"dstId":[3260302,3260502,0,0,0,0,0,0,0,0],"needMoney":"120000"}},"2":{"101":{"typeId":2,"typeName":"i18n_910004002","treeId":2,"treeName":"i18n_910005002","branchId":2,"baseId":101,"showNeedLv":55,"srcId":3260302,"dstId":[3260102,3260502,0,0,0,0,0,0,0,0],"needMoney":"120000"}},"3":{"102":{"typeId":2,"typeName":"i18n_910004002","treeId":2,"treeName":"i18n_910005002","branchId":3,"baseId":102,"showNeedLv":55,"srcId":3260502,"dstId":[3260102,3260302,0,0,0,0,0,0,0,0],"needMoney":"120000"}},"4":{"103":{"typeId":2,"typeName":"i18n_910004002","treeId":2,"treeName":"i18n_910005002","branchId":4,"baseId":103,"showNeedLv":55,"srcId":3260702,"dstId":[3260502,3260902,3261102,3261302,3261502,3261702,0,0,0,0],"needMoney":"40000"}},"5":{"104":{"typeId":2,"typeName":"i18n_910004002","treeId":2,"treeName":"i18n_910005002","branchId":5,"baseId":104,"showNeedLv":55,"srcId":3260902,"dstId":[3260502,3260702,3261102,3261302,3261502,3261702,0,0,0,0],"needMoney":"40000"}},"6":{"105":{"typeId":2,"typeName":"i18n_910004002","treeId":2,"treeName":"i18n_910005002","branchId":6,"baseId":105,"showNeedLv":55,"srcId":3261102,"dstId":[3260502,3260702,3260902,3261302,3261502,3261702,0,0,0,0],"needMoney":"40000"}},"7":{"106":{"typeId":2,"typeName":"i18n_910004002","treeId":2,"treeName":"i18n_910005002","branchId":7,"baseId":106,"showNeedLv":55,"srcId":3261302,"dstId":[3260502,3260702,3260902,3261102,3261502,3261702,0,0,0,0],"needMoney":"40000"}},"8":{"107":{"typeId":2,"typeName":"i18n_910004002","treeId":2,"treeName":"i18n_910005002","branchId":8,"baseId":107,"showNeedLv":55,"srcId":3261502,"dstId":[3260502,3260702,3260902,3261102,3261302,3261702,0,0,0,0],"needMoney":"40000"}},"9":{"108":{"typeId":2,"typeName":"i18n_910004002","treeId":2,"treeName":"i18n_910005002","branchId":9,"baseId":108,"showNeedLv":55,"srcId":3261702,"dstId":[3260502,3260702,3260902,3261102,3261302,3261502,0,0,0,0],"needMoney":"40000"}}},"3":{"1":{"109":{"typeId":2,"typeName":"i18n_910004002","treeId":3,"treeName":"i18n_910005003","branchId":1,"baseId":109,"showNeedLv":55,"srcId":3260103,"dstId":[3260303,3260503,0,0,0,0,0,0,0,0],"needMoney":"140000"}},"2":{"110":{"typeId":2,"typeName":"i18n_910004002","treeId":3,"treeName":"i18n_910005003","branchId":2,"baseId":110,"showNeedLv":55,"srcId":3260303,"dstId":[3260103,3260503,0,0,0,0,0,0,0,0],"needMoney":"140000"}},"3":{"111":{"typeId":2,"typeName":"i18n_910004002","treeId":3,"treeName":"i18n_910005003","branchId":3,"baseId":111,"showNeedLv":55,"srcId":3260503,"dstId":[3260103,3260303,0,0,0,0,0,0,0,0],"needMoney":"140000"}},"4":{"112":{"typeId":2,"typeName":"i18n_910004002","treeId":3,"treeName":"i18n_910005003","branchId":4,"baseId":112,"showNeedLv":55,"srcId":3260703,"dstId":[3260503,3260903,3261103,3261303,3261503,3261703,0,0,0,0],"needMoney":"60000"}},"5":{"113":{"typeId":2,"typeName":"i18n_910004002","treeId":3,"treeName":"i18n_910005003","branchId":5,"baseId":113,"showNeedLv":55,"srcId":3260903,"dstId":[3260503,3260703,3261103,3261303,3261503,3261703,0,0,0,0],"needMoney":"60000"}},"6":{"114":{"typeId":2,"typeName":"i18n_910004002","treeId":3,"treeName":"i18n_910005003","branchId":6,"baseId":114,"showNeedLv":55,"srcId":3261103,"dstId":[3260503,3260703,3260903,3261303,3261503,3261703,0,0,0,0],"needMoney":"60000"}},"7":{"115":{"typeId":2,"typeName":"i18n_910004002","treeId":3,"treeName":"i18n_910005003","branchId":7,"baseId":115,"showNeedLv":55,"srcId":3261303,"dstId":[3260503,3260703,3260903,3261103,3261503,3261703,0,0,0,0],"needMoney":"60000"}},"8":{"116":{"typeId":2,"typeName":"i18n_910004002","treeId":3,"treeName":"i18n_910005003","branchId":8,"baseId":116,"showNeedLv":55,"srcId":3261503,"dstId":[3260503,3260703,3260903,3261103,3261303,3261703,0,0,0,0],"needMoney":"60000"}},"9":{"117":{"typeId":2,"typeName":"i18n_910004002","treeId":3,"treeName":"i18n_910005003","branchId":9,"baseId":117,"showNeedLv":55,"srcId":3261703,"dstId":[3260503,3260703,3260903,3261103,3261303,3261503,0,0,0,0],"needMoney":"60000"}}},"4":{"1":{"118":{"typeId":2,"typeName":"i18n_910004002","treeId":4,"treeName":"i18n_910005004","branchId":1,"baseId":118,"showNeedLv":55,"srcId":3260104,"dstId":[3260304,3260504,0,0,0,0,0,0,0,0],"needMoney":"160000"}},"2":{"119":{"typeId":2,"typeName":"i18n_910004002","treeId":4,"treeName":"i18n_910005004","branchId":2,"baseId":119,"showNeedLv":55,"srcId":3260304,"dstId":[3260104,3260504,0,0,0,0,0,0,0,0],"needMoney":"160000"}},"3":{"120":{"typeId":2,"typeName":"i18n_910004002","treeId":4,"treeName":"i18n_910005004","branchId":3,"baseId":120,"showNeedLv":55,"srcId":3260504,"dstId":[3260104,3260304,0,0,0,0,0,0,0,0],"needMoney":"160000"}},"4":{"121":{"typeId":2,"typeName":"i18n_910004002","treeId":4,"treeName":"i18n_910005004","branchId":4,"baseId":121,"showNeedLv":55,"srcId":3260704,"dstId":[3260504,3260904,3261104,3261304,3261504,3261704,0,0,0,0],"needMoney":"80000"}},"5":{"122":{"typeId":2,"typeName":"i18n_910004002","treeId":4,"treeName":"i18n_910005004","branchId":5,"baseId":122,"showNeedLv":55,"srcId":3260904,"dstId":[3260504,3260704,3261104,3261304,3261504,3261704,0,0,0,0],"needMoney":"80000"}},"6":{"123":{"typeId":2,"typeName":"i18n_910004002","treeId":4,"treeName":"i18n_910005004","branchId":6,"baseId":123,"showNeedLv":55,"srcId":3261104,"dstId":[3260504,3260704,3260904,3261304,3261504,3261704,0,0,0,0],"needMoney":"80000"}},"7":{"124":{"typeId":2,"typeName":"i18n_910004002","treeId":4,"treeName":"i18n_910005004","branchId":7,"baseId":124,"showNeedLv":55,"srcId":3261304,"dstId":[3260504,3260704,3260904,3261104,3261504,3261704,0,0,0,0],"needMoney":"80000"}},"8":{"125":{"typeId":2,"typeName":"i18n_910004002","treeId":4,"treeName":"i18n_910005004","branchId":8,"baseId":125,"showNeedLv":55,"srcId":3261504,"dstId":[3260504,3260704,3260904,3261104,3261304,3261704,0,0,0,0],"needMoney":"80000"}},"9":{"126":{"typeId":2,"typeName":"i18n_910004002","treeId":4,"treeName":"i18n_910005004","branchId":9,"baseId":126,"showNeedLv":55,"srcId":3261704,"dstId":[3260504,3260704,3260904,3261104,3261304,3261504,0,0,0,0],"needMoney":"80000"}}},"5":{"1":{"127":{"typeId":2,"typeName":"i18n_910004002","treeId":5,"treeName":"i18n_910005005","branchId":1,"baseId":127,"showNeedLv":55,"srcId":3260105,"dstId":[3260305,3260505,0,0,0,0,0,0,0,0],"needMoney":"180000"}},"2":{"128":{"typeId":2,"typeName":"i18n_910004002","treeId":5,"treeName":"i18n_910005005","branchId":2,"baseId":128,"showNeedLv":55,"srcId":3260305,"dstId":[3260105,3260505,0,0,0,0,0,0,0,0],"needMoney":"180000"}},"3":{"129":{"typeId":2,"typeName":"i18n_910004002","treeId":5,"treeName":"i18n_910005005","branchId":3,"baseId":129,"showNeedLv":55,"srcId":3260505,"dstId":[3260105,3260305,0,0,0,0,0,0,0,0],"needMoney":"180000"}},"4":{"130":{"typeId":2,"typeName":"i18n_910004002","treeId":5,"treeName":"i18n_910005005","branchId":4,"baseId":130,"showNeedLv":55,"srcId":3260705,"dstId":[3260505,3260905,3261105,3261305,3261505,3261705,0,0,0,0],"needMoney":"100000"}},"5":{"131":{"typeId":2,"typeName":"i18n_910004002","treeId":5,"treeName":"i18n_910005005","branchId":5,"baseId":131,"showNeedLv":55,"srcId":3260905,"dstId":[3260505,3260705,3261105,3261305,3261505,3261705,0,0,0,0],"needMoney":"100000"}},"6":{"132":{"typeId":2,"typeName":"i18n_910004002","treeId":5,"treeName":"i18n_910005005","branchId":6,"baseId":132,"showNeedLv":55,"srcId":3261105,"dstId":[3260505,3260705,3260905,3261305,3261505,3261705,0,0,0,0],"needMoney":"100000"}},"7":{"133":{"typeId":2,"typeName":"i18n_910004002","treeId":5,"treeName":"i18n_910005005","branchId":7,"baseId":133,"showNeedLv":55,"srcId":3261305,"dstId":[3260505,3260705,3260905,3261105,3261505,3261705,0,0,0,0],"needMoney":"100000"}},"8":{"134":{"typeId":2,"typeName":"i18n_910004002","treeId":5,"treeName":"i18n_910005005","branchId":8,"baseId":134,"showNeedLv":55,"srcId":3261505,"dstId":[3260505,3260705,3260905,3261105,3261305,3261705,0,0,0,0],"needMoney":"100000"}},"9":{"135":{"typeId":2,"typeName":"i18n_910004002","treeId":5,"treeName":"i18n_910005005","branchId":9,"baseId":135,"showNeedLv":55,"srcId":3261705,"dstId":[3260505,3260705,3260905,3261105,3261305,3261505,0,0,0,0],"needMoney":"100000"}}},"6":{"1":{"136":{"typeId":2,"typeName":"i18n_910004002","treeId":6,"treeName":"i18n_910005006","branchId":1,"baseId":136,"showNeedLv":55,"srcId":3260106,"dstId":[3260306,3260506,0,0,0,0,0,0,0,0],"needMoney":"200000"}},"2":{"137":{"typeId":2,"typeName":"i18n_910004002","treeId":6,"treeName":"i18n_910005006","branchId":2,"baseId":137,"showNeedLv":55,"srcId":3260306,"dstId":[3260106,3260506,0,0,0,0,0,0,0,0],"needMoney":"200000"}},"3":{"138":{"typeId":2,"typeName":"i18n_910004002","treeId":6,"treeName":"i18n_910005006","branchId":3,"baseId":138,"showNeedLv":55,"srcId":3260506,"dstId":[3260106,3260306,0,0,0,0,0,0,0,0],"needMoney":"200000"}},"4":{"139":{"typeId":2,"typeName":"i18n_910004002","treeId":6,"treeName":"i18n_910005006","branchId":4,"baseId":139,"showNeedLv":55,"srcId":3260706,"dstId":[3260506,3260906,3261106,3261306,3261506,3261706,0,0,0,0],"needMoney":"120000"}},"5":{"140":{"typeId":2,"typeName":"i18n_910004002","treeId":6,"treeName":"i18n_910005006","branchId":5,"baseId":140,"showNeedLv":55,"srcId":3260906,"dstId":[3260506,3260706,3261106,3261306,3261506,3261706,0,0,0,0],"needMoney":"120000"}},"6":{"141":{"typeId":2,"typeName":"i18n_910004002","treeId":6,"treeName":"i18n_910005006","branchId":6,"baseId":141,"showNeedLv":55,"srcId":3261106,"dstId":[3260506,3260706,3260906,3261306,3261506,3261706,0,0,0,0],"needMoney":"120000"}},"7":{"142":{"typeId":2,"typeName":"i18n_910004002","treeId":6,"treeName":"i18n_910005006","branchId":7,"baseId":142,"showNeedLv":55,"srcId":3261306,"dstId":[3260506,3260706,3260906,3261106,3261506,3261706,0,0,0,0],"needMoney":"120000"}},"8":{"143":{"typeId":2,"typeName":"i18n_910004002","treeId":6,"treeName":"i18n_910005006","branchId":8,"baseId":143,"showNeedLv":55,"srcId":3261506,"dstId":[3260506,3260706,3260906,3261106,3261306,3261706,0,0,0,0],"needMoney":"120000"}},"9":{"144":{"typeId":2,"typeName":"i18n_910004002","treeId":6,"treeName":"i18n_910005006","branchId":9,"baseId":144,"showNeedLv":55,"srcId":3261706,"dstId":[3260506,3260706,3260906,3261106,3261306,3261506,0,0,0,0],"needMoney":"120000"}}},"7":{"1":{"145":{"typeId":2,"typeName":"i18n_910004002","treeId":7,"treeName":"i18n_910005007","branchId":1,"baseId":145,"showNeedLv":65,"srcId":3260107,"dstId":[3260307,3260507,0,0,0,0,0,0,0,0],"needMoney":"220000"}},"2":{"146":{"typeId":2,"typeName":"i18n_910004002","treeId":7,"treeName":"i18n_910005007","branchId":2,"baseId":146,"showNeedLv":65,"srcId":3260307,"dstId":[3260107,3260507,0,0,0,0,0,0,0,0],"needMoney":"220000"}},"3":{"147":{"typeId":2,"typeName":"i18n_910004002","treeId":7,"treeName":"i18n_910005007","branchId":3,"baseId":147,"showNeedLv":65,"srcId":3260507,"dstId":[3260107,3260307,0,0,0,0,0,0,0,0],"needMoney":"220000"}},"4":{"148":{"typeId":2,"typeName":"i18n_910004002","treeId":7,"treeName":"i18n_910005007","branchId":4,"baseId":148,"showNeedLv":65,"srcId":3260707,"dstId":[3260507,3260907,3261107,3261307,3261507,3261707,0,0,0,0],"needMoney":"140000"}},"5":{"149":{"typeId":2,"typeName":"i18n_910004002","treeId":7,"treeName":"i18n_910005007","branchId":5,"baseId":149,"showNeedLv":65,"srcId":3260907,"dstId":[3260507,3260707,3261107,3261307,3261507,3261707,0,0,0,0],"needMoney":"140000"}},"6":{"150":{"typeId":2,"typeName":"i18n_910004002","treeId":7,"treeName":"i18n_910005007","branchId":6,"baseId":150,"showNeedLv":65,"srcId":3261107,"dstId":[3260507,3260707,3260907,3261307,3261507,3261707,0,0,0,0],"needMoney":"140000"}},"7":{"151":{"typeId":2,"typeName":"i18n_910004002","treeId":7,"treeName":"i18n_910005007","branchId":7,"baseId":151,"showNeedLv":65,"srcId":3261307,"dstId":[3260507,3260707,3260907,3261107,3261507,3261707,0,0,0,0],"needMoney":"140000"}},"8":{"152":{"typeId":2,"typeName":"i18n_910004002","treeId":7,"treeName":"i18n_910005007","branchId":8,"baseId":152,"showNeedLv":65,"srcId":3261507,"dstId":[3260507,3260707,3260907,3261107,3261307,3261707,0,0,0,0],"needMoney":"140000"}},"9":{"153":{"typeId":2,"typeName":"i18n_910004002","treeId":7,"treeName":"i18n_910005007","branchId":9,"baseId":153,"showNeedLv":65,"srcId":3261707,"dstId":[3260507,3260707,3260907,3261107,3261307,3261507,0,0,0,0],"needMoney":"140000"}}},"8":{"1":{"154":{"typeId":2,"typeName":"i18n_910004002","treeId":8,"treeName":"i18n_910005008","branchId":1,"baseId":154,"showNeedLv":75,"srcId":3260108,"dstId":[3260308,3260508,0,0,0,0,0,0,0,0],"needMoney":"240000"}},"2":{"155":{"typeId":2,"typeName":"i18n_910004002","treeId":8,"treeName":"i18n_910005008","branchId":2,"baseId":155,"showNeedLv":75,"srcId":3260308,"dstId":[3260108,3260508,0,0,0,0,0,0,0,0],"needMoney":"240000"}},"3":{"156":{"typeId":2,"typeName":"i18n_910004002","treeId":8,"treeName":"i18n_910005008","branchId":3,"baseId":156,"showNeedLv":75,"srcId":3260508,"dstId":[3260108,3260308,0,0,0,0,0,0,0,0],"needMoney":"240000"}},"4":{"157":{"typeId":2,"typeName":"i18n_910004002","treeId":8,"treeName":"i18n_910005008","branchId":4,"baseId":157,"showNeedLv":75,"srcId":3260708,"dstId":[3260508,3260908,3261108,3261308,3261508,3261708,0,0,0,0],"needMoney":"160000"}},"5":{"158":{"typeId":2,"typeName":"i18n_910004002","treeId":8,"treeName":"i18n_910005008","branchId":5,"baseId":158,"showNeedLv":75,"srcId":3260908,"dstId":[3260508,3260708,3261108,3261308,3261508,3261708,0,0,0,0],"needMoney":"160000"}},"6":{"159":{"typeId":2,"typeName":"i18n_910004002","treeId":8,"treeName":"i18n_910005008","branchId":6,"baseId":159,"showNeedLv":75,"srcId":3261108,"dstId":[3260508,3260708,3260908,3261308,3261508,3261708,0,0,0,0],"needMoney":"160000"}},"7":{"160":{"typeId":2,"typeName":"i18n_910004002","treeId":8,"treeName":"i18n_910005008","branchId":7,"baseId":160,"showNeedLv":75,"srcId":3261308,"dstId":[3260508,3260708,3260908,3261108,3261508,3261708,0,0,0,0],"needMoney":"160000"}},"8":{"161":{"typeId":2,"typeName":"i18n_910004002","treeId":8,"treeName":"i18n_910005008","branchId":8,"baseId":161,"showNeedLv":75,"srcId":3261508,"dstId":[3260508,3260708,3260908,3261108,3261308,3261708,0,0,0,0],"needMoney":"160000"}},"9":{"162":{"typeId":2,"typeName":"i18n_910004002","treeId":8,"treeName":"i18n_910005008","branchId":9,"baseId":162,"showNeedLv":75,"srcId":3261708,"dstId":[3260508,3260708,3260908,3261108,3261308,3261508,0,0,0,0],"needMoney":"160000"}}},"9":{"1":{"163":{"typeId":2,"typeName":"i18n_910004002","treeId":9,"treeName":"i18n_910005009","branchId":1,"baseId":163,"showNeedLv":85,"srcId":3260109,"dstId":[3260309,3260509,0,0,0,0,0,0,0,0],"needMoney":"260000"}},"2":{"164":{"typeId":2,"typeName":"i18n_910004002","treeId":9,"treeName":"i18n_910005009","branchId":2,"baseId":164,"showNeedLv":85,"srcId":3260309,"dstId":[3260109,3260509,0,0,0,0,0,0,0,0],"needMoney":"260000"}},"3":{"165":{"typeId":2,"typeName":"i18n_910004002","treeId":9,"treeName":"i18n_910005009","branchId":3,"baseId":165,"showNeedLv":85,"srcId":3260509,"dstId":[3260109,3260309,0,0,0,0,0,0,0,0],"needMoney":"260000"}},"4":{"166":{"typeId":2,"typeName":"i18n_910004002","treeId":9,"treeName":"i18n_910005009","branchId":4,"baseId":166,"showNeedLv":85,"srcId":3260709,"dstId":[3260509,3260909,3261109,3261309,3261509,3261709,0,0,0,0],"needMoney":"180000"}},"5":{"167":{"typeId":2,"typeName":"i18n_910004002","treeId":9,"treeName":"i18n_910005009","branchId":5,"baseId":167,"showNeedLv":85,"srcId":3260909,"dstId":[3260509,3260709,3261109,3261309,3261509,3261709,0,0,0,0],"needMoney":"180000"}},"6":{"168":{"typeId":2,"typeName":"i18n_910004002","treeId":9,"treeName":"i18n_910005009","branchId":6,"baseId":168,"showNeedLv":85,"srcId":3261109,"dstId":[3260509,3260709,3260909,3261309,3261509,3261709,0,0,0,0],"needMoney":"180000"}},"7":{"169":{"typeId":2,"typeName":"i18n_910004002","treeId":9,"treeName":"i18n_910005009","branchId":7,"baseId":169,"showNeedLv":85,"srcId":3261309,"dstId":[3260509,3260709,3260909,3261109,3261509,3261709,0,0,0,0],"needMoney":"180000"}},"8":{"170":{"typeId":2,"typeName":"i18n_910004002","treeId":9,"treeName":"i18n_910005009","branchId":8,"baseId":170,"showNeedLv":85,"srcId":3261509,"dstId":[3260509,3260709,3260909,3261109,3261309,3261709,0,0,0,0],"needMoney":"180000"}},"9":{"171":{"typeId":2,"typeName":"i18n_910004002","treeId":9,"treeName":"i18n_910005009","branchId":9,"baseId":171,"showNeedLv":85,"srcId":3261709,"dstId":[3260509,3260709,3260909,3261109,3261309,3261509,0,0,0,0],"needMoney":"180000"}}},"10":{"1":{"172":{"typeId":2,"typeName":"i18n_910004002","treeId":10,"treeName":"i18n_910005010","branchId":1,"baseId":172,"showNeedLv":95,"srcId":3260110,"dstId":[3260310,3260510,0,0,0,0,0,0,0,0],"needMoney":"280000"}},"2":{"173":{"typeId":2,"typeName":"i18n_910004002","treeId":10,"treeName":"i18n_910005010","branchId":2,"baseId":173,"showNeedLv":95,"srcId":3260310,"dstId":[3260110,3260510,0,0,0,0,0,0,0,0],"needMoney":"280000"}},"3":{"174":{"typeId":2,"typeName":"i18n_910004002","treeId":10,"treeName":"i18n_910005010","branchId":3,"baseId":174,"showNeedLv":95,"srcId":3260510,"dstId":[3260110,3260310,0,0,0,0,0,0,0,0],"needMoney":"280000"}},"4":{"175":{"typeId":2,"typeName":"i18n_910004002","treeId":10,"treeName":"i18n_910005010","branchId":4,"baseId":175,"showNeedLv":95,"srcId":3260710,"dstId":[3260510,3260910,3261110,3261310,3261510,3261710,0,0,0,0],"needMoney":"200000"}},"5":{"176":{"typeId":2,"typeName":"i18n_910004002","treeId":10,"treeName":"i18n_910005010","branchId":5,"baseId":176,"showNeedLv":95,"srcId":3260910,"dstId":[3260510,3260710,3261110,3261310,3261510,3261710,0,0,0,0],"needMoney":"200000"}},"6":{"177":{"typeId":2,"typeName":"i18n_910004002","treeId":10,"treeName":"i18n_910005010","branchId":6,"baseId":177,"showNeedLv":95,"srcId":3261110,"dstId":[3260510,3260710,3260910,3261310,3261510,3261710,0,0,0,0],"needMoney":"200000"}},"7":{"178":{"typeId":2,"typeName":"i18n_910004002","treeId":10,"treeName":"i18n_910005010","branchId":7,"baseId":178,"showNeedLv":95,"srcId":3261310,"dstId":[3260510,3260710,3260910,3261110,3261510,3261710,0,0,0,0],"needMoney":"200000"}},"8":{"179":{"typeId":2,"typeName":"i18n_910004002","treeId":10,"treeName":"i18n_910005010","branchId":8,"baseId":179,"showNeedLv":95,"srcId":3261510,"dstId":[3260510,3260710,3260910,3261110,3261310,3261710,0,0,0,0],"needMoney":"200000"}},"9":{"180":{"typeId":2,"typeName":"i18n_910004002","treeId":10,"treeName":"i18n_910005010","branchId":9,"baseId":180,"showNeedLv":95,"srcId":3261710,"dstId":[3260510,3260710,3260910,3261110,3261310,3261510,0,0,0,0],"needMoney":"200000"}}}},"3":{"1":{"1":{"181":{"typeId":3,"typeName":"i18n_910003003","treeId":1,"treeName":"i18n_103600001","branchId":1,"baseId":181,"showNeedLv":14,"srcId":3600001,"quality":"1;2;3;4","dstId":[3600002,3600003,3600004,0,0,0,0,0,0,0],"needMoney":"1-50000;2-100000;3-200000;4-400000"}}},"2":{"1":{"182":{"typeId":3,"typeName":"i18n_910003003","treeId":2,"treeName":"i18n_103600002","branchId":1,"baseId":182,"showNeedLv":14,"srcId":3600002,"quality":"1;2;3;4","dstId":[3600001,3600003,3600004,0,0,0,0,0,0,0],"needMoney":"1-50000;2-100000;3-200000;4-400000"}}},"3":{"1":{"183":{"typeId":3,"typeName":"i18n_910003003","treeId":3,"treeName":"i18n_103600003","branchId":1,"baseId":183,"showNeedLv":14,"srcId":3600003,"quality":"1;2;3;4","dstId":[3600001,3600002,3600004,0,0,0,0,0,0,0],"needMoney":"1-50000;2-100000;3-200000;4-400000"}}},"4":{"1":{"184":{"typeId":3,"typeName":"i18n_910003003","treeId":4,"treeName":"i18n_103600004","branchId":1,"baseId":184,"showNeedLv":14,"srcId":3600004,"quality":"1;2;3;4","dstId":[3600001,3600002,3600003,0,0,0,0,0,0,0],"needMoney":"1-50000;2-100000;3-200000;4-400000"}}}}}