{"1":{"id":1,"name":"i18n_900110000","needTime":3600,"reward":[{"rewardType":2,"rewardNum":2000},{"rewardType":1,"rewardNum":250}],"quality":1,"icon":"1","ratio":1,"submitNpc":805015},"2":{"id":2,"name":"i18n_900110001","needTime":3600,"reward":[{"rewardType":2,"rewardNum":3000},{"rewardType":1,"rewardNum":270}],"quality":2,"icon":"2","ratio":3,"submitNpc":805016},"3":{"id":3,"name":"i18n_900110002","needTime":3600,"reward":[{"rewardType":2,"rewardNum":4000},{"rewardType":1,"rewardNum":290}],"quality":3,"icon":"3","ratio":7,"submitNpc":806002},"4":{"id":4,"name":"i18n_900110003","needTime":3600,"reward":[{"rewardType":2,"rewardNum":6000},{"rewardType":1,"rewardNum":310}],"quality":4,"icon":"4","ratio":10,"submitNpc":806004},"5":{"id":5,"name":"i18n_900110004","needTime":3600,"reward":[{"rewardType":2,"rewardNum":10000},{"rewardType":1,"rewardNum":350}],"quality":5,"icon":"5","ratio":28,"submitNpc":806008}}