{"1":{"1":{"treeID":1,"branchID":1,"treeName":"i18n_900210001","branchName":"i18n_900211001","HelpTxt":"i18n_900212001"}},"2":{"1":{"treeID":2,"branchID":1,"treeName":"i18n_900210002","branchName":"i18n_900211002","HelpTxt":"i18n_900212002"}},"3":{"1":{"treeID":3,"branchID":1,"treeName":"i18n_900210003","branchName":"i18n_900211003","HelpTxt":"i18n_900212003"}},"4":{"1":{"treeID":4,"branchID":1,"treeName":"i18n_900210004","branchName":"i18n_900211004","HelpTxt":"i18n_900212004"},"2":{"treeID":4,"branchID":2,"branchName":"i18n_900211005","HelpTxt":"i18n_900212005"},"3":{"treeID":4,"branchID":3,"branchName":"i18n_900211006","HelpTxt":"i18n_900212006"},"4":{"treeID":4,"branchID":4,"branchName":"i18n_900211007","HelpTxt":"i18n_900212007"},"5":{"treeID":4,"branchID":5,"branchName":"i18n_900211008","HelpTxt":"i18n_900212008"},"6":{"treeID":4,"branchID":6,"branchName":"i18n_900211009","HelpTxt":"i18n_900212009"},"7":{"treeID":4,"branchID":7,"branchName":"i18n_900211010","HelpTxt":"i18n_900212010"},"8":{"treeID":4,"branchID":8,"branchName":"i18n_900211011","HelpTxt":"i18n_900212011"}},"5":{"1":{"treeID":5,"branchID":1,"treeName":"i18n_900210005","branchName":"i18n_900211012","HelpTxt":"i18n_900212012"},"2":{"treeID":5,"branchID":2,"branchName":"i18n_900211013","HelpTxt":"i18n_900212013"}},"6":{"1":{"treeID":6,"branchID":1,"treeName":"i18n_900210006","branchName":"i18n_900211014","HelpTxt":"i18n_900212014"}},"7":{"1":{"treeID":7,"branchID":1,"treeName":"i18n_900210007","branchName":"i18n_900211015","HelpTxt":"i18n_900212015"}},"8":{"1":{"treeID":8,"branchID":1,"treeName":"i18n_900210008","branchName":"i18n_900211016","HelpTxt":"i18n_900212016"}},"9":{"1":{"treeID":9,"branchID":1,"treeName":"i18n_900210009","branchName":"i18n_900211017","HelpTxt":"i18n_900212017"},"2":{"treeID":9,"branchID":2,"branchName":"i18n_900211018","HelpTxt":"i18n_900212018"}},"10":{"1":{"treeID":10,"branchID":1,"treeName":"i18n_900210010","branchName":"i18n_900211019","HelpTxt":"i18n_900212019"},"2":{"treeID":10,"branchID":2,"branchName":"i18n_900211020","HelpTxt":"i18n_900212020"}},"11":{"1":{"treeID":11,"branchID":1,"treeName":"i18n_900210011","branchName":"i18n_900211021","HelpTxt":"i18n_900212021"},"2":{"treeID":11,"branchID":2,"branchName":"i18n_900211022","HelpTxt":"i18n_900212022"},"3":{"treeID":11,"branchID":3,"branchName":"i18n_900211023","HelpTxt":"i18n_900212023"}},"12":{"1":{"treeID":12,"branchID":1,"treeName":"i18n_900210012","branchName":"i18n_900211024","HelpTxt":"i18n_900212024"}},"13":{"1":{"treeID":13,"branchID":1,"treeName":"i18n_900210013","branchName":"i18n_900211025","HelpTxt":"i18n_900212025"}},"14":{"1":{"treeID":14,"branchID":1,"treeName":"i18n_900210014","branchName":"i18n_900211026","HelpTxt":"i18n_900212026"},"2":{"treeID":14,"branchID":2,"branchName":"i18n_900211027","HelpTxt":"i18n_900212027"},"3":{"treeID":14,"branchID":3,"branchName":"i18n_900211028","HelpTxt":"i18n_900212028"}},"15":{"1":{"treeID":15,"branchID":1,"treeName":"i18n_900210015","branchName":"i18n_900211029","HelpTxt":"i18n_900212029"}}}