{"3":{"1":{"panelID":3,"labelID":1,"treeID":11,"branchID":1},"2":{"panelID":3,"labelID":2,"treeID":11,"branchID":3},"3":{"panelID":3,"labelID":3,"treeID":11,"branchID":2},"4":{"panelID":3,"labelID":4,"treeID":11,"branchID":2}},"5":{"1":{"panelID":5,"labelID":1,"treeID":9,"branchID":2}},"12":{"1":{"panelID":12,"labelID":1,"treeID":4,"branchID":5},"2":{"panelID":12,"labelID":2,"treeID":4,"branchID":7},"6":{"panelID":12,"labelID":6,"treeID":4,"branchID":8}},"13":{"1":{"panelID":13,"labelID":1,"treeID":8,"branchID":1}},"15":{"1":{"panelID":15,"labelID":1,"treeID":9,"branchID":1}},"16":{"1":{"panelID":16,"labelID":1,"treeID":12,"branchID":1}},"17":{"1":{"panelID":17,"labelID":1,"treeID":3,"branchID":1},"2":{"panelID":17,"labelID":2,"treeID":3,"branchID":1},"3":{"panelID":17,"labelID":3,"treeID":3,"branchID":1},"4":{"panelID":17,"labelID":4,"treeID":3,"branchID":1}},"18":{"1":{"panelID":18,"labelID":1,"treeID":10,"branchID":1},"2":{"panelID":18,"labelID":2,"treeID":10,"branchID":2}},"20":{"1":{"panelID":20,"labelID":1,"treeID":15,"branchID":1}},"22":{"1":{"panelID":22,"labelID":1,"treeID":14,"branchID":3}},"23":{"1":{"panelID":23,"labelID":1,"treeID":14,"branchID":3}},"24":{"2":{"panelID":24,"labelID":2,"treeID":5,"branchID":2},"3":{"panelID":24,"labelID":3,"treeID":5,"branchID":1}},"27":{"1":{"panelID":27,"labelID":1,"treeID":14,"branchID":2}},"28":{"1":{"panelID":28,"labelID":1,"treeID":14,"branchID":2}},"29":{"1":{"panelID":29,"labelID":1,"treeID":1,"branchID":1}},"32":{"1":{"panelID":32,"labelID":1,"treeID":14,"branchID":1}},"33":{"1":{"panelID":33,"labelID":1,"treeID":14,"branchID":1}},"34":{"1":{"panelID":34,"labelID":1,"treeID":14,"branchID":1}},"35":{"1":{"panelID":35,"labelID":1,"treeID":1,"branchID":1}},"36":{"1":{"panelID":36,"labelID":1,"treeID":6,"branchID":1}},"40":{"1":{"panelID":40,"labelID":1,"treeID":4,"branchID":6}},"41":{"1":{"panelID":41,"labelID":1,"treeID":7,"branchID":1}}}