{"501201":{"hero":501201,"order":33,"quality":1,"freeWeight":500},"501202":{"hero":501202,"order":32,"quality":1,"freeWeight":500},"501203":{"hero":501203,"order":31,"quality":1,"freeWeight":500},"501204":{"hero":501204,"order":30,"quality":1,"freeWeight":500},"503403":{"hero":503403,"order":29,"quality":1,"freeWeight":500},"501206":{"hero":501206,"order":28,"quality":1,"freeWeight":500},"501301":{"hero":501301,"order":27,"quality":1,"freeWeight":1000},"501302":{"hero":501302,"order":26,"quality":1,"freeWeight":1000},"501303":{"hero":501303,"order":25,"quality":1,"freeWeight":1000},"501304":{"hero":501304,"order":24,"quality":2,"freeWeight":1000,"freeFakeWeight":400,"lowLevelWeight":1},"501305":{"hero":501305,"order":23,"quality":2,"freeWeight":1000,"freeFakeWeight":400,"lowLevelWeight":1},"501306":{"hero":501306,"order":22,"quality":2,"freeWeight":1000,"freeFakeWeight":400,"lowLevelWeight":1},"502301":{"hero":502301,"order":21,"quality":2,"freeWeight":1000,"freeFakeWeight":400,"lowLevelWeight":1},"502302":{"hero":502302,"order":20,"quality":2,"freeWeight":1000,"freeFakeWeight":400,"lowLevelWeight":1},"502303":{"hero":502303,"order":19,"quality":2,"freeWeight":1000,"freeFakeWeight":400,"lowLevelWeight":1},"502304":{"hero":502304,"order":18,"quality":2,"freeWeight":20,"freeFakeWeight":1000,"lowLevelWeight":1000},"502305":{"hero":502305,"order":17,"quality":2,"freeWeight":20,"freeFakeWeight":1000,"lowLevelWeight":1000},"502306":{"hero":502306,"order":16,"quality":2,"freeWeight":20,"freeFakeWeight":1000,"lowLevelWeight":1000},"502401":{"hero":502401,"order":15,"quality":3,"lowLevelWeight":1000,"lowLevelFakeWeight":200,"highLevelWeight":500},"502402":{"hero":502402,"order":14,"quality":3,"lowLevelWeight":1000,"lowLevelFakeWeight":200,"highLevelWeight":500},"502403":{"hero":502403,"order":13,"quality":3,"lowLevelWeight":1000,"lowLevelFakeWeight":200,"highLevelWeight":500},"503401":{"hero":503401,"order":12,"quality":3,"lowLevelWeight":1000,"lowLevelFakeWeight":200,"highLevelWeight":500},"503402":{"hero":503402,"order":11,"quality":3,"lowLevelWeight":1000,"lowLevelFakeWeight":200,"highLevelWeight":500},"501205":{"hero":501205,"order":10,"quality":3,"lowLevelWeight":1000,"lowLevelFakeWeight":200,"highLevelWeight":500},"503501":{"hero":503501,"order":9,"quality":3,"lowLevelWeight":1,"lowLevelFakeWeight":1000,"highLevelWeight":1000,"isRecommend":1},"503502":{"hero":503502,"order":8,"quality":3,"lowLevelWeight":1,"lowLevelFakeWeight":1000,"highLevelWeight":1000,"isRecommend":1},"503503":{"hero":503503,"order":7,"quality":3,"lowLevelWeight":1,"lowLevelFakeWeight":1000,"highLevelWeight":1000,"isRecommend":1},"503504":{"hero":503504,"order":6,"quality":4,"lowLevelFakeWeight":1000,"highLevelWeight":1000,"highLevelFakeWeight":1000,"isRecommend":1},"503505":{"hero":503505,"order":5,"quality":4,"lowLevelFakeWeight":1000,"highLevelWeight":1000,"highLevelFakeWeight":1000,"isRecommend":1},"503506":{"hero":503506,"order":4,"quality":4,"lowLevelFakeWeight":1000,"highLevelWeight":1000,"highLevelFakeWeight":1000,"isRecommend":1},"504501":{"hero":504501,"order":3,"quality":4,"lowLevelFakeWeight":1000,"highLevelWeight":1000,"highLevelFakeWeight":1000,"isRecommend":1},"504502":{"hero":504502,"order":2,"quality":4,"lowLevelFakeWeight":1000,"highLevelWeight":1000,"highLevelFakeWeight":1000,"isRecommend":1},"504503":{"hero":504503,"order":1,"quality":4,"lowLevelFakeWeight":1000,"highLevelWeight":1000,"highLevelFakeWeight":1000,"isRecommend":1}}