{"820101":{"npcid":820101,"level":1,"name":"i18n_280820101","type":1,"nextNpcId":820102,"posx":35,"posy":11,"npcHeadIcon":4400031,"totalGainTime":7200,"gaintime":7200,"number":24,"gainDes":"i18n_900120000","des":"i18n_900121000"},"820102":{"npcid":820102,"level":10,"name":"i18n_280820102","type":1,"nextNpcId":820103,"posx":35,"posy":11,"npcHeadIcon":4400031,"totalGainTime":10800,"gaintime":7200,"number":24,"gainDes":"i18n_900120001","des":"i18n_900121001"},"820103":{"npcid":820103,"level":20,"name":"i18n_280820103","type":1,"nextNpcId":820104,"posx":35,"posy":11,"npcHeadIcon":4400031,"totalGainTime":14400,"gaintime":7200,"number":24,"gainDes":"i18n_900120002","des":"i18n_900121002"},"820104":{"npcid":820104,"level":30,"name":"i18n_280820104","type":1,"nextNpcId":820105,"posx":35,"posy":11,"npcHeadIcon":4400031,"totalGainTime":18000,"gaintime":7200,"number":24,"gainDes":"i18n_900120003","des":"i18n_900121003"},"820105":{"npcid":820105,"level":40,"name":"i18n_280820105","type":1,"nextNpcId":820106,"posx":35,"posy":11,"npcHeadIcon":4400031,"totalGainTime":21600,"gaintime":7200,"number":24,"gainDes":"i18n_900120004","des":"i18n_900121004"},"820106":{"npcid":820106,"level":50,"name":"i18n_280820106","type":1,"nextNpcId":820107,"posx":35,"posy":11,"npcHeadIcon":4400031,"totalGainTime":25200,"gaintime":7200,"number":24,"gainDes":"i18n_900120005","des":"i18n_900121005"},"820107":{"npcid":820107,"level":60,"name":"i18n_280820107","type":1,"nextNpcId":820108,"posx":35,"posy":11,"npcHeadIcon":4400031,"totalGainTime":28800,"gaintime":7200,"number":24,"gainDes":"i18n_900120006","des":"i18n_900121006"},"820108":{"npcid":820108,"level":70,"name":"i18n_280820107","type":1,"nextNpcId":820109,"posx":35,"posy":11,"npcHeadIcon":4400031,"totalGainTime":32400,"gaintime":7200,"number":24,"gainDes":"i18n_900120007","des":"i18n_900121007"},"820109":{"npcid":820109,"level":80,"name":"i18n_280820107","type":1,"posx":35,"posy":11,"npcHeadIcon":4400031,"totalGainTime":36000,"gaintime":7200,"number":24,"gainDes":"i18n_900120008","des":"i18n_900121008"},"820111":{"npcid":820111,"level":1,"name":"i18n_280820111","type":2,"nextNpcId":820112,"posx":42,"posy":17,"npcHeadIcon":4400032,"totalGainTime":21600,"gaintime":21600,"lostid":800201,"number":8,"gainDes":"i18n_900120009","des":"i18n_900121009"},"820112":{"npcid":820112,"level":10,"name":"i18n_280820112","type":2,"nextNpcId":820113,"posx":42,"posy":17,"npcHeadIcon":4400032,"totalGainTime":43200,"gaintime":21600,"lostid":800202,"number":8,"gainDes":"i18n_900120010","des":"i18n_900121010"},"820113":{"npcid":820113,"level":20,"name":"i18n_280820113","type":2,"nextNpcId":820114,"posx":42,"posy":17,"npcHeadIcon":4400032,"totalGainTime":43200,"gaintime":21600,"lostid":800203,"number":8,"gainDes":"i18n_900120011","des":"i18n_900121011"},"820114":{"npcid":820114,"level":30,"name":"i18n_280820114","type":2,"nextNpcId":820115,"posx":42,"posy":17,"npcHeadIcon":4400032,"totalGainTime":43200,"gaintime":21600,"lostid":800204,"number":8,"gainDes":"i18n_900120012","des":"i18n_900121012"},"820115":{"npcid":820115,"level":40,"name":"i18n_280820115","type":2,"nextNpcId":820116,"posx":42,"posy":17,"npcHeadIcon":4400032,"totalGainTime":43200,"gaintime":21600,"lostid":800205,"number":8,"gainDes":"i18n_900120013","des":"i18n_900121013"},"820116":{"npcid":820116,"level":50,"name":"i18n_280820116","type":2,"nextNpcId":820117,"posx":42,"posy":17,"npcHeadIcon":4400032,"totalGainTime":64800,"gaintime":21600,"lostid":800206,"number":8,"gainDes":"i18n_900120014","des":"i18n_900121014"},"820117":{"npcid":820117,"level":60,"name":"i18n_280820117","type":2,"nextNpcId":820118,"posx":42,"posy":17,"npcHeadIcon":4400032,"totalGainTime":64800,"gaintime":21600,"lostid":800207,"number":8,"gainDes":"i18n_900120015","des":"i18n_900121015"},"820118":{"npcid":820118,"level":70,"name":"i18n_280820117","type":2,"nextNpcId":820119,"posx":42,"posy":17,"npcHeadIcon":4400032,"totalGainTime":86400,"gaintime":21600,"lostid":800208,"number":8,"gainDes":"i18n_900120016","des":"i18n_900121016"},"820119":{"npcid":820119,"level":80,"name":"i18n_280820117","type":2,"posx":42,"posy":17,"npcHeadIcon":4400032,"totalGainTime":86400,"gaintime":21600,"lostid":800209,"number":8,"gainDes":"i18n_900120017","des":"i18n_900121017"},"820121":{"npcid":820121,"level":1,"name":"i18n_280820121","type":4,"nextNpcId":820122,"posx":20,"posy":9,"npcHeadIcon":4400032,"totalGainTime":21600,"gaintime":21600,"lostid":800401,"number":8,"gainDes":"i18n_900120018","des":"i18n_900121018"},"820122":{"npcid":820122,"level":10,"name":"i18n_280820122","type":4,"nextNpcId":820123,"posx":20,"posy":9,"npcHeadIcon":4400032,"totalGainTime":43200,"gaintime":21600,"lostid":800402,"number":8,"gainDes":"i18n_900120019","des":"i18n_900121019"},"820123":{"npcid":820123,"level":20,"name":"i18n_280820123","type":4,"nextNpcId":820124,"posx":20,"posy":9,"npcHeadIcon":4400032,"totalGainTime":43200,"gaintime":21600,"lostid":800403,"number":8,"gainDes":"i18n_900120020","des":"i18n_900121020"},"820124":{"npcid":820124,"level":30,"name":"i18n_280820124","type":4,"nextNpcId":820125,"posx":20,"posy":9,"npcHeadIcon":4400032,"totalGainTime":43200,"gaintime":21600,"lostid":800404,"number":8,"gainDes":"i18n_900120021","des":"i18n_900121021"},"820125":{"npcid":820125,"level":40,"name":"i18n_280820125","type":4,"nextNpcId":820126,"posx":20,"posy":9,"npcHeadIcon":4400032,"totalGainTime":43200,"gaintime":21600,"lostid":800405,"number":8,"gainDes":"i18n_900120022","des":"i18n_900121022"},"820126":{"npcid":820126,"level":50,"name":"i18n_280820126","type":4,"nextNpcId":820127,"posx":20,"posy":9,"npcHeadIcon":4400032,"totalGainTime":64800,"gaintime":21600,"lostid":800406,"number":8,"gainDes":"i18n_900120023","des":"i18n_900121023"},"820127":{"npcid":820127,"level":60,"name":"i18n_280820127","type":4,"nextNpcId":820128,"posx":20,"posy":9,"npcHeadIcon":4400032,"totalGainTime":64800,"gaintime":21600,"lostid":800407,"number":8,"gainDes":"i18n_900120024","des":"i18n_900121024"},"820128":{"npcid":820128,"level":70,"name":"i18n_280820127","type":4,"nextNpcId":820129,"posx":20,"posy":9,"npcHeadIcon":4400032,"totalGainTime":86400,"gaintime":21600,"lostid":800408,"number":8,"gainDes":"i18n_900120025","des":"i18n_900121025"},"820129":{"npcid":820129,"level":80,"name":"i18n_280820127","type":4,"nextNpcId":820130,"posx":20,"posy":9,"npcHeadIcon":4400032,"totalGainTime":86400,"gaintime":21600,"lostid":800409,"number":8,"gainDes":"i18n_900120026","des":"i18n_900121026"},"820131":{"npcid":820131,"level":1,"name":"i18n_280820131","type":3,"nextNpcId":820132,"posx":27,"posy":14,"npcHeadIcon":4400035,"totalGainTime":540000,"gaintime":540000,"lostid":800301,"number":1,"gainDes":"i18n_900120027","des":"i18n_900121027"},"820132":{"npcid":820132,"level":10,"name":"i18n_280820132","type":3,"nextNpcId":820133,"posx":27,"posy":14,"npcHeadIcon":4400035,"totalGainTime":540000,"gaintime":540000,"lostid":800302,"number":1,"gainDes":"i18n_900120028","des":"i18n_900121028"},"820133":{"npcid":820133,"level":20,"name":"i18n_280820133","type":3,"nextNpcId":820134,"posx":27,"posy":14,"npcHeadIcon":4400035,"totalGainTime":540000,"gaintime":540000,"lostid":800303,"number":1,"gainDes":"i18n_900120029","des":"i18n_900121029"},"820134":{"npcid":820134,"level":30,"name":"i18n_280820134","type":3,"nextNpcId":820135,"posx":27,"posy":14,"npcHeadIcon":4400035,"totalGainTime":540000,"gaintime":540000,"lostid":800304,"number":1,"gainDes":"i18n_900120030","des":"i18n_900121030"},"820135":{"npcid":820135,"level":40,"name":"i18n_280820135","type":3,"nextNpcId":820136,"posx":27,"posy":14,"npcHeadIcon":4400035,"totalGainTime":540000,"gaintime":540000,"lostid":800305,"number":1,"gainDes":"i18n_900120031","des":"i18n_900121031"},"820136":{"npcid":820136,"level":50,"name":"i18n_280820136","type":3,"nextNpcId":820137,"posx":27,"posy":14,"npcHeadIcon":4400035,"totalGainTime":540000,"gaintime":540000,"lostid":800306,"number":1,"gainDes":"i18n_900120032","des":"i18n_900121032"},"820137":{"npcid":820137,"level":60,"name":"i18n_280820137","type":3,"nextNpcId":820138,"posx":27,"posy":14,"npcHeadIcon":4400035,"totalGainTime":540000,"gaintime":540000,"lostid":800307,"number":1,"gainDes":"i18n_900120033","des":"i18n_900121033"},"820138":{"npcid":820138,"level":70,"name":"i18n_280820137","type":3,"nextNpcId":820139,"posx":27,"posy":14,"npcHeadIcon":4400035,"totalGainTime":540000,"gaintime":540000,"lostid":800308,"number":1,"gainDes":"i18n_900120034","des":"i18n_900121034"},"820139":{"npcid":820139,"level":80,"name":"i18n_280820137","type":3,"posx":27,"posy":14,"npcHeadIcon":4400035,"totalGainTime":540000,"gaintime":540000,"lostid":800309,"number":1,"gainDes":"i18n_900120035","des":"i18n_900121035"},"820141":{"npcid":820141,"level":1,"name":"i18n_280820141","type":5,"nextNpcId":820142,"posx":40,"posy":22,"npcHeadIcon":4400032,"totalGainTime":21600,"gaintime":21600,"lostid":800501,"number":8,"gainDes":"i18n_900120036","des":"i18n_900121036"},"820142":{"npcid":820142,"level":10,"name":"i18n_280820142","type":5,"nextNpcId":820143,"posx":40,"posy":22,"npcHeadIcon":4400032,"totalGainTime":43200,"gaintime":21600,"lostid":800502,"number":8,"gainDes":"i18n_900120037","des":"i18n_900121037"},"820143":{"npcid":820143,"level":20,"name":"i18n_280820143","type":5,"nextNpcId":820144,"posx":40,"posy":22,"npcHeadIcon":4400032,"totalGainTime":43200,"gaintime":21600,"lostid":800503,"number":8,"gainDes":"i18n_900120038","des":"i18n_900121038"},"820144":{"npcid":820144,"level":30,"name":"i18n_280820144","type":5,"nextNpcId":820145,"posx":40,"posy":22,"npcHeadIcon":4400032,"totalGainTime":43200,"gaintime":21600,"lostid":800504,"number":8,"gainDes":"i18n_900120039","des":"i18n_900121039"},"820145":{"npcid":820145,"level":40,"name":"i18n_280820145","type":5,"nextNpcId":820146,"posx":40,"posy":22,"npcHeadIcon":4400032,"totalGainTime":43200,"gaintime":21600,"lostid":800505,"number":8,"gainDes":"i18n_900120040","des":"i18n_900121040"},"820146":{"npcid":820146,"level":50,"name":"i18n_280820146","type":5,"nextNpcId":820147,"posx":40,"posy":22,"npcHeadIcon":4400032,"totalGainTime":64800,"gaintime":21600,"lostid":800506,"number":8,"gainDes":"i18n_900120041","des":"i18n_900121041"},"820147":{"npcid":820147,"level":60,"name":"i18n_280820147","type":5,"nextNpcId":820148,"posx":40,"posy":22,"npcHeadIcon":4400032,"totalGainTime":64800,"gaintime":21600,"lostid":800507,"number":8,"gainDes":"i18n_900120042","des":"i18n_900121042"},"820148":{"npcid":820148,"level":70,"name":"i18n_280820147","type":5,"nextNpcId":820149,"posx":40,"posy":22,"npcHeadIcon":4400032,"totalGainTime":86400,"gaintime":21600,"lostid":800508,"number":8,"gainDes":"i18n_900120043","des":"i18n_900121043"},"820149":{"npcid":820149,"level":80,"name":"i18n_280820147","type":5,"posx":40,"posy":22,"npcHeadIcon":4400032,"totalGainTime":86400,"gaintime":21600,"lostid":800509,"number":8,"gainDes":"i18n_900120044","des":"i18n_900121044"},"820151":{"npcid":820151,"level":1,"name":"i18n_280820151","type":6,"nextNpcId":820152,"posx":29,"posy":24,"npcHeadIcon":4400036,"totalGainTime":86400,"gaintime":86400,"number":1,"summonbossid":800001,"gainDes":"i18n_900120045","des":"i18n_900121045"},"820152":{"npcid":820152,"level":10,"name":"i18n_280820152","type":6,"nextNpcId":820153,"posx":29,"posy":24,"npcHeadIcon":4400036,"totalGainTime":86400,"gaintime":86400,"number":1,"summonbossid":800002,"gainDes":"i18n_900120046","des":"i18n_900121046"},"820153":{"npcid":820153,"level":20,"name":"i18n_280820153","type":6,"nextNpcId":820154,"posx":29,"posy":24,"npcHeadIcon":4400036,"totalGainTime":86400,"gaintime":86400,"number":1,"summonbossid":800003,"gainDes":"i18n_900120047","des":"i18n_900121047"},"820154":{"npcid":820154,"level":30,"name":"i18n_280820154","type":6,"nextNpcId":820155,"posx":29,"posy":24,"npcHeadIcon":4400036,"totalGainTime":86400,"gaintime":86400,"number":1,"summonbossid":800004,"gainDes":"i18n_900120048","des":"i18n_900121048"},"820155":{"npcid":820155,"level":40,"name":"i18n_280820155","type":6,"nextNpcId":820156,"posx":29,"posy":24,"npcHeadIcon":4400036,"totalGainTime":86400,"gaintime":86400,"number":1,"summonbossid":800005,"gainDes":"i18n_900120049","des":"i18n_900121049"},"820156":{"npcid":820156,"level":50,"name":"i18n_280820156","type":6,"nextNpcId":820157,"posx":29,"posy":24,"npcHeadIcon":4400036,"totalGainTime":86400,"gaintime":86400,"number":1,"summonbossid":800006,"gainDes":"i18n_900120050","des":"i18n_900121050"},"820157":{"npcid":820157,"level":60,"name":"i18n_280820157","type":6,"nextNpcId":820158,"posx":29,"posy":24,"npcHeadIcon":4400036,"totalGainTime":86400,"gaintime":86400,"number":1,"summonbossid":800007,"gainDes":"i18n_900120051","des":"i18n_900121051"},"820158":{"npcid":820158,"level":70,"name":"i18n_280820157","type":6,"nextNpcId":820159,"posx":29,"posy":24,"npcHeadIcon":4400036,"totalGainTime":86400,"gaintime":86400,"number":1,"summonbossid":800008,"gainDes":"i18n_900120052","des":"i18n_900121052"},"820159":{"npcid":820159,"level":80,"name":"i18n_280820157","type":6,"posx":29,"posy":24,"npcHeadIcon":4400036,"totalGainTime":86400,"gaintime":86400,"number":1,"summonbossid":800009,"gainDes":"i18n_900120053","des":"i18n_900121053"},"820161":{"npcid":820161,"level":1,"name":"i18n_280820161","type":7,"nextNpcId":820162,"posx":35,"posy":11,"npcHeadIcon":4400031,"totalGainTime":7200,"gaintime":7200,"number":24,"gainDes":"i18n_900120054","des":"i18n_900121054"},"820162":{"npcid":820162,"level":10,"name":"i18n_280820162","type":7,"nextNpcId":820163,"posx":35,"posy":11,"npcHeadIcon":4400031,"totalGainTime":10800,"gaintime":7200,"number":24,"gainDes":"i18n_900120055","des":"i18n_900121055"},"820163":{"npcid":820163,"level":20,"name":"i18n_280820163","type":7,"nextNpcId":820164,"posx":35,"posy":11,"npcHeadIcon":4400031,"totalGainTime":14400,"gaintime":7200,"number":24,"gainDes":"i18n_900120056","des":"i18n_900121056"},"820164":{"npcid":820164,"level":30,"name":"i18n_280820164","type":7,"nextNpcId":820165,"posx":35,"posy":11,"npcHeadIcon":4400031,"totalGainTime":18000,"gaintime":7200,"number":24,"gainDes":"i18n_900120057","des":"i18n_900121057"},"820165":{"npcid":820165,"level":40,"name":"i18n_280820165","type":7,"nextNpcId":820166,"posx":35,"posy":11,"npcHeadIcon":4400031,"totalGainTime":21600,"gaintime":7200,"number":24,"gainDes":"i18n_900120058","des":"i18n_900121058"},"820166":{"npcid":820166,"level":50,"name":"i18n_280820166","type":7,"nextNpcId":820167,"posx":35,"posy":11,"npcHeadIcon":4400031,"totalGainTime":25200,"gaintime":7200,"number":24,"gainDes":"i18n_900120059","des":"i18n_900121059"},"820167":{"npcid":820167,"level":60,"name":"i18n_280820167","type":7,"nextNpcId":820168,"posx":35,"posy":11,"npcHeadIcon":4400031,"totalGainTime":28800,"gaintime":7200,"number":24,"gainDes":"i18n_900120060","des":"i18n_900121060"},"820168":{"npcid":820168,"level":70,"name":"i18n_280820167","type":7,"nextNpcId":820169,"posx":35,"posy":11,"npcHeadIcon":4400031,"totalGainTime":32400,"gaintime":7200,"number":24,"gainDes":"i18n_900120061","des":"i18n_900121061"},"820169":{"npcid":820169,"level":80,"name":"i18n_280820167","type":7,"posx":35,"posy":11,"npcHeadIcon":4400031,"totalGainTime":36000,"gaintime":7200,"number":24,"gainDes":"i18n_900120062","des":"i18n_900121062"}}