{"common\/common.swf":{"path":"common\/common.swf"},"icons\/arena\/league\/1.png":{"path":"icons\/arena\/league\/1.png"},"icons\/arena\/league\/2.png":{"path":"icons\/arena\/league\/2.png"},"icons\/arena\/league\/3.png":{"path":"icons\/arena\/league\/3.png"},"icons\/arena\/league\/4.png":{"path":"icons\/arena\/league\/4.png"},"icons\/arena\/league\/5.png":{"path":"icons\/arena\/league\/5.png"},"icons\/arena\/league\/6.png":{"path":"icons\/arena\/league\/6.png"},"icons\/arena\/league\/7.png":{"path":"icons\/arena\/league\/7.png"},"icons\/arena\/league\/8.png":{"path":"icons\/arena\/league\/8.png"},"icons\/arena\/league\/9.png":{"path":"icons\/arena\/league\/9.png"},"icons\/arena\/league\/10.png":{"path":"icons\/arena\/league\/10.png"},"panels\/CampBossResult.swf":{"path":"panels\/CampBossResult.swf"},"panels\/Dock.swf":{"path":"panels\/Dock.swf"},"panels\/FuBenSingleComp.swf":{"path":"panels\/FuBenSingleComp.swf"},"effect\/sceneEffect\/7300044.swf":{"path":"effect\/sceneEffect\/7300044.swf"},"effect\/sceneEffect\/7300045.swf":{"path":"effect\/sceneEffect\/7300045.swf"},"effect\/sceneEffect\/7300047.swf":{"path":"effect\/sceneEffect\/7300047.swf"},"effect\/sceneEffect\/autoDirect.swf":{"path":"effect\/sceneEffect\/autoDirect.swf"},"effect\/sceneEffect\/patrolling.swf":{"path":"effect\/sceneEffect\/patrolling.swf"},"effect\/uiEffect\/7300026.swf":{"path":"effect\/uiEffect\/7300026.swf"},"effect\/uiEffect\/7300028.swf":{"path":"effect\/uiEffect\/7300028.swf"},"effect\/uiEffect\/full.swf":{"path":"effect\/uiEffect\/full.swf"},"effect\/uiEffect\/New.swf":{"path":"effect\/uiEffect\/New.swf"},"effect\/uiEffect\/newCaptain.swf":{"path":"effect\/uiEffect\/newCaptain.swf"},"icons\/help\/10000.png":{"path":"icons\/help\/10000.png"},"icons\/help\/40101.png":{"path":"icons\/help\/40101.png"},"icons\/help\/40102.png":{"path":"icons\/help\/40102.png"},"icons\/help\/40301.png":{"path":"icons\/help\/40301.png"},"icons\/help\/40401.png":{"path":"icons\/help\/40401.png"},"icons\/help\/40501.png":{"path":"icons\/help\/40501.png"},"icons\/help\/50101.png":{"path":"icons\/help\/50101.png"},"icons\/help\/60101.png":{"path":"icons\/help\/60101.png"},"icons\/help\/90101.png":{"path":"icons\/help\/90101.png"},"icons\/help\/90102.png":{"path":"icons\/help\/90102.png"},"icons\/help\/90103.png":{"path":"icons\/help\/90103.png"},"icons\/help\/90104.png":{"path":"icons\/help\/90104.png"},"icons\/help\/100101.png":{"path":"icons\/help\/100101.png"},"icons\/help\/100102.png":{"path":"icons\/help\/100102.png"},"icons\/help\/110101.png":{"path":"icons\/help\/110101.png"},"icons\/help\/110102.png":{"path":"icons\/help\/110102.png"},"icons\/help\/110103.png":{"path":"icons\/help\/110103.png"},"icons\/help\/110104.png":{"path":"icons\/help\/110104.png"},"icons\/help\/110105.png":{"path":"icons\/help\/110105.png"},"icons\/help\/120101.png":{"path":"icons\/help\/120101.png"},"icons\/help\/130101.png":{"path":"icons\/help\/130101.png"},"icons\/help\/130201.png":{"path":"icons\/help\/130201.png"},"icons\/help\/130202.png":{"path":"icons\/help\/130202.png"},"icons\/help\/130203.png":{"path":"icons\/help\/130203.png"},"icons\/help\/140101.png":{"path":"icons\/help\/140101.png"},"icons\/help\/160101.png":{"path":"icons\/help\/160101.png"},"icons\/function\/4400003.png":{"path":"icons\/function\/4400003.png"},"icons\/function\/4400004.png":{"path":"icons\/function\/4400004.png"},"icons\/function\/4400005.png":{"path":"icons\/function\/4400005.png"},"icons\/function\/4400006.png":{"path":"icons\/function\/4400006.png"},"icons\/function\/4400007.png":{"path":"icons\/function\/4400007.png"},"icons\/function\/4400008.png":{"path":"icons\/function\/4400008.png"},"icons\/function\/4400010.png":{"path":"icons\/function\/4400010.png"},"icons\/function\/4400011.png":{"path":"icons\/function\/4400011.png"},"icons\/function\/4400012.png":{"path":"icons\/function\/4400012.png"},"icons\/function\/4400014.png":{"path":"icons\/function\/4400014.png"},"icons\/function\/4400015.png":{"path":"icons\/function\/4400015.png"},"icons\/function\/4400016.png":{"path":"icons\/function\/4400016.png"},"icons\/function\/4400018.png":{"path":"icons\/function\/4400018.png"},"icons\/function\/4400019.png":{"path":"icons\/function\/4400019.png"},"icons\/function\/4400021.png":{"path":"icons\/function\/4400021.png"},"icons\/function\/4400022.png":{"path":"icons\/function\/4400022.png"},"icons\/function\/4400024.png":{"path":"icons\/function\/4400024.png"},"icons\/function\/4400027.png":{"path":"icons\/function\/4400027.png"},"icons\/function\/4400028.png":{"path":"icons\/function\/4400028.png"},"icons\/function\/4400029.png":{"path":"icons\/function\/4400029.png"},"icons\/function\/4400030.png":{"path":"icons\/function\/4400030.png"},"icons\/function\/4400031.png":{"path":"icons\/function\/4400031.png"},"icons\/function\/4400032.png":{"path":"icons\/function\/4400032.png"},"icons\/function\/4400033.png":{"path":"icons\/function\/4400033.png"},"icons\/function\/4400034.png":{"path":"icons\/function\/4400034.png"},"icons\/tavern\/recruitState\/recruited.png":{"path":"icons\/tavern\/recruitState\/recruited.png"},"icons\/logo\/logo.swf":{"path":"icons\/logo\/logo.swf"},"icons\/recharge\/wenzi.swf":{"path":"icons\/recharge\/wenzi.swf"},"war\/BattleCommonResource.swf":{"path":"war\/BattleCommonResource.swf"},"panels\/Activity.swf":{"path":"panels\/Activity.swf"},"panels\/CheckInComp.swf":{"path":"panels\/CheckInComp.swf"},"panels\/DelayMessage.swf":{"path":"panels\/DelayMessage.swf"},"panels\/DungeonRewardPanel.swf":{"path":"panels\/DungeonRewardPanel.swf"},"panels\/FactionComp.swf":{"path":"panels\/FactionComp.swf"},"panels\/FirstRecharge.swf":{"path":"panels\/FirstRecharge.swf"},"panels\/PaTaEcTypeComp.swf":{"path":"panels\/PaTaEcTypeComp.swf"},"panels\/RoleChoose.swf":{"path":"panels\/RoleChoose.swf"},"panels\/TeamHall.swf":{"path":"panels\/TeamHall.swf"},"panels\/TeamRoom.swf":{"path":"panels\/TeamRoom.swf"},"panels\/Toolbar.swf":{"path":"panels\/Toolbar.swf"},"panels\/Trade.swf":{"path":"panels\/Trade.swf"},"panels\/TurntableComp.swf":{"path":"panels\/TurntableComp.swf"},"panels\/VipComp.swf":{"path":"panels\/VipComp.swf"},"panels\/XuanShangQuestComp.swf":{"path":"panels\/XuanShangQuestComp.swf"},"panels\/Arena.swf":{"path":"panels\/Arena.swf"},"panels\/MoneyTree.swf":{"path":"panels\/MoneyTree.swf"},"panels\/SuperShopComp.swf":{"path":"panels\/SuperShopComp.swf"},"panels\/RoleMsgComp.swf":{"path":"panels\/RoleMsgComp.swf"},"panels\/HomeNPcDialog.swf":{"path":"panels\/HomeNPcDialog.swf"},"panels\/NpcDialogComp.swf":{"path":"panels\/NpcDialogComp.swf"},"panels\/PetComp.swf":{"path":"panels\/PetComp.swf"},"panels\/FriendListComp.swf":{"path":"panels\/FriendListComp.swf"},"panels\/CopyRaids.swf":{"path":"panels\/CopyRaids.swf"},"panels\/WorldLeagueGame.swf":{"path":"panels\/WorldLeagueGame.swf"},"panels\/WorshipComp.swf":{"path":"panels\/WorshipComp.swf"},"panels\/FuBenOfPersonalComp.swf":{"path":"panels\/FuBenOfPersonalComp.swf"},"panels\/InvestActivity.swf":{"path":"panels\/InvestActivity.swf"},"panels\/ScoreSystemComp.swf":{"path":"panels\/ScoreSystemComp.swf"},"panels\/HeroHellComp.swf":{"path":"panels\/HeroHellComp.swf"},"panels\/DailyFirstRecharge.swf":{"path":"panels\/DailyFirstRecharge.swf"},"panels\/CampFightInfoComp.swf":{"path":"panels\/CampFightInfoComp.swf"},"panels\/CampFightJoinComp.swf":{"path":"panels\/CampFightJoinComp.swf"},"effect\/uiEffect\/OpenFunction.swf":{"path":"effect\/uiEffect\/OpenFunction.swf"},"panels\/VkFriendRankShareComp.swf":{"path":"panels\/VkFriendRankShareComp.swf"}}