{"1":{"id":1,"name":"i18n_900130000","desc":"i18n_900131000","phisicalAttackStar":"1","phisicalDefendStar":"2","hitStar":"2.5","avoidStar":"3.5","hpStar":"4","supplyStar":"5","criticalStar":"4.5","moraleStar":"1.5","hitbackStar":"0.5","hpTop":80,"moveSpeed":10,"hit":8,"avoid":7,"critical":4,"hitback":3,"phisicalAttack":15,"phisicalDefend":13,"attackSpeed":7,"mp":20,"skillsCanLearned":"14040101-14040102-14040201-14040202-14040301-14040302-14040401-14040402-14040501-14040502"},"2":{"id":2,"name":"i18n_900130001","desc":"i18n_900131001","phisicalAttackStar":"1","phisicalDefendStar":"2","hitStar":"2.5","avoidStar":"3.5","hpStar":"4","supplyStar":"5","criticalStar":"4.5","moraleStar":"1.5","hitbackStar":"0.5","hpTop":80,"moveSpeed":10,"hit":8,"avoid":7,"critical":4,"hitback":3,"phisicalAttack":15,"phisicalDefend":13,"attackSpeed":7,"mp":20,"skillsCanLearned":"14040101-14040102-14040201-14040202-14040301-14040302-14040401-14040402-14040501-14040502"},"501201":{"id":501201,"name":"i18n_900130002","quality":1,"potentialMin":94,"potentialMax":95,"desc":"i18n_900131002","phisicalAttackStar":"2","phisicalDefendStar":"2.5","hitStar":"2","avoidStar":"2","hpStar":"2","supplyStar":"2","criticalStar":"2","moraleStar":"2","hitbackStar":"2","hpTop":90,"hit":8,"avoid":7,"critical":5,"hitback":8,"phisicalAttack":19,"phisicalDefend":12,"attackSpeed":7,"mp":20,"skillsCanLearned":"11010101-11010301","initSkill":"11010101-11010301"},"501202":{"id":501202,"name":"i18n_900130003","quality":1,"potentialMin":70,"potentialMax":85,"desc":"i18n_900131003","phisicalAttackStar":"2","phisicalDefendStar":"2.5","hitStar":"2","avoidStar":"2","hpStar":"2","supplyStar":"2","criticalStar":"2","moraleStar":"2","hitbackStar":"2","hpTop":90,"hit":8,"avoid":12,"critical":5,"hitback":4,"phisicalAttack":18,"phisicalDefend":12,"attackSpeed":7,"mp":20,"skillsCanLearned":"11010101-11010301","initSkill":"11010101-11010301"},"501203":{"id":501203,"name":"i18n_900130004","quality":1,"potentialMin":70,"potentialMax":85,"desc":"i18n_900131004","phisicalAttackStar":"3","phisicalDefendStar":"2.5","hitStar":"2.5","avoidStar":"3","hpStar":"2","supplyStar":"3","criticalStar":"2","moraleStar":"3","hitbackStar":"2","hpTop":65,"hit":8,"avoid":12,"critical":4,"hitback":3,"phisicalAttack":22,"phisicalDefend":8,"attackSpeed":9,"mp":22,"skillsCanLearned":"11020101-12020301","initSkill":"11020101-12020301"},"501204":{"id":501204,"name":"i18n_900130005","quality":1,"potentialMin":70,"potentialMax":85,"desc":"i18n_900131005","phisicalAttackStar":"2.5","phisicalDefendStar":"2","hitStar":"2","avoidStar":"2","hpStar":"1.5","supplyStar":"2","criticalStar":"2","moraleStar":"2.5","hitbackStar":"1","hpTop":65,"hit":8,"avoid":7,"critical":8,"hitback":3,"phisicalAttack":22,"phisicalDefend":8,"attackSpeed":9,"mp":22,"skillsCanLearned":"11020101-11020301","initSkill":"11020101-11020301"},"503403":{"id":503403,"name":"i18n_900130025","quality":1,"potentialMin":70,"potentialMax":85,"desc":"i18n_900131025","phisicalAttackStar":"4","phisicalDefendStar":"3","hitStar":"3","avoidStar":"4","hpStar":"3","supplyStar":"4.5","criticalStar":"3","moraleStar":"3.5","hitbackStar":"3.5","hpTop":70,"hit":8,"avoid":7,"critical":6,"hitback":5,"phisicalAttack":20,"phisicalDefend":8,"attackSpeed":8,"mp":24,"skillsCanLearned":"11030201-11030301","initSkill":"11030201-11030301"},"501206":{"id":501206,"name":"i18n_900130007","quality":1,"potentialMin":70,"potentialMax":85,"desc":"i18n_900131007","phisicalAttackStar":"2","phisicalDefendStar":"2","hitStar":"2","avoidStar":"2","hpStar":"1.5","supplyStar":"2.5","criticalStar":"2","moraleStar":"2.5","hitbackStar":"2","hpTop":70,"hit":8,"avoid":7,"critical":6,"hitback":5,"phisicalAttack":20,"phisicalDefend":8,"attackSpeed":8,"mp":24,"skillsCanLearned":"11020101-11030301","initSkill":"11020101-11030301"},"501301":{"id":501301,"name":"i18n_900130008","quality":1,"potentialMin":80,"potentialMax":95,"desc":"i18n_900131008","phisicalAttackStar":"2.5","phisicalDefendStar":"3","hitStar":"2.5","avoidStar":"3","hpStar":"3","supplyStar":"3","criticalStar":"2","moraleStar":"2.5","hitbackStar":"2","hpTop":90,"hit":8,"avoid":7,"critical":5,"hitback":8,"phisicalAttack":18,"phisicalDefend":12,"attackSpeed":7,"mp":20,"skillsCanLearned":"12010101-12010301","initSkill":"12010101-12010301"},"501302":{"id":501302,"name":"i18n_900130009","quality":1,"potentialMin":80,"potentialMax":95,"desc":"i18n_900131009","phisicalAttackStar":"3.5","phisicalDefendStar":"2.5","hitStar":"2.5","avoidStar":"3","hpStar":"2","supplyStar":"3","criticalStar":"2","moraleStar":"3","hitbackStar":"2","hpTop":65,"hit":8,"avoid":7,"critical":8,"hitback":3,"phisicalAttack":22,"phisicalDefend":8,"attackSpeed":9,"mp":22,"skillsCanLearned":"12020101-12020301","initSkill":"12020101-12020301"},"501303":{"id":501303,"name":"i18n_900130010","quality":1,"potentialMin":80,"potentialMax":95,"desc":"i18n_900131010","phisicalAttackStar":"3","phisicalDefendStar":"2.5","hitStar":"2.5","avoidStar":"3","hpStar":"2.5","supplyStar":"3","criticalStar":"2","moraleStar":"3","hitbackStar":"2.5","hpTop":70,"hit":8,"avoid":12,"critical":3,"hitback":5,"phisicalAttack":20,"phisicalDefend":8,"attackSpeed":8,"mp":24,"skillsCanLearned":"12030101-12030301","initSkill":"12030101-12030301"},"501304":{"id":501304,"name":"i18n_900130011","quality":2,"potentialMin":90,"potentialMax":105,"desc":"i18n_900131011","phisicalAttackStar":"2.5","phisicalDefendStar":"3","hitStar":"2.5","avoidStar":"3","hpStar":"3","supplyStar":"3.5","criticalStar":"2","moraleStar":"2.5","hitbackStar":"3.5","hpTop":90,"hit":8,"avoid":7,"critical":5,"hitback":8,"phisicalAttack":18,"phisicalDefend":12,"attackSpeed":7,"mp":20,"skillsCanLearned":"12010102-12010301-12010202-12010402","initSkill":"12010102-12010301"},"501305":{"id":501305,"name":"i18n_900130012","quality":2,"potentialMin":90,"potentialMax":105,"desc":"i18n_900131012","phisicalAttackStar":"2.5","phisicalDefendStar":"3","hitStar":"2.5","avoidStar":"4","hpStar":"3","supplyStar":"3","criticalStar":"2","moraleStar":"2.5","hitbackStar":"2","hpTop":90,"hit":8,"avoid":12,"critical":5,"hitback":4,"phisicalAttack":18,"phisicalDefend":12,"attackSpeed":7,"mp":20,"skillsCanLearned":"12010102-12010301-12010203-12010403","initSkill":"12010102-12010301"},"501306":{"id":501306,"name":"i18n_900130013","quality":2,"potentialMin":90,"potentialMax":105,"desc":"i18n_900131013","phisicalAttackStar":"3.5","phisicalDefendStar":"2.5","hitStar":"2.5","avoidStar":"4","hpStar":"2","supplyStar":"3","criticalStar":"2","moraleStar":"3","hitbackStar":"2","hpTop":65,"hit":8,"avoid":12,"critical":4,"hitback":3,"phisicalAttack":24,"phisicalDefend":8,"attackSpeed":9,"mp":22,"skillsCanLearned":"12020102-12020301-12020202-12020402","initSkill":"12020102-12020301"},"502301":{"id":502301,"name":"i18n_900130014","quality":2,"potentialMin":90,"potentialMax":105,"desc":"i18n_900131014","phisicalAttackStar":"3.5","phisicalDefendStar":"2.5","hitStar":"2.5","avoidStar":"3","hpStar":"2","supplyStar":"3","criticalStar":"3","moraleStar":"3","hitbackStar":"2","hpTop":65,"hit":8,"avoid":7,"critical":8,"hitback":3,"phisicalAttack":24,"phisicalDefend":8,"attackSpeed":9,"mp":22,"skillsCanLearned":"12020102-12020301-12020203-12020403","initSkill":"12020102-12020301"},"502302":{"id":502302,"name":"i18n_900130015","quality":2,"potentialMin":90,"potentialMax":105,"desc":"i18n_900131015","phisicalAttackStar":"3","phisicalDefendStar":"2.5","hitStar":"2.5","avoidStar":"4","hpStar":"2.5","supplyStar":"3.5","criticalStar":"2","moraleStar":"3","hitbackStar":"2.5","hpTop":70,"hit":8,"avoid":12,"critical":3,"hitback":5,"phisicalAttack":21,"phisicalDefend":8,"attackSpeed":8,"mp":24,"skillsCanLearned":"12030102-12030301-12030202-12030402","initSkill":"12030102-12030301"},"502303":{"id":502303,"name":"i18n_900130016","quality":2,"potentialMin":90,"potentialMax":105,"desc":"i18n_900131016","phisicalAttackStar":"3","phisicalDefendStar":"2.5","hitStar":"2.5","avoidStar":"3","hpStar":"2.5","supplyStar":"3.5","criticalStar":"2.5","moraleStar":"3","hitbackStar":"2.5","hpTop":70,"hit":8,"avoid":7,"critical":6,"hitback":5,"phisicalAttack":21,"phisicalDefend":8,"attackSpeed":8,"mp":24,"skillsCanLearned":"12030103-12030301-12030203-12030403","initSkill":"12030103-12030301"},"502304":{"id":502304,"name":"i18n_900130017","quality":2,"potentialMin":100,"potentialMax":120,"desc":"i18n_900131017","phisicalAttackStar":"3.5","phisicalDefendStar":"4","hitStar":"3","avoidStar":"4","hpStar":"4","supplyStar":"4","criticalStar":"3","moraleStar":"3.5","hitbackStar":"3","hpTop":90,"hit":8,"avoid":7,"critical":5,"hitback":8,"phisicalAttack":18,"phisicalDefend":12,"attackSpeed":7,"mp":20,"skillsCanLearned":"13010101-13010301-13010201-13010401","initSkill":"13010101-13010301"},"502305":{"id":502305,"name":"i18n_900130018","quality":2,"potentialMin":100,"potentialMax":120,"desc":"i18n_900131018","phisicalAttackStar":"4.5","phisicalDefendStar":"3","hitStar":"3","avoidStar":"4","hpStar":"3","supplyStar":"4","criticalStar":"2.5","moraleStar":"4","hitbackStar":"2.5","hpTop":65,"hit":8,"avoid":7,"critical":8,"hitback":3,"phisicalAttack":24,"phisicalDefend":8,"attackSpeed":9,"mp":22,"skillsCanLearned":"13020101-13020301-13020201-13020401","initSkill":"13020101-13020301"},"502306":{"id":502306,"name":"i18n_900130019","quality":2,"potentialMin":100,"potentialMax":120,"desc":"i18n_900131019","phisicalAttackStar":"4","phisicalDefendStar":"3","hitStar":"3","avoidStar":"4","hpStar":"3","supplyStar":"4.5","criticalStar":"2","moraleStar":"3.5","hitbackStar":"3.5","hpTop":70,"hit":8,"avoid":12,"critical":3,"hitback":5,"phisicalAttack":21,"phisicalDefend":8,"attackSpeed":8,"mp":24,"skillsCanLearned":"13030101-13030301-13030201-13030401","initSkill":"13030101-13030301"},"502401":{"id":502401,"name":"i18n_900130020","quality":3,"potentialMin":115,"potentialMax":145,"desc":"i18n_900131020","phisicalAttackStar":"3.5","phisicalDefendStar":"4","hitStar":"3","avoidStar":"4","hpStar":"4","supplyStar":"4","criticalStar":"3","moraleStar":"3.5","hitbackStar":"5","hpTop":90,"hit":8,"avoid":7,"critical":5,"hitback":8,"phisicalAttack":18,"phisicalDefend":12,"attackSpeed":7,"mp":20,"skillsCanLearned":"13010102-13010301-13010202-13010402","initSkill":"13010102-13010301-13010202-13010402"},"502402":{"id":502402,"name":"i18n_900130021","quality":3,"potentialMin":115,"potentialMax":145,"desc":"i18n_900131021","phisicalAttackStar":"3.5","phisicalDefendStar":"4","hitStar":"3","avoidStar":"5","hpStar":"4","supplyStar":"4","criticalStar":"3","moraleStar":"3.5","hitbackStar":"3","hpTop":90,"hit":8,"avoid":12,"critical":5,"hitback":4,"phisicalAttack":18,"phisicalDefend":12,"attackSpeed":7,"mp":20,"skillsCanLearned":"13010102-13010301-13010203-13010403","initSkill":"13010102-13010301-13010203-13010403"},"502403":{"id":502403,"name":"i18n_900130022","quality":3,"potentialMin":115,"potentialMax":145,"desc":"i18n_900131022","phisicalAttackStar":"4.5","phisicalDefendStar":"3","hitStar":"3","avoidStar":"5","hpStar":"3","supplyStar":"4","criticalStar":"2.5","moraleStar":"4","hitbackStar":"2.5","hpTop":65,"hit":8,"avoid":12,"critical":4,"hitback":3,"phisicalAttack":24,"phisicalDefend":8,"attackSpeed":9,"mp":22,"skillsCanLearned":"13020102-13020301-13020202-13020402","initSkill":"13020102-13020301-13020202-13020402"},"503401":{"id":503401,"name":"i18n_900130023","quality":3,"potentialMin":115,"potentialMax":145,"desc":"i18n_900131023","phisicalAttackStar":"4.5","phisicalDefendStar":"3","hitStar":"3","avoidStar":"4","hpStar":"3","supplyStar":"4","criticalStar":"4","moraleStar":"4","hitbackStar":"2.5","hpTop":65,"hit":8,"avoid":7,"critical":8,"hitback":3,"phisicalAttack":24,"phisicalDefend":8,"attackSpeed":9,"mp":22,"skillsCanLearned":"13020102-13020301-13020203-13020403","initSkill":"13020102-13020301-13020203-13020403"},"503402":{"id":503402,"name":"i18n_900130024","quality":3,"potentialMin":115,"potentialMax":145,"desc":"i18n_900131024","phisicalAttackStar":"4","phisicalDefendStar":"3","hitStar":"3","avoidStar":"5","hpStar":"3","supplyStar":"4.5","criticalStar":"2","moraleStar":"3.5","hitbackStar":"3.5","hpTop":70,"hit":8,"avoid":12,"critical":3,"hitback":5,"phisicalAttack":21,"phisicalDefend":8,"attackSpeed":8,"mp":24,"skillsCanLearned":"13030102-13030301-13030202-13030402","initSkill":"13030102-13030301-13030202-13030402"},"501205":{"id":501205,"name":"i18n_900130006","quality":3,"potentialMin":115,"potentialMax":145,"desc":"i18n_900131006","phisicalAttackStar":"3","phisicalDefendStar":"2.5","hitStar":"2.5","avoidStar":"3","hpStar":"2.5","supplyStar":"3","criticalStar":"2","moraleStar":"2.5","hitbackStar":"2","hpTop":70,"hit":8,"avoid":12,"critical":3,"hitback":5,"phisicalAttack":21,"phisicalDefend":8,"attackSpeed":8,"mp":24,"skillsCanLearned":"13030103-13030301-13030203-13030403","initSkill":"13030103-13030301-13030203-13030403"},"503501":{"id":503501,"name":"i18n_900130026","quality":3,"potentialMin":140,"potentialMax":160,"desc":"i18n_900131026","phisicalAttackStar":"4.5","phisicalDefendStar":"5","hitStar":"4","avoidStar":"4.5","hpStar":"4.5","supplyStar":"5","criticalStar":"3.5","moraleStar":"4","hitbackStar":"3.5","hpTop":90,"hit":8,"avoid":7,"critical":5,"hitback":8,"phisicalAttack":18,"phisicalDefend":12,"attackSpeed":7,"mp":20,"skillsCanLearned":"14010101-14010301-14010201-14010401","initSkill":"14010101-14010301-14010201-14010401"},"503502":{"id":503502,"name":"i18n_900130027","quality":3,"potentialMin":140,"potentialMax":160,"desc":"i18n_900131027","phisicalAttackStar":"5.5","phisicalDefendStar":"3.5","hitStar":"4","avoidStar":"4.5","hpStar":"3.5","supplyStar":"5.5","criticalStar":"3","moraleStar":"4.5","hitbackStar":"3","hpTop":65,"hit":8,"avoid":7,"critical":8,"hitback":3,"phisicalAttack":24,"phisicalDefend":8,"attackSpeed":9,"mp":22,"skillsCanLearned":"14020101-14020301-14020201-14020401","initSkill":"14020101-14020301-14020201-14020401"},"503503":{"id":503503,"name":"i18n_900130028","quality":3,"potentialMin":140,"potentialMax":160,"desc":"i18n_900131028","phisicalAttackStar":"5","phisicalDefendStar":"3.5","hitStar":"5","avoidStar":"4.5","hpStar":"3.5","supplyStar":"5.5","criticalStar":"2.5","moraleStar":"4","hitbackStar":"4","hpTop":70,"hit":8,"avoid":12,"critical":3,"hitback":5,"phisicalAttack":21,"phisicalDefend":8,"attackSpeed":8,"mp":24,"skillsCanLearned":"14030101-14030301-14030201-14030401","initSkill":"14030101-14030301-14030201-14030401"},"503504":{"id":503504,"name":"i18n_900130029","quality":4,"potentialMin":195,"potentialMax":205,"desc":"i18n_900131029","phisicalAttackStar":"4.5","phisicalDefendStar":"5","hitStar":"4","avoidStar":"4.5","hpStar":"5","supplyStar":"5","criticalStar":"3.5","moraleStar":"4","hitbackStar":"6","hpTop":90,"hit":8,"avoid":7,"critical":5,"hitback":8,"phisicalAttack":18,"phisicalDefend":12,"attackSpeed":7,"mp":20,"skillsCanLearned":"14010102-14010301-14010202-14010402","initSkill":"14010102-14010301-14010202-14010402"},"503505":{"id":503505,"name":"i18n_900130030","quality":4,"potentialMin":195,"potentialMax":205,"desc":"i18n_900131030","phisicalAttackStar":"4.5","phisicalDefendStar":"5","hitStar":"4","avoidStar":"6","hpStar":"5","supplyStar":"5","criticalStar":"3.5","moraleStar":"4","hitbackStar":"3.5","hpTop":90,"hit":8,"avoid":12,"critical":5,"hitback":4,"phisicalAttack":18,"phisicalDefend":12,"attackSpeed":7,"mp":20,"skillsCanLearned":"14010102-14010301-14010203-14010403","initSkill":"14010102-14010301-14010203-14010403"},"503506":{"id":503506,"name":"i18n_900130031","quality":4,"potentialMin":195,"potentialMax":205,"desc":"i18n_900131031","phisicalAttackStar":"5.5","phisicalDefendStar":"3.5","hitStar":"4","avoidStar":"6","hpStar":"3.5","supplyStar":"5.5","criticalStar":"3","moraleStar":"4.5","hitbackStar":"3","hpTop":65,"hit":8,"avoid":12,"critical":4,"hitback":3,"phisicalAttack":24,"phisicalDefend":8,"attackSpeed":9,"mp":22,"skillsCanLearned":"14020102-14020301-14020202-14020402","initSkill":"14020102-14020301-14020202-14020402"},"504501":{"id":504501,"name":"i18n_900130032","quality":4,"potentialMin":195,"potentialMax":205,"desc":"i18n_900131032","phisicalAttackStar":"5.5","phisicalDefendStar":"3.5","hitStar":"4","avoidStar":"4.5","hpStar":"3.5","supplyStar":"5.5","criticalStar":"4.5","moraleStar":"4.5","hitbackStar":"3","hpTop":65,"hit":8,"avoid":7,"critical":8,"hitback":3,"phisicalAttack":24,"phisicalDefend":8,"attackSpeed":9,"mp":22,"skillsCanLearned":"14020102-14020301-14020203-14020403","initSkill":"14020102-14020301-14020203-14020403"},"504502":{"id":504502,"name":"i18n_900130033","quality":4,"potentialMin":195,"potentialMax":205,"desc":"i18n_900131033","phisicalAttackStar":"5","phisicalDefendStar":"3.5","hitStar":"5","avoidStar":"6","hpStar":"3.5","supplyStar":"5.5","criticalStar":"2.5","moraleStar":"4","hitbackStar":"4","hpTop":70,"hit":8,"avoid":12,"critical":3,"hitback":5,"phisicalAttack":21,"phisicalDefend":8,"attackSpeed":8,"mp":24,"skillsCanLearned":"14030102-14030301-14030202-14030402","initSkill":"14030102-14030301-14030202-14030402"},"504503":{"id":504503,"name":"i18n_900130034","quality":4,"potentialMin":195,"potentialMax":205,"desc":"i18n_900131034","phisicalAttackStar":"5","phisicalDefendStar":"3.5","hitStar":"5","avoidStar":"4.5","hpStar":"3.5","supplyStar":"5.5","criticalStar":"4","moraleStar":"4","hitbackStar":"4","hpTop":70,"hit":8,"avoid":7,"critical":6,"hitback":5,"phisicalAttack":21,"phisicalDefend":8,"attackSpeed":8,"mp":24,"skillsCanLearned":"14030103-14030301-14030203-14030403","initSkill":"14030103-14030301-14030203-14030403"},"504601":{"id":504601,"name":"i18n_900130035","quality":5,"potentialMin":210,"potentialMax":220,"desc":"i18n_900131035","phisicalAttackStar":"5.5","phisicalDefendStar":"6","hitStar":"5","avoidStar":"5.5","hpStar":"6","supplyStar":"6","criticalStar":"5","moraleStar":"5","hitbackStar":"6","hpTop":90,"hit":8,"avoid":7,"critical":5,"hitback":8,"phisicalAttack":18,"phisicalDefend":12,"attackSpeed":7,"mp":20,"skillsCanLearned":"15010101-15010301-15010201-15010401","initSkill":"15010101-15010301-15010201-15010401"},"504602":{"id":504602,"name":"i18n_900130036","quality":5,"potentialMin":210,"potentialMax":220,"desc":"i18n_900131036","phisicalAttackStar":"6","phisicalDefendStar":"5","hitStar":"6","avoidStar":"5.5","hpStar":"5","supplyStar":"6","criticalStar":"5.5","moraleStar":"6","hitbackStar":"4","hpTop":65,"hit":8,"avoid":7,"critical":8,"hitback":3,"phisicalAttack":24,"phisicalDefend":8,"attackSpeed":9,"mp":22,"skillsCanLearned":"15020101-15020301-15020201-15020401","initSkill":"15020101-15020301-15020201-15020401"},"504603":{"id":504603,"name":"i18n_900130037","quality":5,"potentialMin":210,"potentialMax":220,"desc":"i18n_900131037","phisicalAttackStar":"6","phisicalDefendStar":"5","hitStar":"6","avoidStar":"5.5","hpStar":"5","supplyStar":"6","criticalStar":"5","moraleStar":"5.5","hitbackStar":"6","hpTop":70,"hit":8,"avoid":12,"critical":3,"hitback":5,"phisicalAttack":21,"phisicalDefend":8,"attackSpeed":8,"mp":24,"skillsCanLearned":"15030101-15030301-15030201-15030401","initSkill":"15030101-15030301-15030201-15030401"}}