{"1":{"id":1,"name":"i18n_900220001","liveness":8,"count":5},"2":{"id":2,"name":"i18n_900220002","liveness":2,"count":20},"3":{"id":3,"name":"i18n_900220003","liveness":8,"count":10},"4":{"id":4,"name":"i18n_900220004","liveness":2,"count":20},"5":{"id":5,"name":"i18n_900220005","liveness":2,"count":50},"6":{"id":6,"name":"i18n_900220006","liveness":1,"count":6},"7":{"id":7,"name":"i18n_900220007","liveness":5,"count":1},"8":{"id":8,"name":"i18n_900220008","liveness":1,"count":100},"9":{"id":9,"name":"i18n_900220009","liveness":1,"count":3},"10":{"id":10,"name":"i18n_900220010","liveness":5,"count":2},"11":{"id":11,"name":"i18n_900220011","liveness":2,"count":20},"12":{"id":12,"name":"i18n_900220012","liveness":1,"count":10},"13":{"id":13,"name":"i18n_900220013","liveness":1,"count":3},"14":{"id":14,"name":"i18n_900220014","liveness":5,"count":15},"15":{"id":15,"name":"i18n_900220015","liveness":2,"count":30},"16":{"id":16,"name":"i18n_900220016","liveness":2,"count":20},"17":{"id":17,"name":"i18n_900220017","liveness":1,"count":10},"18":{"id":18,"name":"i18n_900220018","liveness":5,"count":1},"19":{"id":19,"name":"i18n_900220019","liveness":3,"count":10},"20":{"id":20,"name":"i18n_900220020","liveness":10,"count":10}}