{"1":{"id":1,"liveness":50,"rewardItem":[{"id":3400103,"num":3},{"id":0,"num":0},{"id":0,"num":0},{"id":0,"num":0},{"id":0,"num":0}]},"2":{"id":2,"liveness":150,"rewardItem":[{"id":3801035,"num":1},{"id":3400017,"num":3},{"id":0,"num":0},{"id":0,"num":0},{"id":0,"num":0}]},"3":{"id":3,"liveness":300,"rewardItem":[{"id":3801035,"num":1},{"id":3400018,"num":1},{"id":3400005,"num":1},{"id":0,"num":0},{"id":0,"num":0}]},"4":{"id":4,"liveness":500,"rewardItem":[{"id":3801034,"num":1},{"id":3310311,"num":1},{"id":3400005,"num":5},{"id":0,"num":0},{"id":0,"num":0}]},"5":{"id":5,"liveness":700,"rewardItem":[{"id":3801034,"num":1},{"id":3400016,"num":1},{"id":3400006,"num":1},{"id":0,"num":0},{"id":0,"num":0}]}}