{"101":{"id":101,"name":"i18n_290000101","bgSound":"10001","fightBgSound":"100","weather":"0-100-0","fightMaplds":"401","needLevel":1,"campId":1},"102":{"id":102,"name":"i18n_290000102","bgSound":"10001","fightBgSound":"100","weather":"0-100-0","fightMaplds":"401","needLevel":1,"campId":2},"103":{"id":103,"name":"i18n_290000103","bgSound":"10002","fightBgSound":"100","weather":"0-100-0","fightMaplds":"402","needLevel":10,"campId":1},"104":{"id":104,"name":"i18n_290000104","bgSound":"10002","fightBgSound":"100","weather":"0-100-0","fightMaplds":"402","needLevel":10,"campId":2},"105":{"id":105,"name":"i18n_290000105","bgSound":"10003","fightBgSound":"100","weather":"0-100-0","fightMaplds":"402","needLevel":20},"106":{"id":106,"name":"i18n_290000106","bgSound":"10004","fightBgSound":"100","weather":"0-100-0","fightMaplds":"403","needLevel":30},"107":{"id":107,"name":"i18n_290000107","bgSound":"10004","fightBgSound":"100","weather":"0-100-0","fightMaplds":"404","needLevel":40},"108":{"id":108,"name":"i18n_290000108","bgSound":"10004","fightBgSound":"100","weather":"0-100-0","fightMaplds":"404","needLevel":50},"109":{"id":109,"name":"i18n_290000109","bgSound":"10004","fightBgSound":"100","weather":"0-100-0","fightMaplds":"404","needLevel":60},"110":{"id":110,"name":"i18n_290000110","bgSound":"10004","fightBgSound":"100","weather":"0-100-0","fightMaplds":"404","needLevel":70},"10101":{"id":10101,"name":"i18n_290010101","bgSound":"10101","fightBgSound":"200","weather":"1-0-30","fightMaplds":"401","needLevel":1},"10102":{"id":10102,"name":"i18n_290010102","bgSound":"10101","fightBgSound":"200","weather":"1-0-30","fightMaplds":"401","needLevel":1},"10103":{"id":10103,"name":"i18n_290010103","bgSound":"10101","fightBgSound":"200","weather":"1-0-30","fightMaplds":"401","needLevel":1},"10104":{"id":10104,"name":"i18n_290010104","bgSound":"10101","fightBgSound":"200","weather":"1-0-30","fightMaplds":"401","needLevel":1},"10201":{"id":10201,"name":"i18n_290010201","bgSound":"10101","fightBgSound":"200","weather":"1-0-30","fightMaplds":"401","needLevel":1},"10202":{"id":10202,"name":"i18n_290010202","bgSound":"10101","fightBgSound":"200","weather":"1-0-30","fightMaplds":"401","needLevel":1},"10203":{"id":10203,"name":"i18n_290010203","bgSound":"10101","fightBgSound":"200","weather":"1-0-30","fightMaplds":"401","needLevel":1},"10204":{"id":10204,"name":"i18n_290010204","bgSound":"10101","fightBgSound":"200","weather":"1-0-30","fightMaplds":"401","needLevel":1},"10301":{"id":10301,"name":"i18n_290010301","bgSound":"10101","fightBgSound":"200","weather":"1-0-30","fightMaplds":"402","needLevel":10},"10302":{"id":10302,"name":"i18n_290010302","bgSound":"10101","fightBgSound":"200","weather":"1-0-30","fightMaplds":"402","needLevel":10},"10303":{"id":10303,"name":"i18n_290010303","bgSound":"10101","fightBgSound":"200","weather":"1-0-30","fightMaplds":"402","needLevel":10},"10304":{"id":10304,"name":"i18n_290010304","bgSound":"10101","fightBgSound":"200","weather":"1-0-30","fightMaplds":"402","needLevel":10},"10305":{"id":10305,"name":"i18n_290010305","bgSound":"10102","fightBgSound":"200","weather":"1-0-30","fightMaplds":"402","needLevel":10},"10401":{"id":10401,"name":"i18n_290010401","bgSound":"10101","fightBgSound":"200","weather":"1-0-30","fightMaplds":"402","needLevel":10},"10402":{"id":10402,"name":"i18n_290010402","bgSound":"10101","fightBgSound":"200","weather":"1-0-30","fightMaplds":"402","needLevel":10},"10403":{"id":10403,"name":"i18n_290010403","bgSound":"10101","fightBgSound":"200","weather":"1-0-30","fightMaplds":"402","needLevel":10},"10404":{"id":10404,"name":"i18n_290010404","bgSound":"10101","fightBgSound":"200","weather":"1-0-30","fightMaplds":"402","needLevel":10},"10405":{"id":10405,"name":"i18n_290010405","bgSound":"10102","fightBgSound":"200","weather":"1-0-30","fightMaplds":"402","needLevel":10},"10501":{"id":10501,"name":"i18n_290010501","bgSound":"10101","fightBgSound":"200","weather":"1-0-30","fightMaplds":"402","needLevel":20},"10502":{"id":10502,"name":"i18n_290010502","bgSound":"10101","fightBgSound":"200","weather":"1-0-30","fightMaplds":"402","needLevel":20},"10503":{"id":10503,"name":"i18n_290010503","bgSound":"10101","fightBgSound":"200","weather":"1-0-30","fightMaplds":"402","needLevel":20},"10504":{"id":10504,"name":"i18n_290010504","bgSound":"10101","fightBgSound":"200","weather":"1-0-30","fightMaplds":"402","needLevel":20},"10505":{"id":10505,"name":"i18n_290010505","bgSound":"10102","fightBgSound":"200","weather":"1-0-30","fightMaplds":"402","needLevel":20},"10601":{"id":10601,"name":"i18n_290010601","bgSound":"10101","fightBgSound":"200","weather":"1-0-30","fightMaplds":"403","needLevel":30},"10602":{"id":10602,"name":"i18n_290010602","bgSound":"10101","fightBgSound":"200","weather":"1-0-30","fightMaplds":"403","needLevel":30},"10603":{"id":10603,"name":"i18n_290010603","bgSound":"10101","fightBgSound":"200","weather":"1-0-30","fightMaplds":"403","needLevel":30},"10604":{"id":10604,"name":"i18n_290010604","bgSound":"10101","fightBgSound":"200","weather":"1-0-30","fightMaplds":"403","needLevel":30},"10605":{"id":10605,"name":"i18n_290010605","bgSound":"10102","fightBgSound":"200","weather":"1-0-30","fightMaplds":"403","needLevel":30},"10701":{"id":10701,"name":"i18n_290010701","bgSound":"10101","fightBgSound":"200","weather":"1-0-30","fightMaplds":"403","needLevel":40},"10702":{"id":10702,"name":"i18n_290010702","bgSound":"10101","fightBgSound":"200","weather":"1-0-30","fightMaplds":"403","needLevel":40},"10703":{"id":10703,"name":"i18n_290010703","bgSound":"10101","fightBgSound":"200","weather":"1-0-30","fightMaplds":"403","needLevel":40},"10704":{"id":10704,"name":"i18n_290010704","bgSound":"10101","fightBgSound":"200","weather":"1-0-30","fightMaplds":"403","needLevel":40},"10705":{"id":10705,"name":"i18n_290010705","bgSound":"10102","fightBgSound":"200","weather":"1-0-30","fightMaplds":"403","needLevel":40},"10801":{"id":10801,"name":"i18n_290010801","bgSound":"10101","fightBgSound":"200","weather":"2-30-0","fightMaplds":"404","needLevel":45},"10802":{"id":10802,"name":"i18n_290010802","bgSound":"10101","fightBgSound":"200","weather":"2-30-0","fightMaplds":"404","needLevel":45},"10803":{"id":10803,"name":"i18n_290010803","bgSound":"10101","fightBgSound":"200","weather":"2-30-0","fightMaplds":"404","needLevel":45},"10804":{"id":10804,"name":"i18n_290010804","bgSound":"10101","fightBgSound":"200","weather":"2-30-0","fightMaplds":"404","needLevel":45},"10805":{"id":10805,"name":"i18n_290010805","bgSound":"10102","fightBgSound":"200","weather":"2-30-0","fightMaplds":"404","needLevel":45},"10901":{"id":10901,"name":"i18n_290010901","bgSound":"10101","fightBgSound":"200","weather":"2-30-0","fightMaplds":"404","needLevel":50},"10902":{"id":10902,"name":"i18n_290010902","bgSound":"10101","fightBgSound":"200","weather":"2-30-0","fightMaplds":"404","needLevel":50},"10903":{"id":10903,"name":"i18n_290010903","bgSound":"10101","fightBgSound":"200","weather":"2-30-0","fightMaplds":"404","needLevel":50},"10904":{"id":10904,"name":"i18n_290010904","bgSound":"10101","fightBgSound":"200","weather":"2-30-0","fightMaplds":"404","needLevel":50},"10905":{"id":10905,"name":"i18n_290010905","bgSound":"10102","fightBgSound":"200","weather":"2-30-0","fightMaplds":"404","needLevel":50},"11001":{"id":11001,"name":"i18n_290011001","bgSound":"10101","fightBgSound":"200","weather":"2-30-0","fightMaplds":"404","needLevel":55},"11002":{"id":11002,"name":"i18n_290011002","bgSound":"10101","fightBgSound":"200","weather":"2-30-0","fightMaplds":"404","needLevel":55},"11003":{"id":11003,"name":"i18n_290011003","bgSound":"10101","fightBgSound":"200","weather":"2-30-0","fightMaplds":"404","needLevel":55},"11004":{"id":11004,"name":"i18n_290011004","bgSound":"10101","fightBgSound":"200","weather":"2-30-0","fightMaplds":"404","needLevel":55},"11005":{"id":11005,"name":"i18n_290011005","bgSound":"10102","fightBgSound":"200","weather":"2-30-0","fightMaplds":"404","needLevel":55},"11101":{"id":11101,"name":"i18n_290011101","bgSound":"10101","fightBgSound":"200","weather":"2-30-0","fightMaplds":"404","needLevel":60},"11102":{"id":11102,"name":"i18n_290011102","bgSound":"10101","fightBgSound":"200","weather":"2-30-0","fightMaplds":"404","needLevel":60},"11103":{"id":11103,"name":"i18n_290011103","bgSound":"10101","fightBgSound":"200","weather":"2-30-0","fightMaplds":"404","needLevel":60},"11104":{"id":11104,"name":"i18n_290011104","bgSound":"10101","fightBgSound":"200","weather":"2-30-0","fightMaplds":"404","needLevel":60},"11105":{"id":11105,"name":"i18n_290011105","bgSound":"10102","fightBgSound":"200","weather":"2-30-0","fightMaplds":"404","needLevel":60},"11201":{"id":11201,"name":"i18n_290011201","bgSound":"10101","fightBgSound":"200","weather":"2-30-0","fightMaplds":"404","needLevel":65},"11202":{"id":11202,"name":"i18n_290011202","bgSound":"10101","fightBgSound":"200","weather":"2-30-0","fightMaplds":"404","needLevel":65},"11203":{"id":11203,"name":"i18n_290011203","bgSound":"10101","fightBgSound":"200","weather":"2-30-0","fightMaplds":"404","needLevel":65},"11204":{"id":11204,"name":"i18n_290011204","bgSound":"10101","fightBgSound":"200","weather":"2-30-0","fightMaplds":"404","needLevel":65},"11205":{"id":11205,"name":"i18n_290011205","bgSound":"10102","fightBgSound":"200","weather":"2-30-0","fightMaplds":"404","needLevel":65},"11301":{"id":11301,"name":"i18n_290011301","bgSound":"10101","fightBgSound":"200","weather":"2-30-0","fightMaplds":"404","needLevel":70},"11302":{"id":11302,"name":"i18n_290011302","bgSound":"10101","fightBgSound":"200","weather":"2-30-0","fightMaplds":"404","needLevel":70},"11303":{"id":11303,"name":"i18n_290011303","bgSound":"10101","fightBgSound":"200","weather":"2-30-0","fightMaplds":"404","needLevel":70},"11304":{"id":11304,"name":"i18n_290011304","bgSound":"10101","fightBgSound":"200","weather":"2-30-0","fightMaplds":"404","needLevel":70},"11305":{"id":11305,"name":"i18n_290011305","bgSound":"10102","fightBgSound":"200","weather":"2-30-0","fightMaplds":"404","needLevel":70},"11401":{"id":11401,"name":"i18n_290011401","bgSound":"10101","fightBgSound":"200","weather":"2-30-0","fightMaplds":"404","needLevel":75},"11402":{"id":11402,"name":"i18n_290011402","bgSound":"10101","fightBgSound":"200","weather":"2-30-0","fightMaplds":"404","needLevel":75},"11403":{"id":11403,"name":"i18n_290011403","bgSound":"10101","fightBgSound":"200","weather":"2-30-0","fightMaplds":"404","needLevel":75},"11404":{"id":11404,"name":"i18n_290011404","bgSound":"10101","fightBgSound":"200","weather":"2-30-0","fightMaplds":"404","needLevel":75},"11405":{"id":11405,"name":"i18n_290011405","bgSound":"10102","fightBgSound":"200","weather":"2-30-0","fightMaplds":"404","needLevel":75},"11501":{"id":11501,"name":"i18n_290011501","bgSound":"10101","fightBgSound":"200","weather":"2-30-0","fightMaplds":"404","needLevel":80},"11502":{"id":11502,"name":"i18n_290011502","bgSound":"10101","fightBgSound":"200","weather":"2-30-0","fightMaplds":"404","needLevel":80},"11503":{"id":11503,"name":"i18n_290011503","bgSound":"10101","fightBgSound":"200","weather":"2-30-0","fightMaplds":"404","needLevel":80},"11504":{"id":11504,"name":"i18n_290011504","bgSound":"10101","fightBgSound":"200","weather":"2-30-0","fightMaplds":"404","needLevel":80},"11505":{"id":11505,"name":"i18n_290011505","bgSound":"10102","fightBgSound":"200","weather":"2-30-0","fightMaplds":"404","needLevel":80},"201":{"id":201,"name":"i18n_290000201","bgSound":"10002","fightBgSound":"100","weather":"1-0-10","fightMaplds":"402","needLevel":1},"301":{"id":301,"name":"i18n_290000301","bgSound":"10101","fightBgSound":"200","weather":"1-50-30","fightMaplds":"402","needLevel":20},"302":{"id":302,"name":"i18n_290000302","bgSound":"10101","fightBgSound":"200","weather":"1-50-30","fightMaplds":"402","needLevel":40},"303":{"id":303,"name":"i18n_290000303","bgSound":"10101","fightBgSound":"200","weather":"1-50-30","fightMaplds":"402","needLevel":60},"311":{"id":311,"name":"i18n_290000311","bgSound":"10102","fightBgSound":"200","weather":"1-50-30","fightMaplds":"402","needLevel":20},"312":{"id":312,"name":"i18n_290000312","bgSound":"10102","fightBgSound":"200","weather":"1-50-30","fightMaplds":"402","needLevel":20},"313":{"id":313,"name":"i18n_290000313","bgSound":"10102","fightBgSound":"200","weather":"1-50-30","fightMaplds":"402","needLevel":40},"314":{"id":314,"name":"i18n_290000314","bgSound":"10102","fightBgSound":"200","weather":"1-50-30","fightMaplds":"402","needLevel":40},"315":{"id":315,"name":"i18n_290000315","bgSound":"10102","fightBgSound":"200","weather":"1-50-30","fightMaplds":"402","needLevel":60},"316":{"id":316,"name":"i18n_290000316","bgSound":"10102","fightBgSound":"200","weather":"1-50-30","fightMaplds":"402","needLevel":60},"330":{"id":330,"name":"i18n_290000330","bgSound":"10101","fightBgSound":"200","weather":"1-50-30","fightMaplds":"402","needLevel":40},"331":{"id":331,"name":"i18n_290000331","bgSound":"10101","fightBgSound":"200","weather":"1-50-30","fightMaplds":"402","needLevel":40},"332":{"id":332,"name":"i18n_290000332","bgSound":"10101","fightBgSound":"200","weather":"1-50-30","fightMaplds":"402","needLevel":40},"333":{"id":333,"name":"i18n_290000333","bgSound":"10101","fightBgSound":"200","weather":"1-50-30","fightMaplds":"402","needLevel":40},"334":{"id":334,"name":"i18n_290000334","bgSound":"10101","fightBgSound":"200","weather":"1-50-30","fightMaplds":"402","needLevel":50},"335":{"id":335,"name":"i18n_290000335","bgSound":"10101","fightBgSound":"200","weather":"1-50-30","fightMaplds":"402","needLevel":50},"336":{"id":336,"name":"i18n_290000336","bgSound":"10101","fightBgSound":"200","weather":"1-50-30","fightMaplds":"402","needLevel":50},"337":{"id":337,"name":"i18n_290000337","bgSound":"10101","fightBgSound":"200","weather":"1-50-30","fightMaplds":"402","needLevel":50},"338":{"id":338,"name":"i18n_290000338","bgSound":"10101","fightBgSound":"200","weather":"1-50-30","fightMaplds":"402","needLevel":60},"339":{"id":339,"name":"i18n_290000339","bgSound":"10101","fightBgSound":"200","weather":"1-50-30","fightMaplds":"402","needLevel":60},"340":{"id":340,"name":"i18n_290000340","bgSound":"10101","fightBgSound":"200","weather":"1-50-30","fightMaplds":"402","needLevel":60},"341":{"id":341,"name":"i18n_290000341","bgSound":"10101","fightBgSound":"200","weather":"1-50-30","fightMaplds":"402","needLevel":60},"501":{"id":501,"name":"i18n_290000501","bgSound":"10101","fightBgSound":"200","weather":"0-100-0","fightMaplds":"402","needLevel":1},"502":{"id":502,"name":"i18n_290000502","bgSound":"10101","fightBgSound":"200","weather":"0-100-0","fightMaplds":"402","needLevel":1},"503":{"id":503,"name":"i18n_290000503","bgSound":"10101","fightBgSound":"200","weather":"0-100-0","fightMaplds":"402","needLevel":1},"504":{"id":504,"name":"i18n_290000504","bgSound":"10101","fightBgSound":"200","weather":"0-100-0","fightMaplds":"402","needLevel":1},"505":{"id":505,"name":"i18n_290000505","bgSound":"10101","fightBgSound":"200","weather":"0-100-0","fightMaplds":"402","needLevel":1},"506":{"id":506,"name":"i18n_290000506","bgSound":"10101","fightBgSound":"200","weather":"0-100-0","fightMaplds":"402","needLevel":1},"601":{"id":601,"name":"i18n_290000601","bgSound":"10101","fightBgSound":"200","weather":"0-100-0","fightMaplds":"402","needLevel":1},"701":{"id":701,"name":"i18n_900100037","bgSound":"10101","fightBgSound":"200","weather":"1-50-30","fightMaplds":"402","needLevel":30}}