{"1000":{"id":1000,"jumpId":1000,"isRepeat":1,"name":"main_QuestTracking","behavior":"click","tip":"i18n_900141000","pos":3,"arrowPos":1},"1001":{"id":1001,"jumpId":1000,"name":"npc_questTalking","behavior":"click","tip":"i18n_900141001","pos":4,"arrowPos":1,"offsetX":"-100"},"1002":{"id":1002,"jumpId":1002,"isRepeat":1,"name":"main_QuestTracking","behavior":"click","tip":"i18n_900141002","pos":3,"arrowPos":1},"1003":{"id":1003,"jumpId":1002,"name":"npc_questTalking","behavior":"click","tip":"i18n_900141003","pos":4,"arrowPos":1,"offsetX":"-100"},"1004":{"id":1004,"jumpId":1004,"name":"npc_questTalking","behavior":"click","tip":"i18n_900141004","pos":4,"arrowPos":1,"offsetX":"-100"},"1005":{"id":1005,"jumpId":1005,"isRepeat":1,"name":"main_QuestTracking","behavior":"click","tip":"i18n_900141005","pos":3,"arrowPos":1},"1006":{"id":1006,"jumpId":1006,"isRepeat":1,"name":"main_QuestTracking","behavior":"click","tip":"i18n_900141006","pos":3,"arrowPos":1},"1007":{"id":1007,"jumpId":1007,"isRepeat":1,"name":"main_QuestTracking","behavior":"click","tip":"i18n_900141007","pos":3,"arrowPos":1},"1008":{"id":1008,"jumpId":1008,"isRepeat":1,"name":"main_QuestTracking","behavior":"click","tip":"i18n_900141008","pos":3,"arrowPos":1},"1009":{"id":1009,"jumpId":1009,"isRepeat":1,"name":"main_QuestTracking","behavior":"click","tip":"i18n_900141009","pos":3,"arrowPos":1},"1010":{"id":1010,"jumpId":1009,"isRepeat":1,"name":"main_QuestTracking","behavior":"click","tip":"i18n_900141010","pos":3,"arrowPos":1},"1011":{"id":1011,"jumpId":1009,"isRepeat":1,"name":"main_QuestTracking","behavior":"click","tip":"i18n_900141011","pos":3,"arrowPos":1},"1012":{"id":1012,"jumpId":1009,"isRepeat":1,"name":"main_QuestTracking","behavior":"click","tip":"i18n_900141012","pos":3,"arrowPos":1},"1013":{"id":1013,"jumpId":1009,"isRepeat":1,"name":"main_QuestTracking","behavior":"click","tip":"i18n_900141013","pos":3,"arrowPos":1},"1014":{"id":1014,"jumpId":1009,"isRepeat":1,"name":"main_QuestTracking","behavior":"click","tip":"i18n_900141014","pos":3,"arrowPos":1},"1015":{"id":1015,"jumpId":1009,"isRepeat":1,"name":"main_QuestTracking","behavior":"click","tip":"i18n_900141015","pos":3,"arrowPos":1},"1016":{"id":1016,"jumpId":1009,"isRepeat":1,"name":"main_QuestTracking","behavior":"click","tip":"i18n_900141016","pos":3,"arrowPos":1},"1017":{"id":1017,"jumpId":1009,"isRepeat":1,"name":"main_QuestTracking","behavior":"click","tip":"i18n_900141017","pos":3,"arrowPos":1},"1018":{"id":1018,"jumpId":1009,"isRepeat":1,"name":"main_QuestTracking","behavior":"click","tip":"i18n_900141017","pos":3,"arrowPos":1},"1019":{"id":1019,"jumpId":1009,"isRepeat":1,"name":"main_QuestTracking","behavior":"click","tip":"i18n_900141017","pos":3,"arrowPos":1},"1020":{"id":1020,"jumpId":1009,"isRepeat":1,"name":"main_QuestTracking","behavior":"click","tip":"i18n_900141017","pos":3,"arrowPos":1},"1021":{"id":1021,"jumpId":1009,"isRepeat":1,"name":"main_QuestTracking","behavior":"click","tip":"i18n_900141017","pos":3,"arrowPos":1},"1022":{"id":1022,"jumpId":1009,"isRepeat":1,"name":"main_QuestTracking","behavior":"click","tip":"i18n_900141017","pos":3,"arrowPos":1},"1023":{"id":1023,"jumpId":1009,"isRepeat":1,"name":"main_QuestTracking","behavior":"click","tip":"i18n_900141017","pos":3,"arrowPos":1},"1024":{"id":1024,"jumpId":1009,"isRepeat":1,"name":"main_QuestTracking","behavior":"click","tip":"i18n_900141017","pos":3,"arrowPos":1},"1025":{"id":1025,"jumpId":1009,"isRepeat":1,"name":"main_QuestTracking","behavior":"click","tip":"i18n_900141017","pos":3,"arrowPos":1},"1026":{"id":1026,"jumpId":1009,"isRepeat":1,"name":"main_QuestTracking","behavior":"click","tip":"i18n_900141017","pos":3,"arrowPos":1},"1027":{"id":1027,"jumpId":1009,"isRepeat":1,"name":"main_QuestTracking","behavior":"click","tip":"i18n_900141017","pos":3,"arrowPos":1},"1028":{"id":1028,"jumpId":1009,"isRepeat":1,"name":"main_QuestTracking","behavior":"click","tip":"i18n_900141017","pos":3,"arrowPos":1},"1029":{"id":1029,"jumpId":1009,"isRepeat":1,"name":"main_QuestTracking","behavior":"click","tip":"i18n_900141017","pos":3,"arrowPos":1},"1030":{"id":1030,"jumpId":1009,"isRepeat":1,"name":"main_QuestTracking","behavior":"click","tip":"i18n_900141017","pos":3,"arrowPos":1},"1031":{"id":1031,"jumpId":1009,"isRepeat":1,"name":"main_QuestTracking","behavior":"click","tip":"i18n_900141017","pos":3,"arrowPos":1},"1032":{"id":1032,"jumpId":1009,"isRepeat":1,"name":"main_QuestTracking","behavior":"click","tip":"i18n_900141017","pos":3,"arrowPos":1},"1033":{"id":1033,"jumpId":1009,"isRepeat":1,"name":"main_QuestTracking","behavior":"click","tip":"i18n_900141017","pos":3,"arrowPos":1},"1034":{"id":1034,"jumpId":1009,"isRepeat":1,"name":"main_QuestTracking","behavior":"click","tip":"i18n_900141017","pos":3,"arrowPos":1},"1035":{"id":1035,"jumpId":1009,"isRepeat":1,"name":"main_QuestTracking","behavior":"click","tip":"i18n_900141017","pos":3,"arrowPos":1},"1036":{"id":1036,"jumpId":1009,"isRepeat":1,"name":"main_QuestTracking","behavior":"click","tip":"i18n_900141017","pos":3,"arrowPos":1},"1037":{"id":1037,"jumpId":1009,"isRepeat":1,"name":"main_QuestTracking","behavior":"click","tip":"i18n_900141017","pos":3,"arrowPos":1},"1":{"id":1,"jumpId":1,"name":"main_CaptainBtn","behavior":"click","tip":"i18n_900140001","pos":1,"arrowPos":1},"2":{"id":2,"jumpId":1,"name":"captain_Cannon","behavior":"click","tip":"i18n_900140002","pos":3,"arrowPos":1},"3":{"id":3,"name":"captain_NewHandCannon","behavior":"click","tip":"i18n_900140003","pos":3,"arrowPos":1},"5":{"id":5,"jumpId":5,"name":"main_CaptainBtn","behavior":"click","tip":"i18n_900140005","pos":1,"arrowPos":1},"232":{"id":232,"jumpId":5,"name":"captain_fleetTab","behavior":"click","tip":"i18n_900140232","pos":1,"arrowPos":1},"6":{"id":6,"jumpId":5,"name":"fleet_Hero|fleet_Formation1","behavior":"drag","tip":"i18n_900140006","animation":"dragHero1","pos":3,"arrowPos":1},"8":{"id":8,"jumpId":8,"name":"main_ShopBtn","behavior":"click","tip":"i18n_900140008","pos":3,"arrowPos":1},"9":{"id":9,"jumpId":8,"name":"shop_EquipTab","behavior":"click","tip":"i18n_900140009","pos":3,"arrowPos":1},"10":{"id":10,"jumpId":8,"name":"shop_NewHandShipBuyBtn","behavior":"click","tip":"i18n_900140010","pos":3,"arrowPos":1},"124":{"id":124,"jumpId":8,"name":"shop_numberconfirmbtn","behavior":"click","tip":"i18n_900140124","pos":3,"arrowPos":1},"11":{"id":11,"jumpId":12,"name":"shop_CloseBtn","behavior":"click","tip":"i18n_900140011","pos":3,"arrowPos":1},"12":{"id":12,"jumpId":12,"name":"main_CaptainBtn","behavior":"click","tip":"i18n_900140012","pos":1,"arrowPos":1},"13":{"id":13,"jumpId":12,"name":"captain_Ship","behavior":"click","tip":"i18n_900140013","pos":3,"arrowPos":1},"14":{"id":14,"name":"captain_NewHandShip","behavior":"click","tip":"i18n_900140014","pos":3,"arrowPos":1},"17":{"id":17,"jumpId":17,"name":"main_CaptainBtn","behavior":"click","tip":"i18n_900140017","pos":1,"arrowPos":1},"18":{"id":18,"jumpId":17,"name":"captain_SkillTab","behavior":"click","tip":"i18n_900140018","pos":3,"arrowPos":1},"19":{"id":19,"jumpId":17,"name":"skillTab_NewHandSkill","behavior":"click","tip":"i18n_900140019","pos":3,"arrowPos":1},"20":{"id":20,"name":"skillTab_SkillUpdate","behavior":"click","tip":"i18n_900140020","pos":3,"arrowPos":1},"21":{"id":21,"jumpId":21,"name":"main_HomeSteadBtn","behavior":"click","tip":"i18n_900140021","pos":1,"arrowPos":1},"22":{"id":22,"jumpId":21,"name":"homeStead_Mansion","behavior":"click","tip":"i18n_900140022","isForce":1,"pos":3,"arrowPos":1,"width":160,"height":150,"offsetX":"40","offsetY":"30"},"23":{"id":23,"jumpId":21,"name":"mansion_Build","behavior":"click","tip":"i18n_900140023","isForce":1,"pos":3,"arrowPos":1},"24":{"id":24,"jumpId":21,"name":"mansion_Collect","behavior":"click","tip":"i18n_900140024","isForce":1,"pos":3,"arrowPos":1},"25":{"id":25,"jumpId":21,"name":"main_HomeSteadExitBtn","behavior":"click","tip":"i18n_900140025","isForce":1,"pos":3,"arrowPos":1},"26":{"id":26,"jumpId":26,"name":"main_Shipyard","behavior":"click","tip":"i18n_900140026","pos":1,"arrowPos":1},"27":{"id":27,"jumpId":26,"name":"Shipyard_Cannon","behavior":"click","tip":"i18n_900140027","pos":3,"arrowPos":1},"28":{"id":28,"jumpId":26,"name":"Shipyard_Enhance","behavior":"click","tip":"i18n_900140028","pos":3,"arrowPos":1},"201":{"id":201,"name":"Shipyard_Enhance","behavior":"click","tip":"i18n_900140028","pos":3,"arrowPos":1},"202":{"id":202,"name":"Shipyard_Enhance","behavior":"click","tip":"i18n_900140028","pos":3,"arrowPos":1},"203":{"id":203,"name":"Shipyard_Enhance","behavior":"click","tip":"i18n_900140028","pos":3,"arrowPos":1},"204":{"id":204,"name":"Shipyard_Enhance","behavior":"click","tip":"i18n_900140028","pos":3,"arrowPos":1},"205":{"id":205,"name":"Shipyard_Enhance","behavior":"click","tip":"i18n_900140028","pos":3,"arrowPos":1},"206":{"id":206,"name":"Shipyard_Enhance","behavior":"click","tip":"i18n_900140028","pos":3,"arrowPos":1},"207":{"id":207,"name":"Shipyard_Enhance","behavior":"click","tip":"i18n_900140028","pos":3,"arrowPos":1},"208":{"id":208,"name":"Shipyard_Enhance","behavior":"click","tip":"i18n_900140028","pos":3,"arrowPos":1},"209":{"id":209,"name":"Shipyard_Enhance","behavior":"click","tip":"i18n_900140028","pos":3,"arrowPos":1},"210":{"id":210,"name":"Shipyard_Enhance","behavior":"click","tip":"i18n_900140028","pos":3,"arrowPos":1},"211":{"id":211,"name":"Shipyard_Enhance","behavior":"click","tip":"i18n_900140028","pos":3,"arrowPos":1},"212":{"id":212,"name":"Shipyard_Enhance","behavior":"click","tip":"i18n_900140028","pos":3,"arrowPos":1},"213":{"id":213,"name":"Shipyard_Enhance","behavior":"click","tip":"i18n_900140028","pos":3,"arrowPos":1},"214":{"id":214,"name":"Shipyard_Enhance","behavior":"click","tip":"i18n_900140028","pos":3,"arrowPos":1},"29":{"id":29,"jumpId":29,"name":"main_CabinBtn","behavior":"click","tip":"i18n_900140029","pos":1,"arrowPos":1},"30":{"id":30,"jumpId":29,"name":"Cabin_item","behavior":"click","tip":"i18n_900140030","pos":1,"arrowPos":1},"31":{"id":31,"jumpId":29,"name":"cabin_PetEgg","behavior":"click","tip":"i18n_900140031","pos":3,"arrowPos":1},"32":{"id":32,"jumpId":29,"name":"cabin_Item_use","behavior":"click","tip":"i18n_900140032","pos":3,"arrowPos":1},"33":{"id":33,"jumpId":32,"name":"Pet_follow","behavior":"click","tip":"i18n_900140033","pos":3,"arrowPos":1},"34":{"id":34,"jumpId":29,"name":"Cabin_gift","behavior":"click","tip":"i18n_900140034","pos":3,"arrowPos":1},"54":{"id":54,"jumpId":54,"name":"main_FleetBtn","behavior":"click","tip":"i18n_900140226","pos":1,"arrowPos":1},"35":{"id":35,"jumpId":54,"name":"Shipyard_shipyard","behavior":"click","tip":"i18n_900140035","pos":1,"arrowPos":1},"36":{"id":36,"jumpId":54,"name":"shipyard_shiplv20","behavior":"click","tip":"i18n_900140036","isForce":1,"pos":1,"arrowPos":1},"37":{"id":37,"jumpId":54,"name":"shipyard_Building","behavior":"click","tip":"i18n_900140037","isForce":1,"pos":3,"arrowPos":1},"38":{"id":38,"jumpId":38,"name":"Shipyard_transform","behavior":"click","tip":"i18n_900140038","pos":1,"arrowPos":1},"39":{"id":39,"jumpId":38,"name":"transform_La Reale","behavior":"click","tip":"i18n_900140039","pos":1,"arrowPos":1},"40":{"id":40,"jumpId":38,"name":"transform_reforged","behavior":"click","tip":"i18n_900140040","pos":3,"arrowPos":1},"41":{"id":41,"jumpId":38,"name":"transform_NewReforgedPart","behavior":"click","tip":"i18n_900140041","pos":1,"arrowPos":1},"42":{"id":42,"jumpId":38,"name":"transform_Confirm","behavior":"click","tip":"i18n_900140042","pos":1,"arrowPos":1},"43":{"id":43,"jumpId":43,"name":"main_Astrology","behavior":"click","tip":"i18n_900140043","pos":1,"arrowPos":1},"44":{"id":44,"jumpId":45,"name":"Astrology_Star","behavior":"click","tip":"i18n_900140044","pos":1,"arrowPos":1},"45":{"id":45,"jumpId":46,"name":"Astrology_PickupStar","behavior":"click","tip":"i18n_900140045","pos":3,"arrowPos":1},"46":{"id":46,"jumpId":46,"name":"Astrology_MoveStar","behavior":"click","tip":"i18n_900140046","pos":3,"arrowPos":1},"47":{"id":47,"jumpId":46,"name":"Astrology_PutStar","behavior":"click","tip":"i18n_900140047","pos":3,"arrowPos":1},"55":{"id":55,"jumpId":55,"name":"main_Shipyard","behavior":"click","tip":"i18n_900140026","pos":1,"arrowPos":1},"48":{"id":48,"jumpId":55,"name":"shipyard_Refine","behavior":"click","tip":"i18n_900140048","pos":1,"arrowPos":1},"49":{"id":49,"jumpId":55,"name":"Refine_Equip","behavior":"click","tip":"i18n_900140049","pos":3,"arrowPos":1},"50":{"id":50,"jumpId":55,"name":"Refine_refine","behavior":"click","tip":"i18n_900140050","pos":1,"arrowPos":1},"51":{"id":51,"jumpId":55,"name":"refine_Replace","behavior":"click","tip":"i18n_900140051","pos":3,"arrowPos":1},"52":{"id":52,"jumpId":48,"name":"gift_pickup","behavior":"click","tip":"i18n_900140052","pos":1,"arrowPos":1},"53":{"id":53,"jumpId":48,"name":"Cabin_other","behavior":"click","tip":"i18n_900140053","pos":1,"arrowPos":1},"56":{"id":56,"jumpId":56,"name":"main_CaptainBtn","behavior":"click","tip":"i18n_900140056","pos":1,"arrowPos":1},"57":{"id":57,"jumpId":56,"name":"captain_Cannon","behavior":"click","tip":"i18n_900140057","pos":3,"arrowPos":1},"58":{"id":58,"jumpId":56,"name":"captain_Lv10Cannon","behavior":"click","tip":"i18n_900140058","pos":3,"arrowPos":1},"100":{"id":100,"jumpId":100,"name":"battle_moveTo3","behavior":"click","tip":"i18n_900140100","isForce":1,"pos":1,"arrowPos":1},"101":{"id":101,"name":"battle_monster","behavior":"click","tip":"i18n_900140101","pos":1,"arrowPos":1,"offsetY":"64"},"102":{"id":102,"name":"battle_monster","behavior":"click","tip":"i18n_900140101","pos":1,"arrowPos":1,"offsetY":"64"},"104":{"id":104,"jumpId":104,"name":"battle_moveTo3","behavior":"click","tip":"i18n_900140104","isForce":1,"pos":1,"arrowPos":1},"105":{"id":105,"jumpId":104,"name":"battle_moveTo5","behavior":"click","tip":"i18n_900140105","isForce":1,"pos":1,"arrowPos":1},"106":{"id":106,"jumpId":106,"name":"battle_NewHandSkillAttack","behavior":"click","tip":"i18n_900140106","isForce":1,"pos":1,"arrowPos":1},"107":{"id":107,"name":"battle_monster","behavior":"click","tip":"i18n_900140107","isForce":1,"pos":1,"arrowPos":1},"108":{"id":108,"jumpId":108,"name":"battle_NewHandCaptain","behavior":"click","tip":"i18n_900140108","isForce":1,"pos":1,"arrowPos":1},"109":{"id":109,"name":"battle_moveTo1","behavior":"click","tip":"i18n_900140109","isForce":1,"pos":1,"arrowPos":1},"110":{"id":110,"jumpId":110,"name":"main_shipexplore","behavior":"click","tip":"i18n_900140110","pos":2,"arrowPos":1},"111":{"id":111,"jumpId":110,"name":"shipexplore_explore","behavior":"click","tip":"i18n_900140111","pos":1,"arrowPos":1},"112":{"id":112,"jumpId":112,"name":"main_pet","behavior":"click","tip":"i18n_900140112","pos":1,"arrowPos":1},"113":{"id":113,"jumpId":112,"name":"pet_skill","behavior":"click","tip":"i18n_900140113","pos":2,"arrowPos":1},"114":{"id":114,"jumpId":112,"name":"pet_skill_skillbook","behavior":"click","tip":"i18n_900140114","pos":3,"arrowPos":1},"115":{"id":115,"jumpId":112,"name":"pet_skill_learn","behavior":"click","tip":"i18n_900140115","pos":3,"arrowPos":1},"116":{"id":116,"jumpId":116,"name":"main_Shipyard","behavior":"click","tip":"i18n_900140116","pos":1,"arrowPos":1},"117":{"id":117,"jumpId":116,"name":"shipyard_merge","behavior":"click","tip":"i18n_900140117","pos":2,"arrowPos":1},"118":{"id":118,"jumpId":116,"name":"shipyard_merge_open","behavior":"click","tip":"i18n_900140118","pos":3,"arrowPos":1},"119":{"id":119,"jumpId":116,"name":"shipyard_merge_chooseequip","behavior":"click","tip":"i18n_900140119","isForce":1,"pos":4,"arrowPos":1},"120":{"id":120,"jumpId":116,"name":"shipyard_merge_merge","behavior":"click","tip":"i18n_900140120","isForce":1,"pos":1,"arrowPos":1},"121":{"id":121,"jumpId":121,"name":"main_stone","behavior":"click","tip":"i18n_900140121","pos":1,"arrowPos":1},"122":{"id":122,"jumpId":122,"name":"stone_choosehole","behavior":"click","tip":"i18n_900140122","pos":4,"arrowPos":1},"123":{"id":123,"jumpId":123,"name":"stone_embed","behavior":"click","tip":"i18n_900140123","pos":4,"arrowPos":1},"125":{"id":125,"jumpId":125,"name":"main_pet","behavior":"click","tip":"i18n_900140125","pos":1,"arrowPos":1},"126":{"id":126,"jumpId":126,"name":"pet_enhance","behavior":"click","tip":"i18n_900140126","pos":4,"arrowPos":1},"127":{"id":127,"jumpId":126,"name":"pet_enhance_gold","behavior":"click","tip":"i18n_900140127","pos":4,"arrowPos":1},"128":{"id":128,"jumpId":126,"name":"pet_enhance_gold","behavior":"click","tip":"i18n_900140127","pos":4,"arrowPos":1},"129":{"id":129,"jumpId":126,"name":"pet_enhance_gold","behavior":"click","tip":"i18n_900140127","pos":4,"arrowPos":1},"130":{"id":130,"jumpId":126,"name":"pet_enhance_gold","behavior":"click","tip":"i18n_900140127","pos":4,"arrowPos":1},"131":{"id":131,"jumpId":126,"name":"pet_enhance_gold","behavior":"click","tip":"i18n_900140127","pos":4,"arrowPos":1},"132":{"id":132,"jumpId":126,"name":"pet_enhance_gold","behavior":"click","tip":"i18n_900140127","pos":4,"arrowPos":1},"133":{"id":133,"jumpId":126,"name":"pet_enhance_gold","behavior":"click","tip":"i18n_900140127","pos":4,"arrowPos":1},"134":{"id":134,"jumpId":126,"name":"pet_enhance_gold","behavior":"click","tip":"i18n_900140127","pos":4,"arrowPos":1},"135":{"id":135,"jumpId":126,"name":"pet_enhance_gold","behavior":"click","tip":"i18n_900140127","pos":4,"arrowPos":1},"136":{"id":136,"jumpId":126,"name":"pet_enhance_gold","behavior":"click","tip":"i18n_900140127","pos":4,"arrowPos":1},"137":{"id":137,"jumpId":126,"name":"pet_enhance_gold","behavior":"click","tip":"i18n_900140127","pos":4,"arrowPos":1},"138":{"id":138,"jumpId":138,"name":"main_elitedungeon","behavior":"click","tip":"i18n_900140138","pos":2,"arrowPos":1},"139":{"id":139,"jumpId":138,"name":"elitedungeon_start","behavior":"click","tip":"i18n_900140139","pos":4,"arrowPos":1},"140":{"id":140,"jumpId":140,"name":"main_pub","behavior":"click","tip":"i18n_900140140","pos":2,"arrowPos":1},"141":{"id":141,"jumpId":140,"name":"pub_roll","behavior":"click","tip":"i18n_900140141","pos":3,"arrowPos":1},"142":{"id":142,"jumpId":140,"name":"pub_roll_gold","behavior":"click","tip":"i18n_900140142","pos":4,"arrowPos":1},"143":{"id":143,"jumpId":140,"name":"pub_bluepub","behavior":"click","tip":"i18n_900140143","pos":3,"arrowPos":1},"144":{"id":144,"jumpId":140,"name":"pub_brownhero","behavior":"click","tip":"i18n_900140144","pos":1,"arrowPos":1},"145":{"id":145,"jumpId":140,"name":"pub_confirm","behavior":"click","tip":"i18n_900140145","pos":4,"arrowPos":1},"221":{"id":221,"jumpId":140,"name":"pub_freepub","behavior":"click","tip":"i18n_900140221","isForce":1,"pos":1,"arrowPos":1},"222":{"id":222,"jumpId":140,"name":"pub_gethero1","behavior":"click","tip":"i18n_900140222","isForce":1,"pos":3,"arrowPos":1},"223":{"id":223,"jumpId":140,"name":"pub_exit","behavior":"click","tip":"i18n_900140223","pos":1,"arrowPos":1},"146":{"id":146,"jumpId":146,"name":"main_CaptainBtn","behavior":"click","tip":"i18n_900140146","pos":1,"arrowPos":1},"233":{"id":233,"jumpId":146,"name":"captain_fleetTab","behavior":"click","tip":"i18n_900140232","pos":1,"arrowPos":1},"147":{"id":147,"jumpId":146,"name":"fleet_Hero2|fleet_Formation2","behavior":"drag","tip":"i18n_900140147","pos":3,"arrowPos":1},"148":{"id":148,"jumpId":148,"name":"main_headavatar","behavior":"click","tip":"i18n_900140148","pos":2,"arrowPos":1},"149":{"id":149,"jumpId":148,"name":"headavatar_noble","behavior":"click","tip":"i18n_900140149","pos":1,"arrowPos":1},"150":{"id":150,"jumpId":148,"name":"headavatar_levelupnoble","behavior":"click","tip":"i18n_900140150","pos":4,"arrowPos":1},"151":{"id":151,"jumpId":151,"name":"main_CaptainBtn","behavior":"click","tip":"i18n_900140017","pos":1,"arrowPos":1},"152":{"id":152,"jumpId":151,"name":"captain_SkillTab","behavior":"click","tip":"i18n_900140018","pos":3,"arrowPos":1},"153":{"id":153,"jumpId":151,"name":"skillTab_NewHandSkill","behavior":"click","tip":"i18n_900140019","pos":3,"arrowPos":1},"154":{"id":154,"name":"skillTab_SkillUpdate","behavior":"click","tip":"i18n_900140020","pos":3,"arrowPos":1},"155":{"id":155,"jumpId":126,"name":"pet_enhance_gold","behavior":"click","tip":"i18n_900140127","pos":4,"arrowPos":1},"156":{"id":156,"jumpId":156,"name":"main_CabinBtn","behavior":"click","tip":"i18n_900140118","pos":1,"arrowPos":1},"157":{"id":157,"jumpId":156,"name":"cabin_VIPcard","behavior":"click","tip":"i18n_900140118","pos":3,"arrowPos":1},"158":{"id":158,"jumpId":156,"name":"cabin_Item_use","behavior":"click","tip":"i18n_900140118","pos":3,"arrowPos":1},"159":{"id":159,"jumpId":159,"name":"fly_scroll","behavior":"click","tip":"i18n_900140118","pos":3,"arrowPos":1},"160":{"id":160,"jumpId":160,"name":"fight_self","behavior":"click","tip":"i18n_900140118","pos":1,"arrowPos":1},"161":{"id":161,"jumpId":161,"name":"fight_pass","behavior":"click","tip":"i18n_900140118","pos":1,"arrowPos":1},"162":{"id":162,"jumpId":162,"name":"get_inteam","behavior":"click","tip":"i18n_900140118","pos":1,"arrowPos":1},"163":{"id":163,"jumpId":162,"name":"be_ready","behavior":"click","tip":"i18n_900140118","pos":1,"arrowPos":1},"164":{"id":164,"jumpId":164,"name":"homeStead_Camp","behavior":"click","tip":"i18n_900141020","pos":3,"arrowPos":1,"width":160,"height":150,"offsetX":"40","offsetY":"30"},"165":{"id":165,"jumpId":165,"name":"homeStead_Hole","behavior":"click","tip":"i18n_900141021","pos":3,"arrowPos":1,"width":160,"height":150,"offsetX":"40","offsetY":"30"},"166":{"id":166,"jumpId":166,"name":"homeStead_Market","behavior":"click","tip":"i18n_900141022","pos":3,"arrowPos":1,"width":160,"height":150,"offsetX":"40","offsetY":"30"},"167":{"id":167,"jumpId":167,"name":"homeStead_Dock","behavior":"click","tip":"i18n_900141023","pos":3,"arrowPos":1,"width":160,"height":150,"offsetX":"40","offsetY":"30"},"168":{"id":168,"jumpId":168,"name":"homeStead_TransportShip","behavior":"click","tip":"i18n_900141024","pos":1,"arrowPos":1,"width":160,"height":150,"offsetX":"40","offsetY":"30"},"169":{"id":169,"jumpId":169,"name":"homeStead_Mansion","behavior":"click","tip":"i18n_900140022","pos":3,"arrowPos":1,"width":160,"height":150,"offsetX":"40","offsetY":"30"},"224":{"id":224,"jumpId":224,"name":"main_FleetBtn","behavior":"click","tip":"i18n_900140224","pos":1,"arrowPos":1},"225":{"id":225,"jumpId":224,"name":"shipyard_Building","behavior":"click","tip":"i18n_900140225","pos":3,"arrowPos":1},"226":{"id":226,"jumpId":226,"name":"main_FleetBtn","behavior":"click","tip":"i18n_900140226","pos":1,"arrowPos":1},"234":{"id":234,"jumpId":234,"name":"fleet_shipimp","behavior":"click","tip":"i18n_900140234","pos":1,"arrowPos":1},"227":{"id":227,"jumpId":226,"name":"shipimp_impbutton","behavior":"click","tip":"i18n_900140227","pos":4,"arrowPos":1},"228":{"id":228,"jumpId":226,"name":"shipimp_impbutton","behavior":"click","tip":"i18n_900140227","pos":4,"arrowPos":1},"229":{"id":229,"jumpId":226,"name":"shipimp_impbutton","behavior":"click","tip":"i18n_900140227","pos":4,"arrowPos":1},"230":{"id":230,"jumpId":226,"name":"shipimp_impbutton","behavior":"click","tip":"i18n_900140227","pos":4,"arrowPos":1},"231":{"id":231,"jumpId":226,"name":"shipimp_impbutton","behavior":"click","tip":"i18n_900140227","pos":4,"arrowPos":1},"242":{"id":242,"jumpId":226,"name":"shipimp_impbutton","behavior":"click","tip":"i18n_900140227","pos":4,"arrowPos":1},"243":{"id":243,"jumpId":226,"name":"shipimp_impbutton","behavior":"click","tip":"i18n_900140227","pos":4,"arrowPos":1},"244":{"id":244,"jumpId":226,"name":"shipimp_impbutton","behavior":"click","tip":"i18n_900140227","pos":4,"arrowPos":1},"245":{"id":245,"jumpId":226,"name":"shipimp_impbutton","behavior":"click","tip":"i18n_900140227","pos":4,"arrowPos":1},"246":{"id":246,"jumpId":226,"name":"shipimp_impbutton","behavior":"click","tip":"i18n_900140227","pos":4,"arrowPos":1},"235":{"id":235,"jumpId":235,"name":"main_pub","behavior":"click","tip":"i18n_900140140","pos":2,"arrowPos":1},"236":{"id":236,"jumpId":235,"name":"pub_freepub","behavior":"click","tip":"i18n_900140221","pos":1,"arrowPos":1},"237":{"id":237,"jumpId":235,"name":"pub_gethero1","behavior":"click","tip":"i18n_900140222","pos":3,"arrowPos":1},"238":{"id":238,"jumpId":239,"name":"pub_exit","behavior":"click","tip":"i18n_900140223","pos":1,"arrowPos":1},"239":{"id":239,"jumpId":239,"name":"main_CaptainBtn","behavior":"click","tip":"i18n_900140146","pos":1,"arrowPos":1},"240":{"id":240,"jumpId":239,"name":"captain_fleetTab","behavior":"click","tip":"i18n_900140232","pos":1,"arrowPos":1},"241":{"id":241,"jumpId":239,"name":"fleet_Hero|fleet_Formation2","behavior":"drag","tip":"i18n_900140147","pos":3,"arrowPos":1},"247":{"id":247,"jumpId":247,"name":"main_VIP","behavior":"click","tip":"i18n_900140247","pos":3,"arrowPos":1},"248":{"id":248,"jumpId":247,"name":"VIP_rewardbtn","behavior":"click","tip":"i18n_900140248","pos":3,"arrowPos":1},"249":{"id":249,"jumpId":224,"name":"shipyard_shiplv10","behavior":"click","tip":"i18n_900140232","isForce":1,"pos":3,"arrowPos":1},"250":{"id":250,"jumpId":226,"name":"shipimp_ship","behavior":"click","tip":"i18n_900140232","isForce":1,"pos":3,"arrowPos":1},"251":{"id":251,"jumpId":251,"name":"battle_NewHandCaptain","behavior":"click","tip":"i18n_900140108","isForce":1,"pos":1,"arrowPos":1},"252":{"id":252,"name":"battle_moveTo1","behavior":"click","tip":"i18n_900140109","isForce":1,"pos":1,"arrowPos":1},"253":{"id":253,"jumpId":224,"name":"Shipyard_shipyard","behavior":"click","tip":"i18n_900140234","pos":1,"arrowPos":1},"254":{"id":254,"jumpId":224,"name":"shipyard_material","behavior":"click","tip":"i18n_900140234","pos":4,"arrowPos":1},"2000":{"id":2000},"2001":{"id":2001},"2002":{"id":2002},"2003":{"id":2003},"2004":{"id":2004},"2005":{"id":2005},"2006":{"id":2006},"2007":{"id":2007},"2008":{"id":2008},"2009":{"id":2009},"2010":{"id":2010},"2011":{"id":2011},"2012":{"id":2012},"2013":{"id":2013},"2014":{"id":2014},"2015":{"id":2015},"2016":{"id":2016},"2017":{"id":2017},"2018":{"id":2018},"2019":{"id":2019},"2020":{"id":2020},"2021":{"id":2021},"2022":{"id":2022},"2023":{"id":2023},"3000":{"id":3000},"3001":{"id":3001},"3002":{"id":3002},"3003":{"id":3003},"3004":{"id":3004},"3005":{"id":3005},"3006":{"id":3006},"3007":{"id":3007}}