{"830001":{"id":830001,"name":"i18n_280830001","modelUri":"1200111","iconUri":"805012","functions":["",""],"talks":[801001,0,0,0],"mapID":101},"830002":{"id":830002,"name":"i18n_280830002","modelUri":"1200111","iconUri":"501001","functions":["",""],"talks":[801001,0,0,0],"mapID":101},"830003":{"id":830003,"name":"i18n_280830003","modelUri":"1200111","iconUri":"501002","functions":["",""],"talks":[801001,0,0,0],"mapID":101},"830004":{"id":830004,"name":"i18n_280830004","modelUri":"1200111","iconUri":"501003","functions":["",""],"talks":[801001,0,0,0],"mapID":101},"830005":{"id":830005,"name":"i18n_280830005","modelUri":"1200111","iconUri":"501004","functions":["",""],"talks":[801001,0,0,0],"mapID":101},"830006":{"id":830006,"name":"i18n_280830006","modelUri":"1200111","iconUri":"501005","functions":["",""],"talks":[801001,0,0,0],"mapID":101},"830007":{"id":830007,"name":"i18n_280830007","modelUri":"1200111","iconUri":"501006","functions":["",""],"talks":[801001,0,0,0],"mapID":101},"830008":{"id":830008,"name":"i18n_280830008","modelUri":"1200111","iconUri":"501007","functions":["",""],"talks":[801001,0,0,0],"mapID":101},"830009":{"id":830009,"name":"i18n_280830009","modelUri":"1200111","iconUri":"501008","functions":["",""],"talks":[801001,0,0,0],"mapID":101},"830010":{"id":830010,"name":"i18n_280830010","modelUri":"1200111","iconUri":"501009","functions":["",""],"talks":[801001,0,0,0],"mapID":101},"830011":{"id":830011,"name":"i18n_280830011","modelUri":"1200111","iconUri":"501010","functions":["",""],"talks":[801001,0,0,0],"mapID":101},"830012":{"id":830012,"name":"i18n_280830012","modelUri":"1200111","iconUri":"501011","functions":["",""],"talks":[801001,0,0,0],"mapID":101},"830013":{"id":830013,"name":"i18n_280830013","modelUri":"1200111","iconUri":"501012","functions":["",""],"talks":[801001,0,0,0],"mapID":101},"801001":{"id":801001,"name":"i18n_280801001","campId":1,"modelUri":"1200041","iconUri":"801001","functions":["",""],"talks":[801001,0,0,0],"mapID":101},"801002":{"id":801002,"name":"i18n_280801002","campId":1,"modelUri":"1200113","iconUri":"801002","functions":["",""],"talks":[801002,0,0,0],"mapID":101},"801003":{"id":801003,"name":"i18n_280801003","campId":1,"modelUri":"1200111","iconUri":"801003","functions":["",""],"talks":[801003,0,0,0],"mapID":101},"801004":{"id":801004,"name":"i18n_280801004","campId":1,"modelUri":"1200032","iconUri":"801004","functions":["",""],"talks":[801004,0,0,0],"mapID":101},"801005":{"id":801005,"name":"i18n_280801005","campId":1,"modelUri":"1200107","iconUri":"801005","functions":["",""],"talks":[801005,0,0,0],"mapID":101},"801006":{"id":801006,"name":"i18n_280801006","type":1,"campId":1,"modelUri":"7210002","iconUri":"801006","functions":["1-10101-10102-10103-10104",""],"talks":[0,0,0,0],"mapID":101,"smallMapIcon":26},"802001":{"id":802001,"name":"i18n_280802001","campId":2,"modelUri":"1200147","iconUri":"802001","functions":["",""],"talks":[802001,0,0,0],"mapID":102},"802002":{"id":802002,"name":"i18n_280802002","campId":2,"modelUri":"1200106","iconUri":"802002","functions":["",""],"talks":[802002,0,0,0],"mapID":102},"802003":{"id":802003,"name":"i18n_280802003","campId":2,"modelUri":"1200108","iconUri":"802003","functions":["",""],"talks":[802003,0,0,0],"mapID":102},"802004":{"id":802004,"name":"i18n_280802004","campId":2,"modelUri":"1200109","iconUri":"802004","functions":["",""],"talks":[802004,0,0,0],"mapID":102},"802005":{"id":802005,"name":"i18n_280802005","campId":2,"modelUri":"1200110","iconUri":"802005","functions":["",""],"talks":[802005,0,0,0],"mapID":102},"802006":{"id":802006,"name":"i18n_280802006","type":1,"campId":2,"modelUri":"7210002","iconUri":"802006","functions":["1-10201-10202-10203-10204",""],"talks":[0,0,0,0],"mapID":102,"smallMapIcon":26},"803001":{"id":803001,"name":"i18n_280803001","campId":1,"modelUri":"1200036","iconUri":"803001","functions":["15-312:20;314:40;316:60",""],"talks":[803001,0,0,0],"mapID":103},"803002":{"id":803002,"name":"i18n_280803002","campId":1,"modelUri":"1200035","iconUri":"803002","functions":["",""],"talks":[803002,0,0,0],"mapID":103},"803003":{"id":803003,"name":"i18n_280803003","campId":1,"modelUri":"1200034","iconUri":"803003","functions":["",""],"talks":[803003,0,0,0],"mapID":103},"803004":{"id":803004,"name":"i18n_280803004","campId":1,"modelUri":"1200043","iconUri":"803004","functions":["",""],"talks":[803004,0,0,0],"mapID":103},"803005":{"id":803005,"name":"i18n_280803005","campId":1,"modelUri":"1200033","iconUri":"803005","functions":["2",""],"talks":[803005,0,0,0],"mapID":103},"803006":{"id":803006,"name":"i18n_280803006","campId":1,"modelUri":"1200038","iconUri":"803006","functions":["3",""],"talks":[803006,0,0,0],"mapID":103},"803007":{"id":803007,"name":"i18n_280803007","campId":1,"modelUri":"1200039","iconUri":"803007","functions":["18",""],"talks":[803007,0,0,0],"mapID":103},"803008":{"id":803008,"name":"i18n_280803008","campId":1,"modelUri":"1200037","iconUri":"803008","functions":["",""],"talks":[803008,0,0,0],"mapID":103},"803009":{"id":803009,"name":"i18n_280803009","campId":1,"modelUri":"1200040","iconUri":"803009","functions":["",""],"talks":[803009,0,0,0],"mapID":103},"803010":{"id":803010,"name":"i18n_280803010","type":1,"campId":1,"modelUri":"7210002","iconUri":"803010","functions":["1-10301-10302-10303-10304-10305",""],"talks":[0,0,0,0],"mapID":103,"smallMapIcon":26},"803011":{"id":803011,"name":"i18n_280803011","campId":1,"modelUri":"1200071","iconUri":"808003","functions":["",""],"talks":[803011,0,0,0],"mapID":103},"803012":{"id":803012,"name":"i18n_280803012","modelUri":"1200071","iconUri":"802005","functions":["",""],"talks":[803012,0,0,0],"mapID":103},"803013":{"id":803013,"name":"i18n_280803013","modelUri":"840101","iconUri":"803013","functions":["19-1",""],"talks":[803013,0,0,0],"mapID":103,"smallMapIcon":20},"803014":{"id":803014,"name":"i18n_280803014","modelUri":"840102","iconUri":"803013","functions":["19-2",""],"talks":[803014,0,0,0],"mapID":103,"smallMapIcon":21},"804001":{"id":804001,"name":"i18n_280804001","campId":2,"modelUri":"1200052","iconUri":"804001","functions":["15-311:20;313:40;315:60",""],"talks":[804001,0,0,0],"mapID":104},"804002":{"id":804002,"name":"i18n_280804002","campId":2,"modelUri":"1200050","iconUri":"804002","functions":["",""],"talks":[804002,0,0,0],"mapID":104},"804003":{"id":804003,"name":"i18n_280804003","campId":2,"modelUri":"1200048","iconUri":"804003","functions":["",""],"talks":[804003,0,0,0],"mapID":104},"804004":{"id":804004,"name":"i18n_280804004","campId":2,"modelUri":"1200054","iconUri":"804004","functions":["",""],"talks":[804004,0,0,0],"mapID":104},"804005":{"id":804005,"name":"i18n_280804005","campId":2,"modelUri":"1200045","iconUri":"804005","functions":["2",""],"talks":[804005,0,0,0],"mapID":104},"804006":{"id":804006,"name":"i18n_280804006","campId":2,"modelUri":"1200047","iconUri":"804006","functions":["3",""],"talks":[804006,0,0,0],"mapID":104},"804007":{"id":804007,"name":"i18n_280804007","campId":2,"modelUri":"1200125","iconUri":"804007","functions":["18",""],"talks":[804007,0,0,0],"mapID":104},"804008":{"id":804008,"name":"i18n_280804008","campId":2,"modelUri":"1200046","iconUri":"804008","functions":["",""],"talks":[804008,0,0,0],"mapID":104},"804009":{"id":804009,"name":"i18n_280804009","campId":2,"modelUri":"1200056","iconUri":"804009","functions":["",""],"talks":[804009,0,0,0],"mapID":104},"804010":{"id":804010,"name":"i18n_280804010","type":1,"campId":2,"modelUri":"7210002","iconUri":"804010","functions":["1-10401-10402-10403-10404-10405",""],"talks":[0,0,0,0],"mapID":104,"smallMapIcon":26},"804011":{"id":804011,"name":"i18n_280804011","campId":2,"modelUri":"1200055","iconUri":"806004","functions":["",""],"talks":[804011,0,0,0],"mapID":104},"804012":{"id":804012,"name":"i18n_280804012","modelUri":"1200129","iconUri":"805005","functions":["",""],"talks":[804012,0,0,0],"mapID":104},"804013":{"id":804013,"name":"i18n_280804013","modelUri":"840103","iconUri":"804013","functions":["19-3",""],"talks":[804013,0,0,0],"mapID":104,"smallMapIcon":22},"804014":{"id":804014,"name":"i18n_280804014","modelUri":"840104","iconUri":"804013","functions":["19-4",""],"talks":[804014,0,0,0],"mapID":104,"smallMapIcon":23},"805001":{"id":805001,"name":"i18n_280805001","modelUri":"1200064","iconUri":"805001","functions":["",""],"talks":[805001,0,0,0],"mapID":105},"805002":{"id":805002,"name":"i18n_280805002","modelUri":"1200075","iconUri":"805002","functions":["",""],"talks":[805002,0,0,0],"mapID":105},"805003":{"id":805003,"name":"i18n_280805003","modelUri":"1200078","iconUri":"805003","functions":["",""],"talks":[805003,0,0,0],"mapID":105},"805004":{"id":805004,"name":"i18n_280805004","modelUri":"1200068","iconUri":"805004","functions":["",""],"talks":[805004,0,0,0],"mapID":105},"805005":{"id":805005,"name":"i18n_280805005","modelUri":"1200058","iconUri":"805005","functions":["2",""],"talks":[805005,0,0,0],"mapID":105},"805006":{"id":805006,"name":"i18n_280805006","modelUri":"1200066","iconUri":"805006","functions":["15-301:20;302:40;303:60",""],"talks":[805006,0,0,0],"mapID":105},"805007":{"id":805007,"name":"i18n_280805007","modelUri":"1200069","iconUri":"805007","functions":["17",""],"talks":[805007,0,0,0],"mapID":105},"805008":{"id":805008,"name":"i18n_280805008","modelUri":"1200065","iconUri":"805008","functions":["16",""],"talks":[805008,0,0,0],"mapID":105},"805009":{"id":805009,"name":"i18n_280805009","modelUri":"1200067","iconUri":"805009","functions":["18",""],"talks":[805009,0,0,0],"mapID":105},"805010":{"id":805010,"name":"i18n_280805010","modelUri":"1200059","iconUri":"805010","functions":["",""],"talks":[805010,0,0,0],"mapID":105},"805011":{"id":805011,"name":"i18n_280805011","modelUri":"1200060","iconUri":"805011","functions":["5",""],"talks":[805011,0,0,0],"mapID":105},"805012":{"id":805012,"name":"i18n_280805012","modelUri":"1200070","iconUri":"805012","functions":["",""],"talks":[805012,0,0,0],"mapID":105},"805013":{"id":805013,"name":"i18n_280805013","modelUri":"1200063","iconUri":"805013","functions":["",""],"talks":[805013,0,0,0],"mapID":105},"805014":{"id":805014,"name":"i18n_280805014","type":1,"modelUri":"7210002","iconUri":"805014","functions":["1-10501-10502-10503-10504-10505",""],"talks":[0,0,0,0],"mapID":105,"smallMapIcon":26},"805015":{"id":805015,"name":"i18n_280805015","modelUri":"1200074","iconUri":"802005","functions":["6",""],"talks":[805015,0,0,0],"mapID":105},"805016":{"id":805016,"name":"i18n_280805016","modelUri":"1200077","iconUri":"801003","functions":["6",""],"talks":[805016,0,0,0],"mapID":105},"805017":{"id":805017,"name":"i18n_280805017","modelUri":"840105","iconUri":"805017","functions":["19-5",""],"talks":[805017,0,0,0],"mapID":105,"smallMapIcon":24},"805018":{"id":805018,"name":"i18n_280805018","modelUri":"840106","iconUri":"805017","functions":["19-6",""],"talks":[805018,0,0,0],"mapID":105,"smallMapIcon":25},"806001":{"id":806001,"name":"i18n_280806001","modelUri":"1200079","iconUri":"806001","functions":["",""],"talks":[806001,0,0,0],"mapID":106},"806002":{"id":806002,"name":"i18n_280806002","modelUri":"1200098","iconUri":"806002","functions":["6",""],"talks":[806002,0,0,0],"mapID":106},"806003":{"id":806003,"name":"i18n_280806003","modelUri":"1200101","iconUri":"806003","functions":["",""],"talks":[806003,0,0,0],"mapID":106},"806004":{"id":806004,"name":"i18n_280806004","modelUri":"1200102","iconUri":"806004","functions":["6",""],"talks":[806004,0,0,0],"mapID":106},"806005":{"id":806005,"name":"i18n_280806005","modelUri":"1200103","iconUri":"806005","functions":["",""],"talks":[806005,0,0,0],"mapID":106},"806006":{"id":806006,"name":"i18n_280806006","modelUri":"1200104","iconUri":"806006","functions":["",""],"talks":[806006,0,0,0],"mapID":106},"806007":{"id":806007,"name":"i18n_280806007","type":1,"modelUri":"7210002","iconUri":"806007","functions":["1-10601-10602-10603-10604-10605",""],"talks":[0,0,0,0],"mapID":106,"smallMapIcon":26},"806008":{"id":806008,"name":"i18n_280806008","modelUri":"1200100","iconUri":"801005","functions":["6",""],"talks":[806007,0,0,0],"mapID":106},"806009":{"id":806009,"name":"i18n_280806009","modelUri":"1200099","iconUri":"804003","functions":["",""],"talks":[806008,0,0,0],"mapID":106},"806010":{"id":806010,"name":"i18n_280806010","modelUri":"1200098","iconUri":"801003","functions":["",""],"talks":[806009,0,0,0],"mapID":106},"807001":{"id":807001,"name":"i18n_280807001","modelUri":"1200090","iconUri":"807001","functions":["",""],"talks":[807001,0,0,0],"mapID":107},"807002":{"id":807002,"name":"i18n_280807002","modelUri":"1200092","iconUri":"807002","functions":["",""],"talks":[807002,0,0,0],"mapID":107},"807003":{"id":807003,"name":"i18n_280807003","modelUri":"1200091","iconUri":"807003","functions":["",""],"talks":[807003,0,0,0],"mapID":107},"807004":{"id":807004,"name":"i18n_280807004","modelUri":"1200096","iconUri":"807004","functions":["",""],"talks":[807004,0,0,0],"mapID":107},"807005":{"id":807005,"name":"i18n_280807005","modelUri":"1200097","iconUri":"807005","functions":["",""],"talks":[807005,0,0,0],"mapID":107},"807006":{"id":807006,"name":"i18n_280807006","type":1,"modelUri":"7210002","iconUri":"807006","functions":["1-10701-10702-10703-10704-10705",""],"talks":[0,0,0,0],"mapID":107,"smallMapIcon":26},"807007":{"id":807007,"name":"i18n_280807007","modelUri":"1200120","iconUri":"803008","functions":["",""],"talks":[807006,0,0,0],"mapID":107},"808001":{"id":808001,"name":"i18n_280808001","modelUri":"1200087","iconUri":"808001","functions":["",""],"talks":[808001,0,0,0],"mapID":107},"808002":{"id":808002,"name":"i18n_280808002","modelUri":"1200079","iconUri":"808002","functions":["",""],"talks":[808002,0,0,0],"mapID":107},"808003":{"id":808003,"name":"i18n_280808003","modelUri":"1200148","iconUri":"808003","functions":["",""],"talks":[808003,0,0,0],"mapID":107},"808004":{"id":808004,"name":"i18n_280808004","modelUri":"1200084","iconUri":"808004","functions":["",""],"talks":[808004,0,0,0],"mapID":107},"808005":{"id":808005,"name":"i18n_280808005","modelUri":"1200086","iconUri":"808005","functions":["",""],"talks":[808005,0,0,0],"mapID":107},"808006":{"id":808006,"name":"i18n_280808006","modelUri":"1200083","iconUri":"808006","functions":["",""],"talks":[808006,0,0,0],"mapID":107},"808007":{"id":808007,"name":"i18n_280808007","type":1,"modelUri":"7210002","iconUri":"808007","functions":["1-10801-10802-10803-10804-10805",""],"talks":[0,0,0,0],"mapID":107,"smallMapIcon":26},"808008":{"id":808008,"name":"i18n_280808008","modelUri":"1200079","iconUri":"801003","functions":["",""],"talks":[808007,0,0,0],"mapID":107},"809001":{"id":809001,"name":"i18n_280809001","modelUri":"1200139","iconUri":"809001","functions":["",""],"talks":[809001,0,0,0],"mapID":108},"809002":{"id":809002,"name":"i18n_280809002","modelUri":"1200138","iconUri":"809002","functions":["",""],"talks":[809002,0,0,0],"mapID":108},"809003":{"id":809003,"name":"i18n_280809003","modelUri":"1200140","iconUri":"809003","functions":["",""],"talks":[809003,0,0,0],"mapID":108},"809004":{"id":809004,"name":"i18n_280809004","modelUri":"1200143","iconUri":"809004","functions":["",""],"talks":[809004,0,0,0],"mapID":108},"809005":{"id":809005,"name":"i18n_280809005","modelUri":"1200145","iconUri":"809005","functions":["",""],"talks":[809005,0,0,0],"mapID":108},"809006":{"id":809006,"name":"i18n_280809006","type":1,"modelUri":"7210002","iconUri":"809006","functions":["1-10901-10902-10903-10904-10905",""],"talks":[0,0,0,0],"mapID":108,"smallMapIcon":26},"809007":{"id":809007,"name":"i18n_280809007","modelUri":"1200099","iconUri":"807003","functions":["",""],"talks":[809006,0,0,0],"mapID":108},"810001":{"id":810001,"name":"i18n_280810001","modelUri":"1200115","iconUri":"810001","functions":["",""],"talks":[810001,0,0,0],"mapID":108},"810002":{"id":810002,"name":"i18n_280810002","modelUri":"1200114","iconUri":"810002","functions":["",""],"talks":[810002,0,0,0],"mapID":108},"810003":{"id":810003,"name":"i18n_280810003","modelUri":"1200117","iconUri":"810003","functions":["",""],"talks":[810003,0,0,0],"mapID":108},"810004":{"id":810004,"name":"i18n_280810004","modelUri":"1200118","iconUri":"810004","functions":["",""],"talks":[810004,0,0,0],"mapID":108},"810005":{"id":810005,"name":"i18n_280810005","modelUri":"1200119","iconUri":"810005","functions":["",""],"talks":[810005,0,0,0],"mapID":108},"810006":{"id":810006,"name":"i18n_280810006","modelUri":"1200082","iconUri":"810006","functions":["",""],"talks":[810006,0,0,0],"mapID":108},"810007":{"id":810007,"name":"i18n_280810007","type":1,"modelUri":"7210002","iconUri":"810007","functions":["1-11001-11002-11003-11004-11005",""],"talks":[0,0,0,0],"mapID":108,"smallMapIcon":26},"810008":{"id":810008,"name":"i18n_280810008","modelUri":"1200121","iconUri":"801004","functions":["",""],"talks":[810007,0,0,0],"mapID":108},"811001":{"id":811001,"name":"i18n_280811001","modelUri":"1200139","iconUri":"811001","functions":["",""],"talks":[811001,0,0,0],"mapID":109},"811002":{"id":811002,"name":"i18n_280811002","modelUri":"1200138","iconUri":"811002","functions":["",""],"talks":[811002,0,0,0],"mapID":109},"811003":{"id":811003,"name":"i18n_280811003","modelUri":"1200140","iconUri":"811003","functions":["",""],"talks":[811003,0,0,0],"mapID":109},"811004":{"id":811004,"name":"i18n_280811004","modelUri":"1200145","iconUri":"811004","functions":["",""],"talks":[811004,0,0,0],"mapID":109},"811005":{"id":811005,"name":"i18n_280811005","modelUri":"1200136","iconUri":"811005","functions":["",""],"talks":[811005,0,0,0],"mapID":109},"811006":{"id":811006,"name":"i18n_280811006","modelUri":"1200082","iconUri":"811006","functions":["",""],"talks":[811006,0,0,0],"mapID":109},"811007":{"id":811007,"name":"i18n_280811007","type":1,"modelUri":"7210002","iconUri":"811007","functions":["1-11101-11102-11103-11104-11105",""],"talks":[0,0,0,0],"mapID":109,"smallMapIcon":26},"811008":{"id":811008,"name":"i18n_280811008","modelUri":"1200121","iconUri":"801004","functions":["",""],"talks":[811007,0,0,0],"mapID":109},"812001":{"id":812001,"name":"i18n_280812001","modelUri":"1200145","iconUri":"812001","functions":["",""],"talks":[812001,0,0,0],"mapID":109},"812002":{"id":812002,"name":"i18n_280812002","modelUri":"1200137","iconUri":"812002","functions":["",""],"talks":[812002,0,0,0],"mapID":109},"812003":{"id":812003,"name":"i18n_280812003","modelUri":"1200117","iconUri":"812003","functions":["",""],"talks":[812003,0,0,0],"mapID":109},"812004":{"id":812004,"name":"i18n_280812004","modelUri":"1200118","iconUri":"812004","functions":["",""],"talks":[812004,0,0,0],"mapID":109},"812005":{"id":812005,"name":"i18n_280812005","modelUri":"1200119","iconUri":"812005","functions":["",""],"talks":[812005,0,0,0],"mapID":109},"812006":{"id":812006,"name":"i18n_280812006","modelUri":"1200082","iconUri":"812006","functions":["",""],"talks":[812006,0,0,0],"mapID":109},"812007":{"id":812007,"name":"i18n_280812007","type":1,"modelUri":"7210002","iconUri":"812007","functions":["1-11201-11202-11203-11204-11205",""],"talks":[0,0,0,0],"mapID":109,"smallMapIcon":26},"812008":{"id":812008,"name":"i18n_280812008","modelUri":"1200121","iconUri":"801004","functions":["",""],"talks":[812007,0,0,0],"mapID":109},"813001":{"id":813001,"name":"i18n_280813001","modelUri":"1200115","iconUri":"813001","functions":["",""],"talks":[813001,0,0,0],"mapID":110},"813002":{"id":813002,"name":"i18n_280813002","modelUri":"1200114","iconUri":"813002","functions":["",""],"talks":[813002,0,0,0],"mapID":110},"813003":{"id":813003,"name":"i18n_280813003","modelUri":"1200117","iconUri":"813003","functions":["",""],"talks":[813003,0,0,0],"mapID":110},"813004":{"id":813004,"name":"i18n_280813004","modelUri":"1200118","iconUri":"813004","functions":["",""],"talks":[813004,0,0,0],"mapID":110},"813005":{"id":813005,"name":"i18n_280813005","modelUri":"1200119","iconUri":"813005","functions":["",""],"talks":[813005,0,0,0],"mapID":110},"813006":{"id":813006,"name":"i18n_280813006","modelUri":"1200082","iconUri":"813006","functions":["",""],"talks":[813006,0,0,0],"mapID":110},"813007":{"id":813007,"name":"i18n_280813007","type":1,"modelUri":"7210002","iconUri":"813007","functions":["1-11301-11302-11303-11304-11305",""],"talks":[0,0,0,0],"mapID":110,"smallMapIcon":26},"813008":{"id":813008,"name":"i18n_280813008","modelUri":"1200121","iconUri":"801004","functions":["",""],"talks":[813007,0,0,0],"mapID":110},"814001":{"id":814001,"name":"i18n_280814001","modelUri":"1200115","iconUri":"814001","functions":["",""],"talks":[814001,0,0,0],"mapID":110},"814002":{"id":814002,"name":"i18n_280814002","modelUri":"1200114","iconUri":"814002","functions":["",""],"talks":[814002,0,0,0],"mapID":110},"814003":{"id":814003,"name":"i18n_280814003","modelUri":"1200117","iconUri":"814003","functions":["",""],"talks":[814003,0,0,0],"mapID":110},"814004":{"id":814004,"name":"i18n_280814004","modelUri":"1200118","iconUri":"814004","functions":["",""],"talks":[814004,0,0,0],"mapID":110},"814005":{"id":814005,"name":"i18n_280814005","modelUri":"1200119","iconUri":"814005","functions":["",""],"talks":[814005,0,0,0],"mapID":110},"814006":{"id":814006,"name":"i18n_280814006","modelUri":"1200082","iconUri":"814006","functions":["",""],"talks":[814006,0,0,0],"mapID":110},"814007":{"id":814007,"name":"i18n_280814007","type":1,"modelUri":"7210002","iconUri":"814007","functions":["1-11401-11402-11403-11404-11405",""],"talks":[0,0,0,0],"mapID":110,"smallMapIcon":26},"814008":{"id":814008,"name":"i18n_280814008","modelUri":"1200121","iconUri":"801004","functions":["",""],"talks":[814007,0,0,0],"mapID":110},"820101":{"id":820101,"name":"i18n_280820101","type":2,"modelUri":"1220101","iconUri":"820101","functions":["8",""],"talks":[0,0,0,0]},"820102":{"id":820102,"name":"i18n_280820102","type":2,"modelUri":"1220102","iconUri":"820102","functions":["8",""],"talks":[0,0,0,0]},"820103":{"id":820103,"name":"i18n_280820103","type":2,"modelUri":"1220103","iconUri":"820103","functions":["8",""],"talks":[0,0,0,0]},"820104":{"id":820104,"name":"i18n_280820104","type":2,"modelUri":"1220104","iconUri":"820104","functions":["8",""],"talks":[0,0,0,0]},"820105":{"id":820105,"name":"i18n_280820105","type":2,"modelUri":"1220105","iconUri":"820105","functions":["8",""],"talks":[0,0,0,0]},"820106":{"id":820106,"name":"i18n_280820106","type":2,"modelUri":"1220106","iconUri":"820106","functions":["8",""],"talks":[0,0,0,0]},"820107":{"id":820107,"name":"i18n_280820107","type":2,"modelUri":"1220107","iconUri":"820107","functions":["8",""],"talks":[0,0,0,0]},"820108":{"id":820108,"name":"i18n_280820107","type":2,"modelUri":"1220107","iconUri":"820107","functions":["8",""],"talks":[0,0,0,0]},"820109":{"id":820109,"name":"i18n_280820107","type":2,"modelUri":"1220107","iconUri":"820107","functions":["8",""],"talks":[0,0,0,0]},"820111":{"id":820111,"name":"i18n_280820111","type":2,"modelUri":"1220111","iconUri":"820111","functions":["9",""],"talks":[0,0,0,0]},"820112":{"id":820112,"name":"i18n_280820112","type":2,"modelUri":"1220112","iconUri":"820112","functions":["9",""],"talks":[0,0,0,0]},"820113":{"id":820113,"name":"i18n_280820113","type":2,"modelUri":"1220113","iconUri":"820113","functions":["9",""],"talks":[0,0,0,0]},"820114":{"id":820114,"name":"i18n_280820114","type":2,"modelUri":"1220114","iconUri":"820114","functions":["9",""],"talks":[0,0,0,0]},"820115":{"id":820115,"name":"i18n_280820115","type":2,"modelUri":"1220115","iconUri":"820115","functions":["9",""],"talks":[0,0,0,0]},"820116":{"id":820116,"name":"i18n_280820116","type":2,"modelUri":"1220116","iconUri":"820116","functions":["9",""],"talks":[0,0,0,0]},"820117":{"id":820117,"name":"i18n_280820117","type":2,"modelUri":"1220117","iconUri":"820117","functions":["9",""],"talks":[0,0,0,0]},"820118":{"id":820118,"name":"i18n_280820117","type":2,"modelUri":"1220117","iconUri":"820117","functions":["9",""],"talks":[0,0,0,0]},"820119":{"id":820119,"name":"i18n_280820117","type":2,"modelUri":"1220117","iconUri":"820117","functions":["9",""],"talks":[0,0,0,0]},"820121":{"id":820121,"name":"i18n_280820121","type":2,"modelUri":"1220131","iconUri":"820131","functions":["11",""],"talks":[0,0,0,0]},"820122":{"id":820122,"name":"i18n_280820122","type":2,"modelUri":"1220132","iconUri":"820132","functions":["11",""],"talks":[0,0,0,0]},"820123":{"id":820123,"name":"i18n_280820123","type":2,"modelUri":"1220133","iconUri":"820133","functions":["11",""],"talks":[0,0,0,0]},"820124":{"id":820124,"name":"i18n_280820124","type":2,"modelUri":"1220134","iconUri":"820134","functions":["11",""],"talks":[0,0,0,0]},"820125":{"id":820125,"name":"i18n_280820125","type":2,"modelUri":"1220135","iconUri":"820135","functions":["11",""],"talks":[0,0,0,0]},"820126":{"id":820126,"name":"i18n_280820126","type":2,"modelUri":"1220136","iconUri":"820136","functions":["11",""],"talks":[0,0,0,0]},"820127":{"id":820127,"name":"i18n_280820127","type":2,"modelUri":"1220137","iconUri":"820137","functions":["11",""],"talks":[0,0,0,0]},"820128":{"id":820128,"name":"i18n_280820127","type":2,"modelUri":"1220137","iconUri":"820137","functions":["11",""],"talks":[0,0,0,0]},"820129":{"id":820129,"name":"i18n_280820127","type":2,"modelUri":"1220137","iconUri":"820137","functions":["11",""],"talks":[0,0,0,0]},"820131":{"id":820131,"name":"i18n_280820131","type":2,"modelUri":"1220121","iconUri":"820121","functions":["10",""],"talks":[0,0,0,0]},"820132":{"id":820132,"name":"i18n_280820132","type":2,"modelUri":"1220122","iconUri":"820122","functions":["10",""],"talks":[0,0,0,0]},"820133":{"id":820133,"name":"i18n_280820133","type":2,"modelUri":"1220123","iconUri":"820123","functions":["10",""],"talks":[0,0,0,0]},"820134":{"id":820134,"name":"i18n_280820134","type":2,"modelUri":"1220124","iconUri":"820124","functions":["10",""],"talks":[0,0,0,0]},"820135":{"id":820135,"name":"i18n_280820135","type":2,"modelUri":"1220125","iconUri":"820125","functions":["10",""],"talks":[0,0,0,0]},"820136":{"id":820136,"name":"i18n_280820136","type":2,"modelUri":"1220126","iconUri":"820126","functions":["10",""],"talks":[0,0,0,0]},"820137":{"id":820137,"name":"i18n_280820137","type":2,"modelUri":"1220127","iconUri":"820127","functions":["10",""],"talks":[0,0,0,0]},"820138":{"id":820138,"name":"i18n_280820137","type":2,"modelUri":"1220127","iconUri":"820127","functions":["10",""],"talks":[0,0,0,0]},"820139":{"id":820139,"name":"i18n_280820137","type":2,"modelUri":"1220127","iconUri":"820127","functions":["10",""],"talks":[0,0,0,0]},"820141":{"id":820141,"name":"i18n_280820141","type":2,"modelUri":"1220141","iconUri":"820141","functions":["12",""],"talks":[0,0,0,0]},"820142":{"id":820142,"name":"i18n_280820142","type":2,"modelUri":"1220142","iconUri":"820142","functions":["12",""],"talks":[0,0,0,0]},"820143":{"id":820143,"name":"i18n_280820143","type":2,"modelUri":"1220143","iconUri":"820143","functions":["12",""],"talks":[0,0,0,0]},"820144":{"id":820144,"name":"i18n_280820144","type":2,"modelUri":"1220144","iconUri":"820144","functions":["12",""],"talks":[0,0,0,0]},"820145":{"id":820145,"name":"i18n_280820145","type":2,"modelUri":"1220145","iconUri":"820145","functions":["12",""],"talks":[0,0,0,0]},"820146":{"id":820146,"name":"i18n_280820146","type":2,"modelUri":"1220146","iconUri":"820146","functions":["12",""],"talks":[0,0,0,0]},"820147":{"id":820147,"name":"i18n_280820147","type":2,"modelUri":"1220147","iconUri":"820147","functions":["12",""],"talks":[0,0,0,0]},"820148":{"id":820148,"name":"i18n_280820147","type":2,"modelUri":"1220147","iconUri":"820147","functions":["12",""],"talks":[0,0,0,0]},"820149":{"id":820149,"name":"i18n_280820147","type":2,"modelUri":"1220147","iconUri":"820147","functions":["12",""],"talks":[0,0,0,0]},"820151":{"id":820151,"name":"i18n_280820151","type":2,"modelUri":"1220151","iconUri":"820151","functions":["13",""],"talks":[0,0,0,0]},"820152":{"id":820152,"name":"i18n_280820152","type":2,"modelUri":"1220152","iconUri":"820152","functions":["13",""],"talks":[0,0,0,0]},"820153":{"id":820153,"name":"i18n_280820153","type":2,"modelUri":"1220153","iconUri":"820153","functions":["13",""],"talks":[0,0,0,0]},"820154":{"id":820154,"name":"i18n_280820154","type":2,"modelUri":"1220154","iconUri":"820154","functions":["13",""],"talks":[0,0,0,0]},"820155":{"id":820155,"name":"i18n_280820155","type":2,"modelUri":"1220155","iconUri":"820155","functions":["13",""],"talks":[0,0,0,0]},"820156":{"id":820156,"name":"i18n_280820156","type":2,"modelUri":"1220156","iconUri":"820156","functions":["13",""],"talks":[0,0,0,0]},"820157":{"id":820157,"name":"i18n_280820157","type":2,"modelUri":"1220157","iconUri":"820157","functions":["13",""],"talks":[0,0,0,0]},"820158":{"id":820158,"name":"i18n_280820157","type":2,"modelUri":"1220157","iconUri":"820157","functions":["13",""],"talks":[0,0,0,0]},"820159":{"id":820159,"name":"i18n_280820157","type":2,"modelUri":"1220157","iconUri":"820157","functions":["13",""],"talks":[0,0,0,0]},"820161":{"id":820161,"name":"i18n_280820161","type":2,"modelUri":"1220161","iconUri":"820161","functions":["14",""],"talks":[0,0,0,0]},"820162":{"id":820162,"name":"i18n_280820162","type":2,"modelUri":"1220162","iconUri":"820162","functions":["14",""],"talks":[0,0,0,0]},"820163":{"id":820163,"name":"i18n_280820163","type":2,"modelUri":"1220163","iconUri":"820163","functions":["14",""],"talks":[0,0,0,0]},"820164":{"id":820164,"name":"i18n_280820164","type":2,"modelUri":"1220164","iconUri":"820164","functions":["14",""],"talks":[0,0,0,0]},"820165":{"id":820165,"name":"i18n_280820165","type":2,"modelUri":"1220165","iconUri":"820165","functions":["14",""],"talks":[0,0,0,0]},"820166":{"id":820166,"name":"i18n_280820166","type":2,"modelUri":"1220166","iconUri":"820166","functions":["14",""],"talks":[0,0,0,0]},"820167":{"id":820167,"name":"i18n_280820167","type":2,"modelUri":"1220167","iconUri":"820167","functions":["14",""],"talks":[0,0,0,0]},"820168":{"id":820168,"name":"i18n_280820167","type":2,"modelUri":"1220167","iconUri":"820167","functions":["14",""],"talks":[0,0,0,0]},"820169":{"id":820169,"name":"i18n_280820167","type":2,"modelUri":"1220167","iconUri":"820167","functions":["14",""],"talks":[0,0,0,0]},"840001":{"id":840001,"name":"i18n_280840001","type":3,"desc":"i18n_281840001","modelUri":"840001","iconUri":"806003","functions":["20-4-1",""],"talks":[811001,0,0,0]},"840002":{"id":840002,"name":"i18n_280840002","type":3,"desc":"i18n_281840002","modelUri":"840002","iconUri":"806003","functions":["20-5-1",""],"talks":[811002,0,0,0]},"840003":{"id":840003,"name":"i18n_280840003","type":3,"desc":"i18n_281840003","modelUri":"840003","iconUri":"806003","functions":["20-3-1",""],"talks":[811003,0,0,0]},"840004":{"id":840004,"name":"i18n_280840004","type":3,"desc":"i18n_281840004","modelUri":"840004","iconUri":"806003","functions":["20-7-1",""],"talks":[811004,0,0,0]},"840005":{"id":840005,"name":"i18n_280840005","type":3,"desc":"i18n_281840005","modelUri":"840005","iconUri":"806003","functions":["20-2-1",""],"talks":[811005,0,0,0]},"840006":{"id":840006,"name":"i18n_280840006","type":3,"desc":"i18n_281840006","modelUri":"840006","iconUri":"806003","functions":["20-1-1",""],"talks":[811006,0,0,0]},"840007":{"id":840007,"name":"i18n_280840007","type":3,"desc":"i18n_281840007","modelUri":"840007","iconUri":"806003","functions":["20-6-1",""],"talks":[811007,0,0,0]},"840101":{"id":840101,"name":"i18n_280840101","type":3,"desc":"i18n_281840101","modelUri":"840001","iconUri":"806003","functions":["20-4-2",""],"talks":[811001,0,0,0]},"840102":{"id":840102,"name":"i18n_280840102","type":3,"desc":"i18n_281840102","modelUri":"840002","iconUri":"806003","functions":["20-5-2",""],"talks":[811002,0,0,0]},"840103":{"id":840103,"name":"i18n_280840103","type":3,"desc":"i18n_281840103","modelUri":"840003","iconUri":"806003","functions":["20-3-2",""],"talks":[811003,0,0,0]},"840104":{"id":840104,"name":"i18n_280840104","type":3,"desc":"i18n_281840104","modelUri":"840004","iconUri":"806003","functions":["20-7-2",""],"talks":[811004,0,0,0]},"840105":{"id":840105,"name":"i18n_280840105","type":3,"desc":"i18n_281840105","modelUri":"840005","iconUri":"806003","functions":["20-2-2",""],"talks":[811005,0,0,0]},"840106":{"id":840106,"name":"i18n_280840106","type":3,"desc":"i18n_281840106","modelUri":"840006","iconUri":"806003","functions":["20-1-2",""],"talks":[811006,0,0,0]},"840107":{"id":840107,"name":"i18n_280840107","type":3,"desc":"i18n_281840107","modelUri":"840007","iconUri":"806003","functions":["20-6-2",""],"talks":[811007,0,0,0]},"840201":{"id":840201,"name":"i18n_280840201","type":3,"desc":"i18n_281840201","modelUri":"840001","iconUri":"806003","functions":["20-4-3",""],"talks":[811001,0,0,0]},"840202":{"id":840202,"name":"i18n_280840202","type":3,"desc":"i18n_281840202","modelUri":"840002","iconUri":"806003","functions":["20-5-3",""],"talks":[811002,0,0,0]},"840203":{"id":840203,"name":"i18n_280840203","type":3,"desc":"i18n_281840203","modelUri":"840003","iconUri":"806003","functions":["20-3-3",""],"talks":[811003,0,0,0]},"840204":{"id":840204,"name":"i18n_280840204","type":3,"desc":"i18n_281840204","modelUri":"840004","iconUri":"806003","functions":["20-7-3",""],"talks":[811004,0,0,0]},"840205":{"id":840205,"name":"i18n_280840205","type":3,"desc":"i18n_281840205","modelUri":"840005","iconUri":"806003","functions":["20-2-3",""],"talks":[811005,0,0,0]},"840206":{"id":840206,"name":"i18n_280840206","type":3,"desc":"i18n_281840206","modelUri":"840006","iconUri":"806003","functions":["20-1-3",""],"talks":[811006,0,0,0]},"840207":{"id":840207,"name":"i18n_280840207","type":3,"desc":"i18n_281840207","modelUri":"840007","iconUri":"806003","functions":["20-6-3",""],"talks":[811007,0,0,0]},"840301":{"id":840301,"name":"i18n_280840301","type":3,"desc":"i18n_281840301","modelUri":"840001","iconUri":"806003","functions":["20-4-4",""],"talks":[811001,0,0,0]},"840302":{"id":840302,"name":"i18n_280840302","type":3,"desc":"i18n_281840302","modelUri":"840002","iconUri":"806003","functions":["20-5-4",""],"talks":[811002,0,0,0]},"840303":{"id":840303,"name":"i18n_280840303","type":3,"desc":"i18n_281840303","modelUri":"840003","iconUri":"806003","functions":["20-3-4",""],"talks":[811003,0,0,0]},"840304":{"id":840304,"name":"i18n_280840304","type":3,"desc":"i18n_281840304","modelUri":"840004","iconUri":"806003","functions":["20-7-4",""],"talks":[811004,0,0,0]},"840305":{"id":840305,"name":"i18n_280840305","type":3,"desc":"i18n_281840305","modelUri":"840005","iconUri":"806003","functions":["20-2-4",""],"talks":[811005,0,0,0]},"840306":{"id":840306,"name":"i18n_280840306","type":3,"desc":"i18n_281840306","modelUri":"840006","iconUri":"806003","functions":["20-1-4",""],"talks":[811006,0,0,0]},"840307":{"id":840307,"name":"i18n_280840307","type":3,"desc":"i18n_281840307","modelUri":"840007","iconUri":"806003","functions":["20-6-4",""],"talks":[811007,0,0,0]},"840401":{"id":840401,"name":"i18n_280840401","type":3,"desc":"i18n_281840401","modelUri":"840001","iconUri":"806003","functions":["20-4-5",""],"talks":[811001,0,0,0]},"840402":{"id":840402,"name":"i18n_280840402","type":3,"desc":"i18n_281840402","modelUri":"840002","iconUri":"806003","functions":["20-5-5",""],"talks":[811002,0,0,0]},"840403":{"id":840403,"name":"i18n_280840403","type":3,"desc":"i18n_281840403","modelUri":"840003","iconUri":"806003","functions":["20-3-5",""],"talks":[811003,0,0,0]},"840404":{"id":840404,"name":"i18n_280840404","type":3,"desc":"i18n_281840404","modelUri":"840004","iconUri":"806003","functions":["20-7-5",""],"talks":[811004,0,0,0]},"840405":{"id":840405,"name":"i18n_280840405","type":3,"desc":"i18n_281840405","modelUri":"840005","iconUri":"806003","functions":["20-2-5",""],"talks":[811005,0,0,0]},"840406":{"id":840406,"name":"i18n_280840406","type":3,"desc":"i18n_281840406","modelUri":"840006","iconUri":"806003","functions":["20-1-5",""],"talks":[811006,0,0,0]},"840407":{"id":840407,"name":"i18n_280840407","type":3,"desc":"i18n_281840407","modelUri":"840007","iconUri":"806003","functions":["20-6-5",""],"talks":[811007,0,0,0]},"840501":{"id":840501,"name":"i18n_280840501","type":3,"desc":"i18n_281840501","modelUri":"840001","iconUri":"806003","functions":["20-4-6",""],"talks":[811001,0,0,0]},"840502":{"id":840502,"name":"i18n_280840502","type":3,"desc":"i18n_281840502","modelUri":"840002","iconUri":"806003","functions":["20-5-6",""],"talks":[811002,0,0,0]},"840503":{"id":840503,"name":"i18n_280840503","type":3,"desc":"i18n_281840503","modelUri":"840003","iconUri":"806003","functions":["20-3-6",""],"talks":[811003,0,0,0]},"840504":{"id":840504,"name":"i18n_280840504","type":3,"desc":"i18n_281840504","modelUri":"840004","iconUri":"806003","functions":["20-7-6",""],"talks":[811004,0,0,0]},"840505":{"id":840505,"name":"i18n_280840505","type":3,"desc":"i18n_281840505","modelUri":"840005","iconUri":"806003","functions":["20-2-6",""],"talks":[811005,0,0,0]},"840506":{"id":840506,"name":"i18n_280840506","type":3,"desc":"i18n_281840506","modelUri":"840006","iconUri":"806003","functions":["20-1-6",""],"talks":[811006,0,0,0]},"840507":{"id":840507,"name":"i18n_280840507","type":3,"desc":"i18n_281840507","modelUri":"840007","iconUri":"806003","functions":["20-6-6",""],"talks":[811007,0,0,0]},"850101":{"id":850101,"name":"i18n_280850101","type":4,"modelUri":"7210001","functions":["",""],"talks":[0,0,0,0]},"850102":{"id":850102,"name":"i18n_280850101","type":4,"modelUri":"7210001","functions":["",""],"talks":[0,0,0,0]},"850103":{"id":850103,"name":"i18n_280850101","type":4,"modelUri":"7210001","functions":["",""],"talks":[0,0,0,0]},"850104":{"id":850104,"name":"i18n_280850101","type":4,"modelUri":"7210001","functions":["",""],"talks":[0,0,0,0]},"850105":{"id":850105,"name":"i18n_280850101","type":4,"modelUri":"7210001","functions":["",""],"talks":[0,0,0,0]},"850106":{"id":850106,"name":"i18n_280850101","type":4,"modelUri":"7210001","functions":["",""],"talks":[0,0,0,0]},"850107":{"id":850107,"name":"i18n_280850101","type":4,"modelUri":"7210001","functions":["",""],"talks":[0,0,0,0]},"850108":{"id":850108,"name":"i18n_280850101","type":4,"modelUri":"7210001","functions":["",""],"talks":[0,0,0,0]},"850109":{"id":850109,"name":"i18n_280850101","type":4,"modelUri":"7210001","functions":["",""],"talks":[0,0,0,0]},"850110":{"id":850110,"name":"i18n_280850101","type":4,"modelUri":"7210001","functions":["",""],"talks":[0,0,0,0]},"850201":{"id":850201,"name":"i18n_280850201","type":5,"modelUri":"1200060","functions":["",""],"talks":[0,0,0,0]},"850202":{"id":850202,"name":"i18n_280850201","type":5,"modelUri":"1200060","functions":["",""],"talks":[0,0,0,0]},"850203":{"id":850203,"name":"i18n_280850201","type":5,"modelUri":"1200060","functions":["",""],"talks":[0,0,0,0]},"850204":{"id":850204,"name":"i18n_280850201","type":5,"modelUri":"1200060","functions":["",""],"talks":[0,0,0,0]},"850205":{"id":850205,"name":"i18n_280850201","type":5,"modelUri":"1200060","functions":["",""],"talks":[0,0,0,0]}}