{"10101":{"storyId":"10101","action":"Reach","object":"Level","title":"level 6","conditionType":1,"conditionParams":"7","description":"The player in the\u300aTidal Trek\u300bup to level 6, open a new function: Fleet."},"10102":{"storyId":"10102","action":"Reach","object":"Level","title":"level 7","conditionType":1,"conditionParams":"8","description":"The player in the\u300aTidal Trek\u300bup to level 7, open a new function: Ship Explore."},"10103":{"storyId":"10103","action":"Reach","object":"Level","title":"level 10","conditionType":1,"conditionParams":"10","description":"The player in the\u300aTidal Trek\u300bup to level 10, open a new function: Homestead."},"10104":{"storyId":"10104","action":"Reach","object":"Level","title":"level 15","conditionType":1,"conditionParams":"17","description":"The player in the\u300aTidal Trek\u300bup to level 15, open a new function: Fleet."},"10201":{"storyId":"10201","action":"Reach","object":"Power Points","title":"1000 Power points","conditionType":2,"conditionParams":"1000","description":"The player\u2019s power increased to 1000."},"10202":{"storyId":"10202","action":"Reach","object":"Power Points","title":"2000 Power points","conditionType":2,"conditionParams":"2000","description":"The player\u2019s power increased to 2000."},"10203":{"storyId":"10203","action":"Reach","object":"Power Points","title":"5000 Power points","conditionType":2,"conditionParams":"5000","description":"The player\u2019s power increased to 5000."},"10204":{"storyId":"10204","action":"Reach","object":"Power Points","title":"10000 Power points","conditionType":2,"conditionParams":"10000","description":"The player\u2019s power increased to 10000."},"10205":{"storyId":"10205","action":"Reach","object":"Power Points","title":"15000 Power points","conditionType":2,"conditionParams":"15000","description":"The player\u2019s power increased to 15000."},"10206":{"storyId":"10206","action":"Reach","object":"Power Points","title":"20000 Power points","conditionType":2,"conditionParams":"20000","description":"The player\u2019s power increased to 20000."},"10207":{"storyId":"10207","action":"Reach","object":"Power Points","title":"30000 Power points","conditionType":2,"conditionParams":"30000","description":"The player\u2019s power increased to 30000."},"10208":{"storyId":"10208","action":"Reach","object":"Power Points","title":"40000 Power points","conditionType":2,"conditionParams":"40000","description":"The player\u2019s power increased to 40000."},"10209":{"storyId":"10209","action":"Reach","object":"Power Points","title":"50000 Power points","conditionType":2,"conditionParams":"50000","description":"The player\u2019s power increased to 50000."},"10210":{"storyId":"10210","action":"Reach","object":"Power Points","title":"60000 Power points","conditionType":2,"conditionParams":"60000","description":"The player\u2019s power increased to 60000."},"10301":{"storyId":"10301","action":"Defeat","object":"Boss","title":"Camp boss: Gold Lion Airship","conditionType":3,"description":"The player has defeated the camp boss to\u300aTidal Trek\u300b\uff0cGet a mysterious treasure."},"10302":{"storyId":"10302","action":"Defeat","object":"Boss","title":"Camp boss: Soaring Eagle Airship","conditionType":3,"description":"The player has defeated the camp boss to\u300aTidal Trek\u300b\uff0cGet a mysterious treasure."},"10303":{"storyId":"10303","action":"Defeat","object":"Boss","title":"World boss: Black Beauty","conditionType":4,"description":"The player has defeated the World boss to\u300aTidal Trek\u300b\uff0cGet a mysterious treasure."},"10304":{"storyId":"10304","action":"Defeat","object":"Boss","title":"Blue Star","conditionType":4,"description":"The player has defeated the World boss to\u300aTidal Trek\u300b\uff0cGet a mysterious treasure."},"10305":{"storyId":"10305","action":"Defeat","object":"Boss","title":"Queen Haley II","conditionType":4,"description":"The player has defeated the World boss to\u300aTidal Trek\u300b\uff0cGet a mysterious treasure."},"10306":{"storyId":"10306","action":"Defeat","object":"Boss","title":"Gondolaz","conditionType":4,"description":"The player has defeated the World boss to\u300aTidal Trek\u300b\uff0cGet a mysterious treasure."},"10401":{"storyId":"10401","action":"Enter","object":"Dungeon","title":"New Elite Dungeon: Blackwater Bay","conditionType":5,"conditionParams":"10305,10405","description":"The player has entered a new Elite Dungeon in\u300aTidal Trek\u300b,hidden fierce pirates and treasure."},"10402":{"storyId":"10402","action":"Enter","object":"Dungeon","title":"New Elite Dungeon: the City of Kings","conditionType":5,"conditionParams":"10505","description":"The player has entered a new Elite Dungeon in\u300aTidal Trek\u300b,hidden fierce pirates and treasure."},"10403":{"storyId":"10403","action":"Enter","object":"Dungeon","title":"New Elite Dungeon: Squid Bay","conditionType":5,"conditionParams":"10605","description":"The player has entered a new Elite Dungeon in\u300aTidal Trek\u300b,hidden fierce pirates and treasure."},"10404":{"storyId":"10404","action":"Enter","object":"Dungeon","title":"New Elite Dungeon: Misty Port","conditionType":5,"conditionParams":"10705","description":"The player has entered a new Elite Dungeon in\u300aTidal Trek\u300b,hidden fierce pirates and treasure."},"10405":{"storyId":"10405","action":"Enter","object":"Dungeon","title":"New Elite Dungeon: Siren City","conditionType":5,"conditionParams":"10805","description":"The player has entered a new Elite Dungeon in\u300aTidal Trek\u300b,hidden fierce pirates and treasure."},"10406":{"storyId":"10406","action":"Enter","object":"Dungeon","title":"New Elite Dungeon: Ice City","conditionType":5,"conditionParams":"10905","description":"The player has entered a new Elite Dungeon in\u300aTidal Trek\u300b,hidden fierce pirates and treasure."},"10407":{"storyId":"10407","action":"Enter","object":"Dungeon","title":"New Elite Dungeon: Ghost Bay","conditionType":5,"conditionParams":"11005","description":"The player has entered a new Elite Dungeon in\u300aTidal Trek\u300b,hidden fierce pirates and treasure."},"10501":{"storyId":"10501","action":"Get","object":"Hero","title":"Bouderon","conditionType":6,"conditionParams":"501001","description":"The player gets a new hero in\u300aTidal Trek\u300b."},"10502":{"storyId":"10502","action":"Get","object":"Hero","title":"Valder","conditionType":6,"conditionParams":"501002","description":"The player gets a new hero in\u300aTidal Trek\u300b."},"10503":{"storyId":"10503","action":"Get","object":"Hero","title":"Brown","conditionType":6,"conditionParams":"501003","description":"The player gets a new hero in\u300aTidal Trek\u300b."},"10504":{"storyId":"10504","action":"Get","object":"Hero","title":"Clayis","conditionType":6,"conditionParams":"501004","description":"The player gets a new hero in\u300aTidal Trek\u300b."},"10505":{"storyId":"10505","action":"Get","object":"Hero","title":"Christina","conditionType":6,"conditionParams":"501005","description":"The player gets a new hero in\u300aTidal Trek\u300b."},"10506":{"storyId":"10506","action":"Get","object":"Hero","title":"Donald","conditionType":6,"conditionParams":"501006","description":"The player gets a new hero in\u300aTidal Trek\u300b."},"10507":{"storyId":"10507","action":"Get","object":"Hero","title":"Richard","conditionType":6,"conditionParams":"501007","description":"The player gets a new hero in\u300aTidal Trek\u300b."},"10508":{"storyId":"10508","action":"Get","object":"Hero","title":"Carrot","conditionType":6,"conditionParams":"501008","description":"The player gets a new hero in\u300aTidal Trek\u300b."},"10509":{"storyId":"10509","action":"Get","object":"Hero","title":"Alexis","conditionType":6,"conditionParams":"501009","description":"The player gets a new hero in\u300aTidal Trek\u300b."},"10510":{"storyId":"10510","action":"Get","object":"Hero","title":"Cecilio","conditionType":6,"conditionParams":"501010","description":"The player gets a new hero in\u300aTidal Trek\u300b."},"10511":{"storyId":"10511","action":"Get","object":"Hero","title":"Gascognie","conditionType":6,"conditionParams":"501011","description":"The player gets a new hero in\u300aTidal Trek\u300b."},"10512":{"storyId":"10512","action":"Get","object":"Hero","title":"Quintine","conditionType":6,"conditionParams":"501012","description":"The player gets a new hero in\u300aTidal Trek\u300b."},"10601":{"storyId":"10601","action":"Get","object":"Ship","title":"Regent Airship","conditionType":7,"conditionParams":"3120001","description":"The player gets ships of purple in\u300aTidal Trek\u300b."},"10602":{"storyId":"10602","action":"Get","object":"Ship","title":"Airship of Admiral of the Fleet","conditionType":7,"conditionParams":"3120002","description":"The player gets ships of purple in\u300aTidal Trek\u300b."},"10603":{"storyId":"10603","action":"Get","object":"Ship","title":"Revenge Queen","conditionType":7,"conditionParams":"3130001","description":"The player gets ships of purple in\u300aTidal Trek\u300b."},"10604":{"storyId":"10604","action":"Get","object":"Ship","title":"Beast Blade","conditionType":7,"conditionParams":"3130002","description":"The player gets ships of purple in\u300aTidal Trek\u300b."},"10605":{"storyId":"10605","action":"Get","object":"Ship","title":"Aurora","conditionType":7,"conditionParams":"3130003","description":"The player gets ships of purple in\u300aTidal Trek\u300b."},"10606":{"storyId":"10606","action":"Get","object":"Ship","title":"Black Pearl","conditionType":7,"conditionParams":"3130004","description":"The player gets ships of purple in\u300aTidal Trek\u300b."},"10607":{"storyId":"10607","action":"Get","object":"Ship","title":"Flying Dutchman","conditionType":7,"conditionParams":"3130005","description":"The player gets ships of purple in\u300aTidal Trek\u300b."},"10608":{"storyId":"10608","action":"Get","object":"Ship","title":"Small Two-Masted Battleship","conditionType":7,"conditionParams":"3140001","description":"The player gets ships of purple in\u300aTidal Trek\u300b."},"10609":{"storyId":"10609","action":"Get","object":"Ship","title":"Two-Masted Battleship","conditionType":7,"conditionParams":"3140002","description":"The player gets ships of purple in\u300aTidal Trek\u300b."},"10610":{"storyId":"10610","action":"Get","object":"Ship","title":"Armed Clipper","conditionType":7,"conditionParams":"3140003","description":"The player gets ships of purple in\u300aTidal Trek\u300b."},"10611":{"storyId":"10611","action":"Get","object":"Ship","title":"Galleon","conditionType":7,"conditionParams":"3140004","description":"The player gets ships of purple in\u300aTidal Trek\u300b."},"10612":{"storyId":"10612","action":"Get","object":"Ship","title":"Flemish Galleon","conditionType":7,"conditionParams":"3140005","description":"The player gets ships of purple in\u300aTidal Trek\u300b."},"10613":{"storyId":"10613","action":"Get","object":"Ship","title":"Carrack","conditionType":7,"conditionParams":"3140006","description":"The player gets ships of purple in\u300aTidal Trek\u300b."},"10614":{"storyId":"10614","action":"Get","object":"Ship","title":"Gold Lion","conditionType":7,"conditionParams":"3140007","description":"The player gets ships of purple in\u300aTidal Trek\u300b."},"10615":{"storyId":"10615","action":"Get","object":"Ship","title":"Soaring Eagle","conditionType":7,"conditionParams":"3140008","description":"The player gets ships of purple in\u300aTidal Trek\u300b."},"10616":{"storyId":"10616","action":"Get","object":"Ship","title":"Black Beauty","conditionType":7,"conditionParams":"3140009","description":"The player gets ships of purple in\u300aTidal Trek\u300b."},"10617":{"storyId":"10617","action":"Get","object":"Ship","title":"Blue Star","conditionType":7,"conditionParams":"3140010","description":"The player gets ships of purple in\u300aTidal Trek\u300b."},"10618":{"storyId":"10618","action":"Get","object":"Ship","title":"Queen Haley II","conditionType":7,"conditionParams":"3140011","description":"The player gets ships of purple in\u300aTidal Trek\u300b."},"10619":{"storyId":"10619","action":"Get","object":"Ship","title":"Gondolaz","conditionType":7,"conditionParams":"3140012","description":"The player gets ships of purple in\u300aTidal Trek\u300b."},"10620":{"storyId":"10620","action":"Get","object":"Ship","title":"Seagull","conditionType":7,"conditionParams":"3140013","description":"The player gets ships of purple in\u300aTidal Trek\u300b."},"10621":{"storyId":"10621","action":"Get","object":"Ship","title":"Hawk","conditionType":7,"conditionParams":"3140014","description":"The player gets ships of purple in\u300aTidal Trek\u300b."},"10622":{"storyId":"10622","action":"Get","object":"Ship","title":"Falcon","conditionType":7,"conditionParams":"3140015","description":"The player gets ships of purple in\u300aTidal Trek\u300b."},"10623":{"storyId":"10623","action":"Get","object":"Ship","title":"Gold Dust","conditionType":7,"conditionParams":"3140016","description":"The player gets ships of purple in\u300aTidal Trek\u300b."},"10624":{"storyId":"10624","action":"Get","object":"Ship","title":"Clown","conditionType":7,"conditionParams":"3140017","description":"The player gets ships of purple in\u300aTidal Trek\u300b."},"10625":{"storyId":"10625","action":"Get","object":"Ship","title":"Orion","conditionType":7,"conditionParams":"3140018","description":"The player gets ships of purple in\u300aTidal Trek\u300b."},"10626":{"storyId":"10626","action":"Get","object":"Ship","title":"Betrayer","conditionType":7,"conditionParams":"3140019","description":"The player gets ships of purple in\u300aTidal Trek\u300b."},"10627":{"storyId":"10627","action":"Get","object":"Ship","title":"Gold Lion","conditionType":7,"conditionParams":"3140101","description":"The player gets ships of purple in\u300aTidal Trek\u300b."},"10628":{"storyId":"10628","action":"Get","object":"Ship","title":"Soaring Eagle","conditionType":7,"conditionParams":"3140102","description":"The player gets ships of purple in\u300aTidal Trek\u300b."},"10629":{"storyId":"10629","action":"Get","object":"Ship","title":"Black Beauty","conditionType":7,"conditionParams":"3140103","description":"The player gets ships of purple in\u300aTidal Trek\u300b."},"10630":{"storyId":"10630","action":"Get","object":"Ship","title":"Blue Star","conditionType":7,"conditionParams":"3140104","description":"The player gets ships of purple in\u300aTidal Trek\u300b."},"10631":{"storyId":"10631","action":"Get","object":"Ship","title":"Queen Haley II","conditionType":7,"conditionParams":"3140105","description":"The player gets ships of purple in\u300aTidal Trek\u300b."},"10632":{"storyId":"10632","action":"Get","object":"Ship","title":"Gondolaz","conditionType":7,"conditionParams":"3140106","description":"The player gets ships of purple in\u300aTidal Trek\u300b."},"10633":{"storyId":"10633","action":"Get","object":"Ship","title":"Seagull","conditionType":7,"conditionParams":"3140107","description":"The player gets ships of purple in\u300aTidal Trek\u300b."},"10634":{"storyId":"10634","action":"Get","object":"Ship","title":"Hawk","conditionType":7,"conditionParams":"3140108","description":"The player gets ships of purple in\u300aTidal Trek\u300b."},"10635":{"storyId":"10635","action":"Get","object":"Ship","title":"Falcon","conditionType":7,"conditionParams":"3140109","description":"The player gets ships of purple in\u300aTidal Trek\u300b."},"10636":{"storyId":"10636","action":"Get","object":"Ship","title":"Gold Dust","conditionType":7,"conditionParams":"3140110","description":"The player gets ships of purple in\u300aTidal Trek\u300b."},"10637":{"storyId":"10637","action":"Get","object":"Ship","title":"Clown","conditionType":7,"conditionParams":"3140111","description":"The player gets ships of purple in\u300aTidal Trek\u300b."},"10638":{"storyId":"10638","action":"Get","object":"Ship","title":"Orion","conditionType":7,"conditionParams":"3140112","description":"The player gets ships of purple in\u300aTidal Trek\u300b."},"10639":{"storyId":"10639","action":"Get","object":"Ship","title":"Betrayer","conditionType":7,"conditionParams":"3140113","description":"The player gets ships of purple in\u300aTidal Trek\u300b."},"10640":{"storyId":"10640","action":"Get","object":"Ship","title":"Small Two-Masted Battleship","conditionType":7,"conditionParams":"3141001","description":"The player gets ships of purple in\u300aTidal Trek\u300b."},"10641":{"storyId":"10641","action":"Get","object":"Ship","title":"Two-Masted Battleship","conditionType":7,"conditionParams":"3141002","description":"The player gets ships of purple in\u300aTidal Trek\u300b."},"10642":{"storyId":"10642","action":"Get","object":"Ship","title":"Armed Clipper","conditionType":7,"conditionParams":"3141003","description":"The player gets ships of purple in\u300aTidal Trek\u300b."},"10643":{"storyId":"10643","action":"Get","object":"Ship","title":"Galleon","conditionType":7,"conditionParams":"3141004","description":"The player gets ships of purple in\u300aTidal Trek\u300b."},"10644":{"storyId":"10644","action":"Get","object":"Ship","title":"Flemish Galleon","conditionType":7,"conditionParams":"3141005","description":"The player gets ships of purple in\u300aTidal Trek\u300b."},"10645":{"storyId":"10645","action":"Get","object":"Ship","title":"Carrack","conditionType":7,"conditionParams":"3141006","description":"The player gets ships of purple in\u300aTidal Trek\u300b."},"10646":{"storyId":"10646","action":"Get","object":"Ship","title":"Airship","conditionType":7,"conditionParams":"3141007","description":"The player gets ships of purple in\u300aTidal Trek\u300b."},"10647":{"storyId":"10647","action":"Get","object":"Ship","title":"Gentle breeze","conditionType":7,"conditionParams":"3141008","description":"The player gets ships of purple in\u300aTidal Trek\u300b."},"10648":{"storyId":"10648","action":"Get","object":"Ship","title":"Robin Hood","conditionType":7,"conditionParams":"3141009","description":"The player gets ships of purple in\u300aTidal Trek\u300b."},"10649":{"storyId":"10649","action":"Get","object":"Ship","title":"Caravela Latina","conditionType":7,"conditionParams":"3161001","description":"The player gets ships of purple in\u300aTidal Trek\u300b."},"10650":{"storyId":"10650","action":"Get","object":"Ship","title":"Light Galley","conditionType":7,"conditionParams":"3161002","description":"The player gets ships of purple in\u300aTidal Trek\u300b."},"10651":{"storyId":"10651","action":"Get","object":"Ship","title":"La Reale","conditionType":7,"conditionParams":"3161003","description":"The player gets ships of purple in\u300aTidal Trek\u300b."},"10652":{"storyId":"10652","action":"Get","object":"Ship","title":"Battleship","conditionType":7,"conditionParams":"3161004","description":"The player gets ships of purple in\u300aTidal Trek\u300b."},"10653":{"storyId":"10653","action":"Get","object":"Ship","title":"Heavy Battleship","conditionType":7,"conditionParams":"3161005","description":"The player gets ships of purple in\u300aTidal Trek\u300b."},"10654":{"storyId":"10654","action":"Get","object":"Ship","title":"Floating Ship","conditionType":7,"conditionParams":"3161006","description":"The player gets ships of purple in\u300aTidal Trek\u300b."},"10655":{"storyId":"10655","action":"Get","object":"Ship","title":"Caravela Latina","conditionType":7,"conditionParams":"3164001","description":"The player gets ships of purple in\u300aTidal Trek\u300b."},"10656":{"storyId":"10656","action":"Get","object":"Ship","title":"Light Galley","conditionType":7,"conditionParams":"3164002","description":"The player gets ships of purple in\u300aTidal Trek\u300b."},"10657":{"storyId":"10657","action":"Get","object":"Ship","title":"La Reale","conditionType":7,"conditionParams":"3164003","description":"The player gets ships of purple in\u300aTidal Trek\u300b."},"10658":{"storyId":"10658","action":"Get","object":"Ship","title":"Battleship","conditionType":7,"conditionParams":"3164004","description":"The player gets ships of purple in\u300aTidal Trek\u300b."},"10659":{"storyId":"10659","action":"Get","object":"Ship","title":"Heavy Battleship","conditionType":7,"conditionParams":"3164005","description":"The player gets ships of purple in\u300aTidal Trek\u300b."},"10660":{"storyId":"10660","action":"Get","object":"Ship","title":"Floating Ship","conditionType":7,"conditionParams":"3164006","description":"The player gets ships of purple in\u300aTidal Trek\u300b."},"10701":{"storyId":"10701","action":"Reach","object":"Rank","title":"Top 1 of Damage Rank","conditionType":8,"description":"The player reach Top 1 on Damage Rank in World boss of \u300aTidal Trek\u300b."},"10702":{"storyId":"10702","action":"Reach","object":"Rank","title":"Top 2 of Damage Rank","conditionType":8,"description":"The player reach Top 2 on Damage Rank in World boss of \u300aTidal Trek\u300b."},"10703":{"storyId":"10703","action":"Reach","object":"Rank","title":"Top 3 of Damage Rank","conditionType":8,"description":"The player reach Top 3 on Damage Rank in World boss of \u300aTidal Trek\u300b."},"10704":{"storyId":"10704","action":"Reach","object":"Rank","title":"Top 1 of Damage Rank","conditionType":9,"description":"The player reach Top 1 on Damage Rank in Camp boss of \u300aTidal Trek\u300b."},"10705":{"storyId":"10705","action":"Reach","object":"Rank","title":"Top 2 of Damage Rank","conditionType":9,"description":"The player reach Top 2 on Damage Rank in Camp boss of \u300aTidal Trek\u300b."},"10706":{"storyId":"10706","action":"Reach","object":"Rank","title":"Top 3 of Damage Rank","conditionType":9,"description":"The player reach Top 3 on Damage Rank in Camp boss of \u300aTidal Trek\u300b."},"10801":{"storyId":"10801","action":"Reach","object":"Rank","title":"Top 1 on the Rank","conditionType":10,"description":"The player reach Top 1 in ARENA of\u300aTidal Trek\u300b."},"10802":{"storyId":"10802","action":"Reach","object":"Rank","title":"Top 2 on the Rank","conditionType":10,"description":"The player reach Top 2 in ARENA of\u300aTidal Trek\u300b."},"10803":{"storyId":"10803","action":"Reach","object":"Rank","title":"Top 3 on the Rank","conditionType":10,"description":"The player reach Top 3 in ARENA of\u300aTidal Trek\u300b."}}