{"1":{"level":1,"oneRequestCost":300,"oneRequestGet":200,"oneRequestGold":1,"oneRequestGetByGold":200},"2":{"level":2,"requireExp":200,"oneRequestCost":600,"oneRequestGet":400,"oneRequestGold":1,"oneRequestGetByGold":400},"3":{"level":3,"requireExp":400,"oneRequestCost":1200,"oneRequestGet":800,"oneRequestGold":1,"oneRequestGetByGold":800},"4":{"level":4,"requireExp":800,"oneRequestCost":1800,"oneRequestGet":1200,"oneRequestGold":1,"oneRequestGetByGold":1200},"5":{"level":5,"requireExp":1200,"oneRequestCost":2400,"oneRequestGet":1600,"oneRequestGold":1,"oneRequestGetByGold":1600},"6":{"level":6,"requireExp":1600,"oneRequestCost":3000,"oneRequestGet":2000,"oneRequestGold":1,"oneRequestGetByGold":2000},"7":{"level":7,"requireExp":2000,"oneRequestCost":3600,"oneRequestGet":2400,"oneRequestGold":1,"oneRequestGetByGold":2400},"8":{"level":8,"requireExp":2400,"oneRequestCost":4200,"oneRequestGet":2800,"oneRequestGold":1,"oneRequestGetByGold":2800},"9":{"level":9,"requireExp":2800,"oneRequestCost":4800,"oneRequestGet":3200,"oneRequestGold":1,"oneRequestGetByGold":3200},"10":{"level":10,"requireExp":3200,"oneRequestCost":5400,"oneRequestGet":3600,"oneRequestGold":1,"oneRequestGetByGold":3600},"11":{"level":11,"requireExp":3600,"oneRequestCost":6000,"oneRequestGet":4000,"oneRequestGold":1,"oneRequestGetByGold":4000},"12":{"level":12,"requireExp":4000,"oneRequestCost":6000,"oneRequestGet":4000,"oneRequestGold":1,"oneRequestGetByGold":4400},"13":{"level":13,"requireExp":4400,"oneRequestCost":6000,"oneRequestGet":4000,"oneRequestGold":1,"oneRequestGetByGold":4800},"14":{"level":14,"requireExp":4800,"oneRequestCost":6000,"oneRequestGet":4000,"oneRequestGold":1,"oneRequestGetByGold":5600},"15":{"level":15,"requireExp":5600,"oneRequestCost":6000,"oneRequestGet":4000,"oneRequestGold":1,"oneRequestGetByGold":6400},"16":{"level":16,"requireExp":6400,"oneRequestCost":6000,"oneRequestGet":4000,"oneRequestGold":1,"oneRequestGetByGold":7200},"17":{"level":17,"requireExp":7200,"oneRequestCost":6000,"oneRequestGet":4000,"oneRequestGold":1,"oneRequestGetByGold":8000},"18":{"level":18,"requireExp":8000,"oneRequestCost":7500,"oneRequestGet":5000,"oneRequestGold":1,"oneRequestGetByGold":8800},"19":{"level":19,"requireExp":8800,"oneRequestCost":7500,"oneRequestGet":5000,"oneRequestGold":1,"oneRequestGetByGold":9600},"20":{"level":20,"requireExp":9600,"oneRequestCost":7500,"oneRequestGet":5000,"oneRequestGold":1,"oneRequestGetByGold":11000},"21":{"level":21,"requireExp":11000,"oneRequestCost":7500,"oneRequestGet":5000,"oneRequestGold":1,"oneRequestGetByGold":12400},"22":{"level":22,"requireExp":12400,"oneRequestCost":7500,"oneRequestGet":5000,"oneRequestGold":1,"oneRequestGetByGold":13800},"23":{"level":23,"requireExp":13800,"oneRequestCost":7500,"oneRequestGet":5000,"oneRequestGold":1,"oneRequestGetByGold":15200},"24":{"level":24,"requireExp":15200,"oneRequestCost":7500,"oneRequestGet":5000,"oneRequestGold":1,"oneRequestGetByGold":16600},"25":{"level":25,"requireExp":16600,"oneRequestCost":7500,"oneRequestGet":5000,"oneRequestGold":1,"oneRequestGetByGold":18000},"26":{"level":26,"requireExp":18000,"oneRequestCost":7500,"oneRequestGet":5000,"oneRequestGold":2,"oneRequestGetByGold":20000},"27":{"level":27,"requireExp":20000,"oneRequestCost":7500,"oneRequestGet":5000,"oneRequestGold":2,"oneRequestGetByGold":20000},"28":{"level":28,"requireExp":22000,"oneRequestCost":15000,"oneRequestGet":10000,"oneRequestGold":2,"oneRequestGetByGold":20000},"29":{"level":29,"requireExp":24000,"oneRequestCost":15000,"oneRequestGet":10000,"oneRequestGold":2,"oneRequestGetByGold":20000},"30":{"level":30,"requireExp":26000,"oneRequestCost":15000,"oneRequestGet":10000,"oneRequestGold":2,"oneRequestGetByGold":20000},"31":{"level":31,"requireExp":29000,"oneRequestCost":15000,"oneRequestGet":10000,"oneRequestGold":2,"oneRequestGetByGold":20000},"32":{"level":32,"requireExp":33000,"oneRequestCost":15000,"oneRequestGet":10000,"oneRequestGold":2,"oneRequestGetByGold":20000},"33":{"level":33,"requireExp":38000,"oneRequestCost":15000,"oneRequestGet":10000,"oneRequestGold":2,"oneRequestGetByGold":20000},"34":{"level":34,"requireExp":44000,"oneRequestCost":15000,"oneRequestGet":10000,"oneRequestGold":2,"oneRequestGetByGold":20000},"35":{"level":35,"requireExp":51000,"oneRequestCost":15000,"oneRequestGet":10000,"oneRequestGold":2,"oneRequestGetByGold":20000},"36":{"level":36,"requireExp":59000,"oneRequestCost":22500,"oneRequestGet":15000,"oneRequestGold":3,"oneRequestGetByGold":30000},"37":{"level":37,"requireExp":68000,"oneRequestCost":22500,"oneRequestGet":15000,"oneRequestGold":3,"oneRequestGetByGold":30000},"38":{"level":38,"requireExp":78000,"oneRequestCost":22500,"oneRequestGet":15000,"oneRequestGold":3,"oneRequestGetByGold":30000},"39":{"level":39,"requireExp":86000,"oneRequestCost":22500,"oneRequestGet":15000,"oneRequestGold":3,"oneRequestGetByGold":30000},"40":{"level":40,"requireExp":94000,"oneRequestCost":22500,"oneRequestGet":15000,"oneRequestGold":3,"oneRequestGetByGold":30000},"41":{"level":41,"requireExp":99000,"oneRequestCost":22500,"oneRequestGet":15000,"oneRequestGold":3,"oneRequestGetByGold":30000},"42":{"level":42,"requireExp":104000,"oneRequestCost":22500,"oneRequestGet":15000,"oneRequestGold":3,"oneRequestGetByGold":30000},"43":{"level":43,"requireExp":109000,"oneRequestCost":22500,"oneRequestGet":15000,"oneRequestGold":3,"oneRequestGetByGold":30000},"44":{"level":44,"requireExp":114000,"oneRequestCost":22500,"oneRequestGet":15000,"oneRequestGold":3,"oneRequestGetByGold":30000},"45":{"level":45,"requireExp":119000,"oneRequestCost":22500,"oneRequestGet":15000,"oneRequestGold":3,"oneRequestGetByGold":30000},"46":{"level":46,"requireExp":124000,"oneRequestCost":30000,"oneRequestGet":20000,"oneRequestGold":4,"oneRequestGetByGold":40000},"47":{"level":47,"requireExp":129000,"oneRequestCost":30000,"oneRequestGet":20000,"oneRequestGold":4,"oneRequestGetByGold":40000},"48":{"level":48,"requireExp":134000,"oneRequestCost":30000,"oneRequestGet":20000,"oneRequestGold":4,"oneRequestGetByGold":40000},"49":{"level":49,"requireExp":139000,"oneRequestCost":30000,"oneRequestGet":20000,"oneRequestGold":4,"oneRequestGetByGold":40000},"50":{"level":50,"requireExp":144000,"oneRequestCost":30000,"oneRequestGet":20000,"oneRequestGold":4,"oneRequestGetByGold":40000},"51":{"level":51,"requireExp":150000,"oneRequestCost":30000,"oneRequestGet":20000,"oneRequestGold":4,"oneRequestGetByGold":40000},"52":{"level":52,"requireExp":156000,"oneRequestCost":30000,"oneRequestGet":20000,"oneRequestGold":4,"oneRequestGetByGold":40000},"53":{"level":53,"requireExp":162000,"oneRequestCost":30000,"oneRequestGet":20000,"oneRequestGold":4,"oneRequestGetByGold":40000},"54":{"level":54,"requireExp":168000,"oneRequestCost":30000,"oneRequestGet":20000,"oneRequestGold":5,"oneRequestGetByGold":40000},"55":{"level":55,"requireExp":174000,"oneRequestCost":30000,"oneRequestGet":20000,"oneRequestGold":5,"oneRequestGetByGold":40000},"56":{"level":56,"requireExp":180000,"oneRequestCost":30000,"oneRequestGet":20000,"oneRequestGold":5,"oneRequestGetByGold":40000},"57":{"level":57,"requireExp":186000,"oneRequestCost":30000,"oneRequestGet":20000,"oneRequestGold":5,"oneRequestGetByGold":40000},"58":{"level":58,"requireExp":192000,"oneRequestCost":30000,"oneRequestGet":20000,"oneRequestGold":5,"oneRequestGetByGold":40000},"59":{"level":59,"requireExp":198000,"oneRequestCost":30000,"oneRequestGet":20000,"oneRequestGold":5,"oneRequestGetByGold":40000},"60":{"level":60,"requireExp":204000,"oneRequestCost":30000,"oneRequestGet":20000,"oneRequestGold":5,"oneRequestGetByGold":40000},"61":{"level":61,"requireExp":211000,"oneRequestCost":30000,"oneRequestGet":20000,"oneRequestGold":6,"oneRequestGetByGold":40000},"62":{"level":62,"requireExp":218000,"oneRequestCost":30000,"oneRequestGet":20000,"oneRequestGold":6,"oneRequestGetByGold":40000},"63":{"level":63,"requireExp":225000,"oneRequestCost":30000,"oneRequestGet":20000,"oneRequestGold":6,"oneRequestGetByGold":40000},"64":{"level":64,"requireExp":232000,"oneRequestCost":30000,"oneRequestGet":20000,"oneRequestGold":6,"oneRequestGetByGold":40000},"65":{"level":65,"requireExp":239000,"oneRequestCost":30000,"oneRequestGet":20000,"oneRequestGold":8,"oneRequestGetByGold":40000},"66":{"level":66,"requireExp":246000,"oneRequestCost":30000,"oneRequestGet":20000,"oneRequestGold":8,"oneRequestGetByGold":40000},"67":{"level":67,"requireExp":253000,"oneRequestCost":30000,"oneRequestGet":20000,"oneRequestGold":8,"oneRequestGetByGold":40000},"68":{"level":68,"requireExp":260000,"oneRequestCost":30000,"oneRequestGet":20000,"oneRequestGold":8,"oneRequestGetByGold":40000},"69":{"level":69,"requireExp":267000,"oneRequestCost":30000,"oneRequestGet":20000,"oneRequestGold":8,"oneRequestGetByGold":40000},"70":{"level":70,"requireExp":274000,"oneRequestCost":30000,"oneRequestGet":20000,"oneRequestGold":8,"oneRequestGetByGold":40000},"71":{"level":71,"requireExp":282000,"oneRequestCost":30000,"oneRequestGet":20000,"oneRequestGold":10,"oneRequestGetByGold":40000},"72":{"level":72,"requireExp":290000,"oneRequestCost":30000,"oneRequestGet":20000,"oneRequestGold":10,"oneRequestGetByGold":40000},"73":{"level":73,"requireExp":298000,"oneRequestCost":30000,"oneRequestGet":20000,"oneRequestGold":10,"oneRequestGetByGold":40000},"74":{"level":74,"requireExp":306000,"oneRequestCost":30000,"oneRequestGet":20000,"oneRequestGold":10,"oneRequestGetByGold":40000},"75":{"level":75,"requireExp":314000,"oneRequestCost":30000,"oneRequestGet":20000,"oneRequestGold":10,"oneRequestGetByGold":40000},"76":{"level":76,"requireExp":322000,"oneRequestCost":30000,"oneRequestGet":20000,"oneRequestGold":12,"oneRequestGetByGold":40000},"77":{"level":77,"requireExp":330000,"oneRequestCost":30000,"oneRequestGet":20000,"oneRequestGold":12,"oneRequestGetByGold":40000},"78":{"level":78,"requireExp":338000,"oneRequestCost":30000,"oneRequestGet":20000,"oneRequestGold":12,"oneRequestGetByGold":40000},"79":{"level":79,"requireExp":346000,"oneRequestCost":30000,"oneRequestGet":20000,"oneRequestGold":12,"oneRequestGetByGold":40000},"80":{"level":80,"requireExp":354000,"oneRequestCost":40000,"oneRequestGet":20000,"oneRequestGold":12,"oneRequestGetByGold":40000}}