{"1":{"1":{"level":1,"quality":1,"minSavvy":2,"maxSavvy":10},"2":{"level":1,"quality":2,"minSavvy":4,"maxSavvy":15},"3":{"level":1,"quality":3,"minSavvy":6,"maxSavvy":20},"4":{"level":1,"quality":4,"minSavvy":8,"maxSavvy":25},"5":{"level":1,"quality":5,"minSavvy":10,"maxSavvy":30}},"10":{"1":{"level":10,"quality":1,"minSavvy":2,"maxSavvy":15},"2":{"level":10,"quality":2,"minSavvy":4,"maxSavvy":20},"3":{"level":10,"quality":3,"minSavvy":6,"maxSavvy":25},"4":{"level":10,"quality":4,"minSavvy":8,"maxSavvy":30},"5":{"level":10,"quality":5,"minSavvy":10,"maxSavvy":35}},"20":{"1":{"level":20,"quality":1,"minSavvy":2,"maxSavvy":20},"2":{"level":20,"quality":2,"minSavvy":4,"maxSavvy":30},"3":{"level":20,"quality":3,"minSavvy":6,"maxSavvy":40},"4":{"level":20,"quality":4,"minSavvy":8,"maxSavvy":50},"5":{"level":20,"quality":5,"minSavvy":10,"maxSavvy":60}},"30":{"1":{"level":30,"quality":1,"minSavvy":2,"maxSavvy":35},"2":{"level":30,"quality":2,"minSavvy":4,"maxSavvy":50},"3":{"level":30,"quality":3,"minSavvy":6,"maxSavvy":65},"4":{"level":30,"quality":4,"minSavvy":8,"maxSavvy":80},"5":{"level":30,"quality":5,"minSavvy":10,"maxSavvy":95}},"40":{"1":{"level":40,"quality":1,"minSavvy":2,"maxSavvy":80},"2":{"level":40,"quality":2,"minSavvy":4,"maxSavvy":100},"3":{"level":40,"quality":3,"minSavvy":6,"maxSavvy":120},"4":{"level":40,"quality":4,"minSavvy":8,"maxSavvy":140},"5":{"level":40,"quality":5,"minSavvy":10,"maxSavvy":160}},"50":{"1":{"level":50,"quality":1,"minSavvy":2,"maxSavvy":125},"2":{"level":50,"quality":2,"minSavvy":4,"maxSavvy":150},"3":{"level":50,"quality":3,"minSavvy":6,"maxSavvy":175},"4":{"level":50,"quality":4,"minSavvy":8,"maxSavvy":200},"5":{"level":50,"quality":5,"minSavvy":10,"maxSavvy":225}},"60":{"1":{"level":60,"quality":1,"minSavvy":2,"maxSavvy":170},"2":{"level":60,"quality":2,"minSavvy":4,"maxSavvy":200},"3":{"level":60,"quality":3,"minSavvy":6,"maxSavvy":230},"4":{"level":60,"quality":4,"minSavvy":8,"maxSavvy":260},"5":{"level":60,"quality":5,"minSavvy":10,"maxSavvy":290}},"70":{"1":{"level":70,"quality":1,"minSavvy":2,"maxSavvy":265},"2":{"level":70,"quality":2,"minSavvy":4,"maxSavvy":300},"3":{"level":70,"quality":3,"minSavvy":6,"maxSavvy":335},"4":{"level":70,"quality":4,"minSavvy":8,"maxSavvy":370},"5":{"level":70,"quality":5,"minSavvy":10,"maxSavvy":405}},"80":{"1":{"level":80,"quality":1,"minSavvy":2,"maxSavvy":410},"2":{"level":80,"quality":2,"minSavvy":4,"maxSavvy":450},"3":{"level":80,"quality":3,"minSavvy":6,"maxSavvy":490},"4":{"level":80,"quality":4,"minSavvy":8,"maxSavvy":530},"5":{"level":80,"quality":5,"minSavvy":10,"maxSavvy":570}},"90":{"1":{"level":90,"quality":1,"minSavvy":2,"maxSavvy":505},"2":{"level":90,"quality":2,"minSavvy":4,"maxSavvy":550},"3":{"level":90,"quality":3,"minSavvy":6,"maxSavvy":595},"4":{"level":90,"quality":4,"minSavvy":8,"maxSavvy":640},"5":{"level":90,"quality":5,"minSavvy":10,"maxSavvy":685}},"100":{"1":{"level":100,"quality":1,"minSavvy":2,"maxSavvy":600},"2":{"level":100,"quality":2,"minSavvy":4,"maxSavvy":650},"3":{"level":100,"quality":3,"minSavvy":6,"maxSavvy":700},"4":{"level":100,"quality":4,"minSavvy":8,"maxSavvy":750},"5":{"level":100,"quality":5,"minSavvy":10,"maxSavvy":800}}}