{"1":{"level":1,"levelExp":"100","moneyPerGold":350000,"heroNum":1,"petNum":4,"countryPKMaxShengwang":200,"matrixCharNum":1,"playerstandardBattleForce":81,"herostandardBattleForce":73,"referHeroNum":"1","referHeroQuality":"2.0","referSkillNum":"1","referSkillLv":"1.0","referEquipNum":"1","referEquipLv":"1","referBoatFightPoint":"59","referWashAttrNum":"3","referEnhanceEquNum":"6","referHeroPotential":"100","referBoatLv":"1","referBoatQualitySum":"1"},"2":{"level":2,"levelExp":"300","moneyPerGold":350000,"heroNum":1,"petNum":4,"countryPKMaxShengwang":200,"matrixCharNum":1,"playerstandardBattleForce":103,"herostandardBattleForce":92,"referHeroNum":"1","referHeroQuality":"2.0","referSkillNum":"1","referSkillLv":"1.0","referEquipNum":"1","referEquipLv":"1","referBoatFightPoint":"59","referWashAttrNum":"3","referEnhanceEquNum":"6","referHeroPotential":"100","referBoatLv":"1","referBoatQualitySum":"1"},"3":{"level":3,"levelExp":"400","moneyPerGold":350000,"heroNum":1,"petNum":4,"countryPKMaxShengwang":200,"matrixCharNum":1,"playerstandardBattleForce":125,"herostandardBattleForce":112,"referHeroNum":"1","referHeroQuality":"2.0","referSkillNum":"1","referSkillLv":"1.0","referEquipNum":"1","referEquipLv":"1","referBoatFightPoint":"59","referWashAttrNum":"3","referEnhanceEquNum":"6","referHeroPotential":"100","referBoatLv":"1","referBoatQualitySum":"1"},"4":{"level":4,"levelExp":"700","moneyPerGold":350000,"heroNum":1,"petNum":4,"countryPKMaxShengwang":200,"matrixCharNum":1,"playerstandardBattleForce":147,"herostandardBattleForce":132,"referHeroNum":"1","referHeroQuality":"2.0","referSkillNum":"1","referSkillLv":"1.0","referEquipNum":"1","referEquipLv":"1","referBoatFightPoint":"59","referWashAttrNum":"3","referEnhanceEquNum":"6","referHeroPotential":"100","referBoatLv":"1","referBoatQualitySum":"1"},"5":{"level":5,"levelExp":"1300","moneyPerGold":350000,"heroNum":1,"petNum":4,"countryPKMaxShengwang":200,"matrixCharNum":2,"playerstandardBattleForce":169,"herostandardBattleForce":152,"referHeroNum":"1","referHeroQuality":"2.0","referSkillNum":"1","referSkillLv":"1.0","referEquipNum":"1","referEquipLv":"1","referBoatFightPoint":"112","referWashAttrNum":"3","referEnhanceEquNum":"12","referHeroPotential":"101","referBoatLv":"5","referBoatQualitySum":"2"},"6":{"level":6,"levelExp":"1800","moneyPerGold":350000,"heroNum":1,"petNum":4,"countryPKMaxShengwang":200,"matrixCharNum":2,"playerstandardBattleForce":191,"herostandardBattleForce":172,"referHeroNum":"1","referHeroQuality":"2.0","referSkillNum":"4","referSkillLv":"1.0","referEquipNum":"1","referEquipLv":"1","referBoatFightPoint":"112","referWashAttrNum":"3","referEnhanceEquNum":"12","referHeroPotential":"102","referBoatLv":"5","referBoatQualitySum":"2"},"7":{"level":7,"levelExp":"2700","moneyPerGold":350000,"heroNum":1,"petNum":4,"countryPKMaxShengwang":200,"matrixCharNum":2,"playerstandardBattleForce":213,"herostandardBattleForce":192,"referHeroNum":"2","referHeroQuality":"2.0","referSkillNum":"4","referSkillLv":"1.0","referEquipNum":"1","referEquipLv":"1","referBoatFightPoint":"112","referWashAttrNum":"3","referEnhanceEquNum":"12","referHeroPotential":"103","referBoatLv":"5","referBoatQualitySum":"2"},"8":{"level":8,"levelExp":"4600","moneyPerGold":350000,"heroNum":1,"petNum":4,"countryPKMaxShengwang":200,"matrixCharNum":2,"playerstandardBattleForce":235,"herostandardBattleForce":212,"referHeroNum":"2","referHeroQuality":"2.0","referSkillNum":"4","referSkillLv":"1.0","referEquipNum":"1","referEquipLv":"1","referBoatFightPoint":"112","referWashAttrNum":"3","referEnhanceEquNum":"12","referHeroPotential":"104","referBoatLv":"5","referBoatQualitySum":"2"},"9":{"level":9,"levelExp":"7000","moneyPerGold":350000,"heroNum":1,"petNum":4,"countryPKMaxShengwang":200,"matrixCharNum":2,"playerstandardBattleForce":257,"herostandardBattleForce":231,"referHeroNum":"2","referHeroQuality":"2.0","referSkillNum":"4","referSkillLv":"1.0","referEquipNum":"1","referEquipLv":"1","referBoatFightPoint":"112","referWashAttrNum":"3","referEnhanceEquNum":"12","referHeroPotential":"105","referBoatLv":"5","referBoatQualitySum":"2"},"10":{"level":10,"levelExp":"13000","moneyPerGold":350000,"heroNum":2,"petNum":4,"countryPKMaxShengwang":200,"matrixCharNum":3,"playerstandardBattleForce":303,"herostandardBattleForce":273,"referHeroNum":"2","referHeroQuality":"2.0","referSkillNum":"4","referSkillLv":"1.0","referEquipNum":"2","referEquipLv":"10","referBoatFightPoint":"393","referWashAttrNum":"3","referEnhanceEquNum":"18","referBoatRefineLv":"10","referHeroPotential":"106","referBoatLv":"10","referBoatQualitySum":"3"},"11":{"level":11,"levelExp":"19000","moneyPerGold":350000,"heroNum":3,"petNum":4,"countryPKMaxShengwang":200,"matrixCharNum":3,"playerstandardBattleForce":344,"herostandardBattleForce":310,"referHeroNum":"2","referHeroQuality":"2.0","referSkillNum":"4","referSkillLv":"1.0","referEquipNum":"2","referEquipLv":"10","referBoatFightPoint":"393","referWashAttrNum":"3","referEnhanceEquNum":"18","referBoatRefineLv":"10","referHeroPotential":"107","referBoatLv":"10","referBoatQualitySum":"3"},"12":{"level":12,"levelExp":"25000","moneyPerGold":350000,"heroNum":4,"petNum":4,"countryPKMaxShengwang":200,"matrixCharNum":3,"playerstandardBattleForce":385,"herostandardBattleForce":347,"referHeroNum":"2","referHeroQuality":"2.0","referSkillNum":"4","referSkillLv":"1.0","referEquipNum":"2","referEquipLv":"10","referBoatFightPoint":"393","referWashAttrNum":"3","referEnhanceEquNum":"18","referBoatRefineLv":"10","referHeroPotential":"108","referBoatLv":"10","referBoatQualitySum":"3"},"13":{"level":13,"levelExp":"30000","moneyPerGold":350000,"heroNum":4,"petNum":4,"countryPKMaxShengwang":200,"matrixCharNum":3,"playerstandardBattleForce":427,"herostandardBattleForce":384,"petstandardBattleForce":488,"referHeroNum":"2","referHeroQuality":"2.0","referSkillNum":"4","referSkillLv":"1.0","referEquipNum":"3","referEquipLv":"10","referBoatFightPoint":"393","referPetFightPoint":"500","referWashAttrNum":"3","referEnhanceEquNum":"18","referBoatRefineLv":"10","referHeroPotential":"109","referBoatLv":"10","referBoatQualitySum":"3"},"14":{"level":14,"levelExp":"38000","moneyPerGold":350000,"heroNum":4,"petNum":4,"countryPKMaxShengwang":200,"matrixCharNum":3,"playerstandardBattleForce":468,"herostandardBattleForce":421,"petstandardBattleForce":526,"referHeroNum":"2","referHeroQuality":"2.0","referSkillNum":"4","referSkillLv":"1.0","referEquipNum":"5","referEquipLv":"10","referBoatFightPoint":"393","referPetFightPoint":"600","referWashAttrNum":"3","referEnhanceEquNum":"18","referBoatRefineLv":"10","referHeroPotential":"110","referBoatLv":"10","referBoatQualitySum":"3"},"15":{"level":15,"levelExp":"46400","moneyPerGold":350000,"heroNum":5,"petNum":4,"countryPKMaxShengwang":200,"matrixCharNum":3,"playerstandardBattleForce":509,"herostandardBattleForce":458,"petstandardBattleForce":564,"referHeroNum":"3","referHeroQuality":"2.0","referSkillNum":"6","referSkillLv":"1.0","referEquipNum":"5","referEquipLv":"10","referBoatFightPoint":"420","referPetFightPoint":"700","referWashAttrNum":"3","referEnhanceEquNum":"18","referBoatRefineLv":"10","referHeroPotential":"111","referBoatLv":"10","referBoatQualitySum":"4"},"16":{"level":16,"levelExp":"55000","moneyPerGold":350000,"heroNum":5,"petNum":4,"countryPKMaxShengwang":200,"matrixCharNum":3,"playerstandardBattleForce":550,"herostandardBattleForce":495,"petstandardBattleForce":602,"referHeroNum":"3","referHeroQuality":"2.0","referSkillNum":"6","referSkillLv":"1.0","referEquipNum":"6","referEquipLv":"10","referBoatFightPoint":"420","referPetFightPoint":"800","referWashAttrNum":"3","referEnhanceEquNum":"18","referBoatRefineLv":"10","referHeroPotential":"112","referBoatLv":"10","referBoatQualitySum":"4"},"17":{"level":17,"levelExp":"57000","moneyPerGold":350000,"heroNum":5,"petNum":4,"countryPKMaxShengwang":200,"matrixCharNum":3,"playerstandardBattleForce":592,"herostandardBattleForce":532,"petstandardBattleForce":639,"referHeroNum":"3","referHeroQuality":"2.0","referSkillNum":"7","referSkillLv":"1.0","referEquipNum":"7","referEquipLv":"10","referEnhanceLv":"10","referBoatFightPoint":"420","referPetFightPoint":"900","referWashAttrNum":"3","referEnhanceEquNum":"18","referBoatRefineLv":"10","referHeroPotential":"113","referBoatLv":"10","referBoatQualitySum":"4"},"18":{"level":18,"levelExp":"60000","moneyPerGold":350000,"heroNum":5,"petNum":4,"countryPKMaxShengwang":200,"matrixCharNum":3,"playerstandardBattleForce":633,"herostandardBattleForce":570,"petstandardBattleForce":677,"referHeroNum":"3","referHeroQuality":"2.0","referSkillNum":"7","referSkillLv":"1.0","referEquipNum":"8","referEquipLv":"10","referEnhanceLv":"12","referBoatFightPoint":"420","referPetFightPoint":"1000","referWashAttrNum":"3","referEnhanceEquNum":"18","referBoatRefineLv":"10","referHeroPotential":"114","referBoatLv":"10","referBoatQualitySum":"4"},"19":{"level":19,"levelExp":"72000","moneyPerGold":350000,"heroNum":5,"petNum":4,"countryPKMaxShengwang":200,"matrixCharNum":3,"playerstandardBattleForce":674,"herostandardBattleForce":607,"petstandardBattleForce":715,"referHeroNum":"3","referHeroQuality":"2.0","referSkillNum":"8","referSkillLv":"1.0","referEquipNum":"9","referEquipLv":"10","referEnhanceLv":"15","referBoatFightPoint":"420","referPetFightPoint":"1100","referWashAttrNum":"3","referEnhanceEquNum":"18","referBoatRefineLv":"10","referHeroPotential":"115","referBoatLv":"10","referBoatQualitySum":"4"},"20":{"level":20,"levelExp":"90000","moneyPerGold":350000,"heroNum":5,"petNum":4,"countryPKMaxShengwang":200,"matrixCharNum":4,"playerstandardBattleForce":827,"herostandardBattleForce":744,"petstandardBattleForce":905,"referHeroNum":"3","referHeroQuality":"2.0","referSkillNum":"8","referSkillLv":"1.1","referEquipNum":"12","referEquipLv":"20","referEnhanceLv":"17","referBoatFightPoint":"530","referPetFightPoint":"1200","referWashAttrNum":"3","referEnhanceEquNum":"18","referBoatRefineLv":"15","referHeroPotential":"116","referBoatLv":"20","referBoatQualitySum":"5"},"21":{"level":21,"levelExp":"92000","moneyPerGold":350000,"heroNum":6,"petNum":4,"countryPKMaxShengwang":200,"matrixCharNum":4,"playerstandardBattleForce":962,"herostandardBattleForce":865,"petstandardBattleForce":1032,"referHeroNum":"3","referHeroQuality":"2.0","referSkillNum":"9","referSkillLv":"1.2","referEquipNum":"15","referEquipLv":"20","referEnhanceLv":"18","referBoatFightPoint":"530","referPetFightPoint":"1400","referWashAttrNum":"3","referEnhanceEquNum":"18","referBoatRefineLv":"17","referHeroPotential":"117","referBoatLv":"20","referBoatQualitySum":"5"},"22":{"level":22,"levelExp":"98000","moneyPerGold":350000,"heroNum":6,"petNum":4,"countryPKMaxShengwang":200,"matrixCharNum":4,"playerstandardBattleForce":1096,"herostandardBattleForce":987,"petstandardBattleForce":1159,"referHeroNum":"3","referHeroQuality":"2.0","referSkillNum":"9","referSkillLv":"1.3","referEquipNum":"18","referEquipLv":"20","referEnhanceLv":"19","referBoatFightPoint":"530","referPetFightPoint":"1600","referWashAttrNum":"3","referEnhanceEquNum":"18","referBoatRefineLv":"19","referHeroPotential":"118","referBoatLv":"20","referBoatQualitySum":"5"},"23":{"level":23,"levelExp":"106000","moneyPerGold":350000,"heroNum":6,"petNum":4,"countryPKMaxShengwang":200,"matrixCharNum":4,"playerstandardBattleForce":1231,"herostandardBattleForce":1108,"petstandardBattleForce":1220,"referHeroNum":"4","referHeroQuality":"2.5","referSkillNum":"10","referSkillLv":"1.2","referEquipNum":"20","referEquipLv":"20","referEnhanceLv":"20","referBoatFightPoint":"500","referPetFightPoint":"1800","referWashAttrNum":"3","referEnhanceEquNum":"24","referBoatRefineLv":"20","referHeroPotential":"119","referBoatLv":"20","referBoatQualitySum":"6"},"24":{"level":24,"levelExp":"114000","moneyPerGold":350000,"heroNum":6,"petNum":4,"countryPKMaxShengwang":200,"matrixCharNum":4,"playerstandardBattleForce":1367,"herostandardBattleForce":1230,"petstandardBattleForce":1281,"referHeroNum":"4","referHeroQuality":"2.5","referSkillNum":"10","referSkillLv":"1.2","referEquipNum":"24","referEquipLv":"20","referEnhanceLv":"21","referBoatFightPoint":"500","referPetFightPoint":"2000","referWashAttrNum":"3","referEnhanceEquNum":"24","referBoatRefineLv":"20","referHeroPotential":"120","referBoatLv":"20","referBoatQualitySum":"6"},"25":{"level":25,"levelExp":"120000","moneyPerGold":350000,"heroNum":6,"petNum":4,"countryPKMaxShengwang":200,"matrixCharNum":4,"playerstandardBattleForce":1502,"herostandardBattleForce":1352,"petstandardBattleForce":1342,"referHeroNum":"4","referHeroQuality":"2.8","referSkillNum":"11","referSkillLv":"1.2","referEquipNum":"24","referEquipLv":"20","referEnhanceLv":"22","referBoatFightPoint":"500","referPetFightPoint":"2200","referWashAttrNum":"3","referEnhanceEquNum":"24","referBoatRefineLv":"20","referHeroPotential":"121","referBoatLv":"20","referBoatQualitySum":"6"},"26":{"level":26,"levelExp":"129000","moneyPerGold":350000,"heroNum":6,"petNum":4,"countryPKMaxShengwang":200,"matrixCharNum":4,"playerstandardBattleForce":1638,"herostandardBattleForce":1474,"petstandardBattleForce":1403,"referHeroNum":"4","referHeroQuality":"2.8","referSkillNum":"11","referSkillLv":"1.4","referEquipNum":"24","referEquipLv":"20","referEnhanceLv":"23","referBoatFightPoint":"600","referPetFightPoint":"2400","referWashAttrNum":"3","referEnhanceEquNum":"24","referBoatRefineLv":"20","referHeroPotential":"122","referBoatLv":"20","referBoatQualitySum":"6"},"27":{"level":27,"levelExp":"140000","moneyPerGold":350000,"heroNum":6,"petNum":4,"countryPKMaxShengwang":200,"matrixCharNum":4,"playerstandardBattleForce":1774,"herostandardBattleForce":1597,"petstandardBattleForce":1464,"referHeroNum":"4","referHeroQuality":"2.8","referSkillNum":"12","referSkillLv":"1.6","referEquipNum":"24","referEquipLv":"20","referEnhanceLv":"24","referBoatFightPoint":"600","referPetFightPoint":"2600","referWashAttrNum":"3","referEnhanceEquNum":"24","referBoatRefineLv":"20","referHeroPotential":"123","referBoatLv":"20","referBoatQualitySum":"6"},"28":{"level":28,"levelExp":"155000","moneyPerGold":350000,"heroNum":6,"petNum":4,"countryPKMaxShengwang":200,"matrixCharNum":4,"playerstandardBattleForce":1910,"herostandardBattleForce":1719,"petstandardBattleForce":1525,"referHeroNum":"4","referHeroQuality":"2.8","referSkillNum":"13","referSkillLv":"1.8","referEquipNum":"24","referEquipLv":"20","referEnhanceLv":"25","referBoatFightPoint":"600","referPetFightPoint":"2800","referWashAttrNum":"3","referEnhanceEquNum":"24","referBoatRefineLv":"20","referHeroPotential":"124","referBoatLv":"20","referBoatQualitySum":"6"},"29":{"level":29,"levelExp":"170000","moneyPerGold":350000,"heroNum":6,"petNum":4,"countryPKMaxShengwang":200,"matrixCharNum":4,"playerstandardBattleForce":2047,"herostandardBattleForce":1842,"petstandardBattleForce":1586,"referHeroNum":"4","referHeroQuality":"2.8","referSkillNum":"13","referSkillLv":"2.0","referEquipNum":"24","referEquipLv":"20","referEnhanceLv":"25","referBoatFightPoint":"600","referPetFightPoint":"3000","referWashAttrNum":"3","referEnhanceEquNum":"24","referBoatRefineLv":"20","referHeroPotential":"125","referBoatLv":"20","referBoatQualitySum":"6"},"30":{"level":30,"levelExp":"204750","moneyPerGold":350000,"heroNum":6,"petNum":4,"countryPKMaxShengwang":200,"matrixCharNum":4,"playerstandardBattleForce":2614,"herostandardBattleForce":2352,"petstandardBattleForce":1725,"referHeroNum":"4","referHeroQuality":"2.8","referSkillNum":"14","referSkillLv":"2.2","referEquipNum":"24","referEquipLv":"30","referEnhanceLv":"27","referBoatFightPoint":"630","referCrystalLv":"1","referPetFightPoint":"3200","referTransfFightPoint":"250","referWashAttrNum":"3","referEnhanceEquNum":"24","referCrystalEmNum":"16","referAstroNum":"8","referBoatRefineLv":"25","referHeroPotential":"126","referBoatLv":"30","referBoatQualitySum":"4"},"31":{"level":31,"levelExp":"258500","moneyPerGold":350000,"heroNum":7,"petNum":4,"countryPKMaxShengwang":200,"matrixCharNum":4,"playerstandardBattleForce":2869,"herostandardBattleForce":2582,"petstandardBattleForce":1789,"referHeroNum":"4","referHeroQuality":"3.0","referSkillNum":"14","referSkillLv":"2.4","referEquipNum":"24","referEquipLv":"30","referEnhanceLv":"29","referBoatFightPoint":"630","referCrystalLv":"1.2","referPetFightPoint":"3400","referTransfFightPoint":"300","referAstroQuality":"1","referAstroLv":"1","referWashAttrNum":"3","referEnhanceEquNum":"24","referCrystalEmNum":"16","referAstroNum":"8","referBoatRefineLv":"27","referHeroPotential":"127","referBoatLv":"30","referBoatQualitySum":"5"},"32":{"level":32,"levelExp":"322000","moneyPerGold":350000,"heroNum":7,"petNum":4,"countryPKMaxShengwang":200,"matrixCharNum":4,"playerstandardBattleForce":3137,"herostandardBattleForce":2823,"petstandardBattleForce":1853,"referHeroNum":"4","referHeroQuality":"3.0","referSkillNum":"15","referSkillLv":"2.6","referEquipNum":"24","referEquipLv":"30","referEnhanceLv":"31","referBoatFightPoint":"630","referCrystalLv":"1.4","referPetFightPoint":"3600","referTransfFightPoint":"350","referAstroQuality":"2","referAstroLv":"1","referWashAttrNum":"3","referEnhanceEquNum":"24","referCrystalEmNum":"16","referAstroNum":"8","referBoatRefineLv":"29","referHeroPotential":"128","referBoatLv":"30","referBoatQualitySum":"6"},"33":{"level":33,"levelExp":"420000","moneyPerGold":350000,"heroNum":7,"petNum":4,"countryPKMaxShengwang":200,"matrixCharNum":4,"playerstandardBattleForce":3416,"herostandardBattleForce":3075,"petstandardBattleForce":1918,"referHeroNum":"4","referHeroQuality":"3.0","referSkillNum":"15","referSkillLv":"2.8","referEquipNum":"24","referEquipLv":"30","referEnhanceLv":"33","referBoatFightPoint":"630","referCrystalLv":"1.6","referPetFightPoint":"3800","referTransfFightPoint":"400","referAstroQuality":"3","referAstroLv":"1","referWashAttrNum":"3","referEnhanceEquNum":"24","referCrystalEmNum":"16","referAstroNum":"8","referBoatRefineLv":"30","referHeroPotential":"129","referBoatLv":"30","referBoatQualitySum":"7"},"34":{"level":34,"levelExp":"500000","moneyPerGold":350000,"heroNum":7,"petNum":4,"countryPKMaxShengwang":200,"matrixCharNum":4,"playerstandardBattleForce":3708,"herostandardBattleForce":3337,"petstandardBattleForce":1982,"referHeroNum":"4","referHeroQuality":"3.0","referSkillNum":"16","referSkillLv":"3.0","referEquipNum":"24","referEquipLv":"30","referEnhanceLv":"35","referBoatFightPoint":"700","referCrystalLv":"1.8","referPetFightPoint":"4000","referTransfFightPoint":"450","referAstroQuality":"3","referAstroLv":"2","referWashAttrNum":"3","referEnhanceEquNum":"24","referCrystalEmNum":"16","referAstroNum":"8","referBoatRefineLv":"30","referHeroPotential":"130","referBoatLv":"30","referBoatQualitySum":"8"},"35":{"level":35,"levelExp":"624000","moneyPerGold":350000,"heroNum":7,"petNum":4,"countryPKMaxShengwang":200,"matrixCharNum":4,"playerstandardBattleForce":4011,"herostandardBattleForce":3610,"petstandardBattleForce":2023,"referHeroNum":"4","referHeroQuality":"3.0","referSkillNum":"16","referSkillLv":"3.2","referEquipNum":"24","referEquipLv":"30","referEnhanceLv":"35","referBoatFightPoint":"700","referCrystalLv":"2","referPetFightPoint":"4200","referTransfFightPoint":"500","referAstroQuality":"3","referAstroLv":"2","referWashAttrNum":"3","referEnhanceEquNum":"24","referCrystalEmNum":"16","referAstroNum":"8","referBoatRefineLv":"30","referHeroPotential":"131","referBoatLv":"30","referBoatQualitySum":"9"},"36":{"level":36,"levelExp":"742500","moneyPerGold":350000,"heroNum":7,"petNum":4,"countryPKMaxShengwang":200,"matrixCharNum":4,"playerstandardBattleForce":4327,"herostandardBattleForce":3894,"petstandardBattleForce":2064,"referHeroNum":"4","referHeroQuality":"3.0","referSkillNum":"17","referSkillLv":"3.4","referEquipNum":"24","referEquipLv":"30","referEnhanceLv":"35","referBoatFightPoint":"700","referCrystalLv":"2.2","referPetFightPoint":"4400","referTransfFightPoint":"550","referAstroQuality":"3","referAstroLv":"2","referWashAttrNum":"3","referEnhanceEquNum":"24","referCrystalEmNum":"16","referAstroNum":"8","referBoatRefineLv":"30","referHeroPotential":"132","referBoatLv":"30","referBoatQualitySum":"10"},"37":{"level":37,"levelExp":"896000","moneyPerGold":350000,"heroNum":7,"petNum":4,"countryPKMaxShengwang":200,"matrixCharNum":4,"playerstandardBattleForce":4655,"herostandardBattleForce":4189,"petstandardBattleForce":2105,"referHeroNum":"4","referHeroQuality":"3.0","referSkillNum":"17","referSkillLv":"3.6","referEquipNum":"24","referEquipLv":"30","referEnhanceLv":"35","referBoatFightPoint":"700","referCrystalLv":"2.4","referPetFightPoint":"4600","referTransfFightPoint":"600","referAstroQuality":"3","referAstroLv":"3","referWashAttrNum":"3","referEnhanceEquNum":"24","referCrystalEmNum":"16","referAstroNum":"8","referBoatRefineLv":"30","referHeroPotential":"133","referBoatLv":"30","referBoatQualitySum":"10"},"38":{"level":38,"levelExp":"1087500","moneyPerGold":350000,"heroNum":7,"petNum":4,"countryPKMaxShengwang":200,"matrixCharNum":4,"playerstandardBattleForce":4995,"herostandardBattleForce":4495,"petstandardBattleForce":2146,"referHeroNum":"4","referHeroQuality":"3.0","referSkillNum":"18","referSkillLv":"3.8","referEquipNum":"24","referEquipLv":"30","referEnhanceLv":"35","referBoatFightPoint":"700","referCrystalLv":"2.6","referPetFightPoint":"4800","referTransfFightPoint":"650","referAstroQuality":"3","referAstroLv":"3","referWashAttrNum":"3","referEnhanceEquNum":"24","referCrystalEmNum":"16","referAstroNum":"8","referBoatRefineLv":"30","referHeroPotential":"134","referBoatLv":"30","referBoatQualitySum":"10"},"39":{"level":39,"levelExp":"1275000","moneyPerGold":350000,"heroNum":7,"petNum":4,"countryPKMaxShengwang":200,"matrixCharNum":4,"playerstandardBattleForce":5347,"herostandardBattleForce":4812,"petstandardBattleForce":2187,"referHeroNum":"4","referHeroQuality":"3.0","referSkillNum":"18","referSkillLv":"4.0","referEquipNum":"24","referEquipLv":"30","referEnhanceLv":"35","referBoatFightPoint":"700","referCrystalLv":"2.8","referPetFightPoint":"5000","referTransfFightPoint":"700","referAstroQuality":"3","referAstroLv":"3","referWashAttrNum":"3","referEnhanceEquNum":"24","referCrystalEmNum":"16","referAstroNum":"8","referBoatRefineLv":"30","referHeroPotential":"135","referBoatLv":"30","referBoatQualitySum":"10"},"40":{"level":40,"levelExp":"1544730","moneyPerGold":400000,"heroNum":8,"petNum":4,"countryPKMaxShengwang":200,"matrixCharNum":4,"playerstandardBattleForce":5731,"herostandardBattleForce":5158,"petstandardBattleForce":3321,"referHeroNum":"4","referHeroQuality":"3.0","referSkillNum":"19","referSkillLv":"4.2","referEquipNum":"24","referEquipLv":"40","referEnhanceLv":"37","referBoatFightPoint":"800","referCrystalLv":"3","referPetFightPoint":"5200","referTransfFightPoint":"730","referAstroQuality":"4","referAstroLv":"3","referWashAttrNum":"3","referEnhanceEquNum":"24","referCrystalEmNum":"24","referAstroNum":"12","referBoatRefineLv":"35","referHeroPotential":"136","referBoatLv":"40","referBoatQualitySum":"10"},"41":{"level":41,"levelExp":"1697745","moneyPerGold":400000,"heroNum":8,"petNum":4,"countryPKMaxShengwang":200,"matrixCharNum":4,"playerstandardBattleForce":6230,"herostandardBattleForce":5607,"petstandardBattleForce":3498,"referHeroNum":"4","referHeroQuality":"3.0","referSkillNum":"19","referSkillLv":"4.4","referEquipNum":"24","referEquipLv":"40","referEnhanceLv":"39","referBoatFightPoint":"800","referCrystalLv":"3.2","referPetFightPoint":"5400","referTransfFightPoint":"760","referAstroQuality":"4","referAstroLv":"3","referWashAttrNum":"3","referEnhanceEquNum":"24","referCrystalEmNum":"24","referAstroNum":"12","referBoatRefineLv":"37","referHeroPotential":"137","referBoatLv":"40","referBoatQualitySum":"10"},"42":{"level":42,"levelExp":"1860120","moneyPerGold":400000,"heroNum":8,"petNum":4,"countryPKMaxShengwang":200,"matrixCharNum":4,"playerstandardBattleForce":6750,"herostandardBattleForce":6075,"petstandardBattleForce":3676,"referHeroNum":"4","referHeroQuality":"3.0","referSkillNum":"20","referSkillLv":"4.6","referEquipNum":"24","referEquipLv":"40","referEnhanceLv":"41","referBoatFightPoint":"800","referCrystalLv":"3.4","referPetFightPoint":"5600","referTransfFightPoint":"790","referAstroQuality":"4","referAstroLv":"3","referWashAttrNum":"3","referEnhanceEquNum":"24","referCrystalEmNum":"24","referAstroNum":"12","referBoatRefineLv":"39","referHeroPotential":"138","referBoatLv":"40","referBoatQualitySum":"10"},"43":{"level":43,"levelExp":"2032125","moneyPerGold":400000,"heroNum":8,"petNum":4,"countryPKMaxShengwang":200,"matrixCharNum":4,"playerstandardBattleForce":7290,"herostandardBattleForce":6561,"petstandardBattleForce":3855,"referHeroNum":"4","referHeroQuality":"3.0","referSkillNum":"20","referSkillLv":"4.8","referEquipNum":"24","referEquipLv":"40","referEnhanceLv":"43","referBoatFightPoint":"850","referCrystalLv":"3.6","referPetFightPoint":"5800","referTransfFightPoint":"820","referAstroQuality":"4","referAstroLv":"3","referWashAttrNum":"3","referEnhanceEquNum":"24","referCrystalEmNum":"24","referAstroNum":"12","referBoatRefineLv":"40","referHeroPotential":"139","referBoatLv":"40","referBoatQualitySum":"10"},"44":{"level":44,"levelExp":"2214030","moneyPerGold":400000,"heroNum":8,"petNum":4,"countryPKMaxShengwang":200,"matrixCharNum":4,"playerstandardBattleForce":7851,"herostandardBattleForce":7066,"petstandardBattleForce":4034,"referHeroNum":"4","referHeroQuality":"3.0","referSkillNum":"21","referSkillLv":"5.0","referEquipNum":"24","referEquipLv":"40","referEnhanceLv":"45","referBoatFightPoint":"850","referCrystalLv":"3.8","referPetFightPoint":"6000","referTransfFightPoint":"850","referAstroQuality":"4","referAstroLv":"3","referWashAttrNum":"3","referEnhanceEquNum":"24","referCrystalEmNum":"24","referAstroNum":"12","referBoatRefineLv":"40","referHeroPotential":"140","referBoatLv":"40","referBoatQualitySum":"10"},"45":{"level":45,"levelExp":"2406105","moneyPerGold":400000,"heroNum":8,"petNum":5,"countryPKMaxShengwang":200,"matrixCharNum":4,"playerstandardBattleForce":8432,"herostandardBattleForce":7589,"petstandardBattleForce":4213,"referHeroNum":"4","referHeroQuality":"3.3","referSkillNum":"21","referSkillLv":"5.2","referEquipNum":"24","referEquipLv":"40","referEnhanceLv":"45","referBoatFightPoint":"850","referCrystalLv":"4","referPetFightPoint":"6200","referTransfFightPoint":"880","referAstroQuality":"4","referAstroLv":"3","referWashAttrNum":"3","referEnhanceEquNum":"24","referCrystalEmNum":"24","referAstroNum":"12","referBoatRefineLv":"40","referHeroPotential":"141","referBoatLv":"40","referBoatQualitySum":"10"},"46":{"level":46,"levelExp":"2608620","moneyPerGold":400000,"heroNum":8,"petNum":5,"countryPKMaxShengwang":200,"matrixCharNum":4,"playerstandardBattleForce":9034,"herostandardBattleForce":8130,"petstandardBattleForce":4393,"referHeroNum":"4","referHeroQuality":"3.3","referSkillNum":"22","referSkillLv":"5.4","referEquipNum":"24","referEquipLv":"40","referEnhanceLv":"45","referBoatFightPoint":"900","referCrystalLv":"4.1","referPetFightPoint":"6400","referTransfFightPoint":"910","referAstroQuality":"4","referAstroLv":"3","referWashAttrNum":"3","referEnhanceEquNum":"24","referCrystalEmNum":"24","referAstroNum":"12","referBoatRefineLv":"40","referHeroPotential":"142","referBoatLv":"40","referBoatQualitySum":"10"},"47":{"level":47,"levelExp":"2821845","moneyPerGold":400000,"heroNum":8,"petNum":5,"countryPKMaxShengwang":200,"matrixCharNum":4,"playerstandardBattleForce":9656,"herostandardBattleForce":8690,"petstandardBattleForce":4573,"referHeroNum":"4","referHeroQuality":"3.3","referSkillNum":"22","referSkillLv":"5.6","referEquipNum":"24","referEquipLv":"40","referEnhanceLv":"45","referBoatFightPoint":"900","referCrystalLv":"4.2","referPetFightPoint":"6600","referTransfFightPoint":"940","referAstroQuality":"4","referAstroLv":"3","referWashAttrNum":"3","referEnhanceEquNum":"24","referCrystalEmNum":"24","referAstroNum":"12","referBoatRefineLv":"40","referHeroPotential":"143","referBoatLv":"40","referBoatQualitySum":"10"},"48":{"level":48,"levelExp":"3046050","moneyPerGold":400000,"heroNum":8,"petNum":5,"countryPKMaxShengwang":200,"matrixCharNum":4,"playerstandardBattleForce":10299,"herostandardBattleForce":9269,"petstandardBattleForce":4753,"referHeroNum":"4","referHeroQuality":"3.5","referSkillNum":"22","referSkillLv":"5.8","referEquipNum":"24","referEquipLv":"40","referEnhanceLv":"45","referBoatFightPoint":"900","referCrystalLv":"4.3","referPetFightPoint":"6800","referTransfFightPoint":"970","referAstroQuality":"4","referAstroLv":"3","referWashAttrNum":"3","referEnhanceEquNum":"24","referCrystalEmNum":"24","referAstroNum":"12","referBoatRefineLv":"40","referHeroPotential":"144","referBoatLv":"40","referBoatQualitySum":"10"},"49":{"level":49,"levelExp":"3281505","moneyPerGold":400000,"heroNum":8,"petNum":5,"countryPKMaxShengwang":200,"matrixCharNum":4,"playerstandardBattleForce":10962,"herostandardBattleForce":9866,"petstandardBattleForce":4934,"referHeroNum":"4","referHeroQuality":"3.5","referSkillNum":"22","referSkillLv":"6.0","referEquipNum":"24","referEquipLv":"40","referEnhanceLv":"45","referBoatFightPoint":"900","referCrystalLv":"4.4","referPetFightPoint":"7000","referTransfFightPoint":"1000","referAstroQuality":"4","referAstroLv":"3","referWashAttrNum":"3","referEnhanceEquNum":"24","referCrystalEmNum":"24","referAstroNum":"12","referBoatRefineLv":"40","referHeroPotential":"145","referBoatLv":"40","referBoatQualitySum":"10"},"50":{"level":50,"levelExp":"3771063","moneyPerGold":400000,"heroNum":8,"petNum":5,"countryPKMaxShengwang":200,"matrixCharNum":4,"playerstandardBattleForce":11460,"herostandardBattleForce":10314,"petstandardBattleForce":5755,"referHeroNum":"4","referHeroQuality":"3.5","referSkillNum":"22","referSkillLv":"6.2","referEquipNum":"24","referEquipLv":"50","referEnhanceLv":"47","referBoatFightPoint":"1400","referCrystalLv":"4.5","referGemLv":"1","referPetFightPoint":"7200","referTransfFightPoint":"1030","referAstroQuality":"4","referAstroLv":"4","referWashAttrNum":"3","referEnhanceEquNum":"24","referCrystalEmNum":"24","referAstroNum":"16","referBoatRefineLv":"45","referHeroPotential":"145","referBoatLv":"50","referBoatQualitySum":"8"},"51":{"level":51,"levelExp":"4051205","moneyPerGold":400000,"heroNum":9,"petNum":5,"countryPKMaxShengwang":200,"matrixCharNum":4,"playerstandardBattleForce":12349,"herostandardBattleForce":11114,"petstandardBattleForce":5960,"referHeroNum":"4","referHeroQuality":"3.8","referSkillNum":"22","referSkillLv":"6.4","referEquipNum":"24","referEquipLv":"50","referEnhanceLv":"49","referBoatFightPoint":"1450","referCrystalLv":"4.6","referGemLv":"1.4","referPetFightPoint":"7450","referTransfFightPoint":"1060","referAstroQuality":"4","referAstroLv":"4","referWashAttrNum":"3","referEnhanceEquNum":"24","referCrystalEmNum":"24","referAstroNum":"16","referBoatRefineLv":"47","referHeroPotential":"145","referBoatLv":"50","referBoatQualitySum":"10"},"52":{"level":52,"levelExp":"4344522","moneyPerGold":400000,"heroNum":9,"petNum":5,"countryPKMaxShengwang":200,"matrixCharNum":4,"playerstandardBattleForce":13252,"herostandardBattleForce":11927,"petstandardBattleForce":6164,"referHeroNum":"4","referHeroQuality":"3.8","referSkillNum":"22","referSkillLv":"6.6","referEquipNum":"24","referEquipLv":"50","referEnhanceLv":"51","referBoatFightPoint":"1500","referCrystalLv":"4.7","referGemLv":"1.8","referPetFightPoint":"7700","referTransfFightPoint":"1090","referAstroQuality":"4","referAstroLv":"4","referWashAttrNum":"3","referEnhanceEquNum":"24","referCrystalEmNum":"24","referAstroNum":"16","referBoatRefineLv":"49","referHeroPotential":"145","referBoatLv":"50","referBoatQualitySum":"12"},"53":{"level":53,"levelExp":"4651313","moneyPerGold":400000,"heroNum":9,"petNum":5,"countryPKMaxShengwang":200,"matrixCharNum":4,"playerstandardBattleForce":14168,"herostandardBattleForce":12751,"petstandardBattleForce":6370,"referHeroNum":"4","referHeroQuality":"3.8","referSkillNum":"22","referSkillLv":"6.8","referEquipNum":"24","referEquipLv":"50","referEnhanceLv":"53","referBoatFightPoint":"1550","referCrystalLv":"4.8","referGemLv":"2.2","referPetFightPoint":"7950","referTransfFightPoint":"1120","referAstroQuality":"4","referAstroLv":"4","referWashAttrNum":"3","referEnhanceEquNum":"24","referCrystalEmNum":"24","referAstroNum":"16","referBoatRefineLv":"50","referHeroPotential":"145","referBoatLv":"50","referBoatQualitySum":"14"},"54":{"level":54,"levelExp":"4971873","moneyPerGold":400000,"heroNum":9,"petNum":5,"countryPKMaxShengwang":200,"matrixCharNum":4,"playerstandardBattleForce":15098,"herostandardBattleForce":13588,"petstandardBattleForce":6575,"referHeroNum":"4","referHeroQuality":"4.0","referSkillNum":"22","referSkillLv":"7.0","referEquipNum":"24","referEquipLv":"50","referEnhanceLv":"55","referBoatFightPoint":"1600","referCrystalLv":"4.9","referGemLv":"2.6","referPetFightPoint":"8200","referTransfFightPoint":"1150","referAstroQuality":"4","referAstroLv":"4","referWashAttrNum":"3","referEnhanceEquNum":"24","referCrystalEmNum":"24","referAstroNum":"16","referBoatRefineLv":"50","referHeroPotential":"145","referBoatLv":"50","referBoatQualitySum":"14"},"55":{"level":55,"levelExp":"5306501","moneyPerGold":400000,"heroNum":9,"petNum":6,"countryPKMaxShengwang":200,"matrixCharNum":4,"playerstandardBattleForce":16041,"herostandardBattleForce":14437,"petstandardBattleForce":8051,"referHeroNum":"4","referHeroQuality":"4.0","referSkillNum":"22","referSkillLv":"7.2","referEquipNum":"24","referEquipLv":"50","referEnhanceLv":"55","referBoatFightPoint":"1650","referCrystalLv":"5","referGemLv":"3","referPetFightPoint":"8450","referTransfFightPoint":"1180","referAstroQuality":"4","referAstroLv":"5","referWashAttrNum":"3","referEnhanceEquNum":"24","referCrystalEmNum":"24","referGemEmNum":"72","referAstroNum":"16","referBoatRefineLv":"50","referHeroPotential":"145","referBoatLv":"50","referBoatQualitySum":"14"},"56":{"level":56,"levelExp":"5655492","moneyPerGold":400000,"heroNum":9,"petNum":6,"countryPKMaxShengwang":200,"matrixCharNum":4,"playerstandardBattleForce":16997,"herostandardBattleForce":15298,"petstandardBattleForce":8204,"referHeroNum":"4","referHeroQuality":"4.0","referSkillNum":"22","referSkillLv":"7.4","referEquipNum":"24","referEquipLv":"50","referEnhanceLv":"55","referBoatFightPoint":"1700","referCrystalLv":"5.1","referGemLv":"3.2","referPetFightPoint":"8700","referTransfFightPoint":"1210","referAstroQuality":"4","referAstroLv":"5","referWashAttrNum":"3","referEnhanceEquNum":"24","referCrystalEmNum":"24","referGemEmNum":"72","referAstroNum":"16","referBoatRefineLv":"50","referHeroPotential":"145","referBoatLv":"50","referBoatQualitySum":"14"},"57":{"level":57,"levelExp":"6019145","moneyPerGold":400000,"heroNum":9,"petNum":6,"countryPKMaxShengwang":200,"matrixCharNum":4,"playerstandardBattleForce":17968,"herostandardBattleForce":16171,"petstandardBattleForce":8302,"referHeroNum":"4","referHeroQuality":"4.0","referSkillNum":"22","referSkillLv":"7.6","referEquipNum":"24","referEquipLv":"50","referEnhanceLv":"55","referBoatFightPoint":"1750","referCrystalLv":"5.2","referGemLv":"3.4","referPetFightPoint":"8950","referTransfFightPoint":"1240","referAstroQuality":"4","referAstroLv":"5","referWashAttrNum":"3","referEnhanceEquNum":"24","referCrystalEmNum":"24","referGemEmNum":"72","referAstroNum":"16","referBoatRefineLv":"50","referHeroPotential":"145","referBoatLv":"50","referBoatQualitySum":"14"},"58":{"level":58,"levelExp":"6397755","moneyPerGold":400000,"heroNum":9,"petNum":6,"countryPKMaxShengwang":200,"matrixCharNum":4,"playerstandardBattleForce":18952,"herostandardBattleForce":17057,"petstandardBattleForce":8401,"referHeroNum":"4","referHeroQuality":"4.0","referSkillNum":"22","referSkillLv":"7.8","referEquipNum":"24","referEquipLv":"50","referEnhanceLv":"55","referBoatFightPoint":"1800","referCrystalLv":"5.3","referGemLv":"3.6","referPetFightPoint":"9200","referTransfFightPoint":"1270","referAstroQuality":"4","referAstroLv":"5","referWashAttrNum":"3","referEnhanceEquNum":"24","referCrystalEmNum":"24","referGemEmNum":"72","referAstroNum":"16","referBoatRefineLv":"50","referHeroPotential":"145","referBoatLv":"50","referBoatQualitySum":"14"},"59":{"level":59,"levelExp":"6791621","moneyPerGold":400000,"heroNum":9,"petNum":6,"countryPKMaxShengwang":200,"matrixCharNum":4,"playerstandardBattleForce":19950,"herostandardBattleForce":17955,"petstandardBattleForce":8500,"referHeroNum":"4","referHeroQuality":"4.0","referSkillNum":"22","referSkillLv":"8.0","referEquipNum":"24","referEquipLv":"50","referEnhanceLv":"55","referBoatFightPoint":"1800","referCrystalLv":"5.4","referGemLv":"3.8","referPetFightPoint":"9450","referTransfFightPoint":"1300","referAstroQuality":"4","referAstroLv":"5","referWashAttrNum":"3","referEnhanceEquNum":"24","referCrystalEmNum":"24","referGemEmNum":"72","referAstroNum":"16","referBoatRefineLv":"50","referHeroPotential":"145","referBoatLv":"50","referBoatQualitySum":"14"},"60":{"level":60,"levelExp":"7710846","moneyPerGold":400000,"heroNum":9,"petNum":6,"countryPKMaxShengwang":200,"matrixCharNum":4,"playerstandardBattleForce":21135,"herostandardBattleForce":19022,"petstandardBattleForce":9946,"referHeroNum":"4","referHeroQuality":"4.5","referSkillNum":"22","referSkillLv":"8.2","referEquipNum":"24","referEquipLv":"60","referEnhanceLv":"57","referBoatFightPoint":"2000","referCrystalLv":"5.5","referGemLv":"4","referPetFightPoint":"9700","referTransfFightPoint":"1330","referAstroQuality":"4","referAstroLv":"5","referWashAttrNum":"3","referEnhanceEquNum":"24","referCrystalEmNum":"56","referGemEmNum":"72","referAstroNum":"20","referBoatRefineLv":"55","referHeroPotential":"145","referBoatLv":"60","referBoatQualitySum":"14"},"61":{"level":61,"levelExp":"8334579","moneyPerGold":400000,"heroNum":9,"petNum":6,"countryPKMaxShengwang":200,"matrixCharNum":4,"playerstandardBattleForce":22502,"herostandardBattleForce":20252,"petstandardBattleForce":10437,"referHeroNum":"4","referHeroQuality":"4.5","referSkillNum":"22","referSkillLv":"8.4","referEquipNum":"24","referEquipLv":"60","referEnhanceLv":"59","referBoatFightPoint":"2200","referCrystalLv":"5.6","referGemLv":"4.2","referPetFightPoint":"9950","referTransfFightPoint":"1380","referAstroQuality":"5","referAstroLv":"5","referWashAttrNum":"3","referEnhanceEquNum":"24","referCrystalEmNum":"56","referGemEmNum":"72","referAstroNum":"20","referBoatRefineLv":"57","referHeroPotential":"145","referBoatLv":"60","referBoatQualitySum":"14"},"62":{"level":62,"levelExp":"8986824","moneyPerGold":400000,"heroNum":9,"petNum":6,"countryPKMaxShengwang":200,"matrixCharNum":4,"playerstandardBattleForce":23891,"herostandardBattleForce":21502,"petstandardBattleForce":10930,"referHeroNum":"4","referHeroQuality":"4.5","referSkillNum":"22","referSkillLv":"8.6","referEquipNum":"24","referEquipLv":"60","referEnhanceLv":"61","referBoatFightPoint":"2400","referCrystalLv":"5.7","referGemLv":"4.4","referPetFightPoint":"10200","referTransfFightPoint":"1430","referAstroQuality":"5","referAstroLv":"5","referWashAttrNum":"3","referEnhanceEquNum":"24","referCrystalEmNum":"56","referGemEmNum":"72","referAstroNum":"20","referBoatRefineLv":"59","referHeroPotential":"145","referBoatLv":"60","referBoatQualitySum":"14"},"63":{"level":63,"levelExp":"9668175","moneyPerGold":400000,"heroNum":9,"petNum":6,"countryPKMaxShengwang":200,"matrixCharNum":4,"playerstandardBattleForce":25303,"herostandardBattleForce":22772,"petstandardBattleForce":11424,"referHeroNum":"4","referHeroQuality":"4.5","referSkillNum":"22","referSkillLv":"8.8","referEquipNum":"24","referEquipLv":"60","referEnhanceLv":"63","referBoatFightPoint":"2600","referCrystalLv":"5.8","referGemLv":"4.6","referPetFightPoint":"10450","referTransfFightPoint":"1480","referAstroQuality":"5","referAstroLv":"5","referWashAttrNum":"3","referEnhanceEquNum":"24","referCrystalEmNum":"56","referGemEmNum":"72","referAstroNum":"20","referBoatRefineLv":"60","referHeroPotential":"145","referBoatLv":"60","referBoatQualitySum":"14"},"64":{"level":64,"levelExp":"10379226","moneyPerGold":400000,"heroNum":9,"petNum":6,"countryPKMaxShengwang":200,"matrixCharNum":4,"playerstandardBattleForce":26737,"herostandardBattleForce":24063,"petstandardBattleForce":11921,"referHeroNum":"4","referHeroQuality":"4.5","referSkillNum":"22","referSkillLv":"9.0","referEquipNum":"24","referEquipLv":"60","referEnhanceLv":"65","referBoatFightPoint":"2650","referCrystalLv":"5.9","referGemLv":"4.8","referPetFightPoint":"10700","referTransfFightPoint":"1530","referAstroQuality":"5","referAstroLv":"5","referWashAttrNum":"3","referEnhanceEquNum":"24","referCrystalEmNum":"56","referGemEmNum":"72","referAstroNum":"20","referBoatRefineLv":"60","referHeroPotential":"145","referBoatLv":"60","referBoatQualitySum":"14"},"65":{"level":65,"levelExp":"11120571","moneyPerGold":400000,"heroNum":9,"petNum":6,"countryPKMaxShengwang":200,"matrixCharNum":4,"playerstandardBattleForce":28194,"herostandardBattleForce":25374,"petstandardBattleForce":12420,"referHeroNum":"4","referHeroQuality":"4.5","referSkillNum":"22","referSkillLv":"9.2","referEquipNum":"24","referEquipLv":"60","referEnhanceLv":"65","referBoatFightPoint":"2700","referCrystalLv":"6","referGemLv":"5","referPetFightPoint":"10950","referTransfFightPoint":"1580","referAstroQuality":"5","referAstroLv":"5","referWashAttrNum":"3","referEnhanceEquNum":"24","referCrystalEmNum":"56","referGemEmNum":"72","referAstroNum":"20","referBoatRefineLv":"60","referHeroPotential":"145","referBoatLv":"60","referBoatQualitySum":"14"},"66":{"level":66,"levelExp":"11892804","moneyPerGold":400000,"heroNum":9,"petNum":6,"countryPKMaxShengwang":200,"matrixCharNum":4,"playerstandardBattleForce":29674,"herostandardBattleForce":26706,"petstandardBattleForce":12921,"referHeroNum":"4","referHeroQuality":"5.0","referSkillNum":"22","referSkillLv":"9.4","referEquipNum":"24","referEquipLv":"60","referEnhanceLv":"65","referBoatFightPoint":"2800","referCrystalLv":"6.1","referGemLv":"5.2","referPetFightPoint":"11200","referTransfFightPoint":"1630","referAstroQuality":"5","referAstroLv":"6","referWashAttrNum":"3","referEnhanceEquNum":"24","referCrystalEmNum":"56","referGemEmNum":"72","referAstroNum":"20","referBoatRefineLv":"60","referHeroPotential":"145","referBoatLv":"60","referBoatQualitySum":"14"},"67":{"level":67,"levelExp":"12696519","moneyPerGold":400000,"heroNum":9,"petNum":6,"countryPKMaxShengwang":200,"matrixCharNum":4,"playerstandardBattleForce":31177,"herostandardBattleForce":28059,"petstandardBattleForce":13424,"referHeroNum":"4","referHeroQuality":"5.0","referSkillNum":"22","referSkillLv":"9.6","referEquipNum":"24","referEquipLv":"60","referEnhanceLv":"65","referBoatFightPoint":"2900","referCrystalLv":"6.2","referGemLv":"5.4","referPetFightPoint":"11450","referTransfFightPoint":"1680","referAstroQuality":"5","referAstroLv":"6","referWashAttrNum":"3","referEnhanceEquNum":"24","referCrystalEmNum":"56","referGemEmNum":"72","referAstroNum":"20","referBoatRefineLv":"60","referHeroPotential":"145","referBoatLv":"60","referBoatQualitySum":"14"},"68":{"level":68,"levelExp":"13532310","moneyPerGold":400000,"heroNum":9,"petNum":6,"countryPKMaxShengwang":200,"matrixCharNum":4,"playerstandardBattleForce":32703,"herostandardBattleForce":29433,"petstandardBattleForce":13929,"referHeroNum":"4","referHeroQuality":"5.0","referSkillNum":"22","referSkillLv":"9.8","referEquipNum":"24","referEquipLv":"60","referEnhanceLv":"65","referBoatFightPoint":"3000","referCrystalLv":"6.3","referGemLv":"5.6","referPetFightPoint":"11700","referTransfFightPoint":"1730","referAstroQuality":"5","referAstroLv":"6","referWashAttrNum":"3","referEnhanceEquNum":"24","referCrystalEmNum":"56","referGemEmNum":"72","referAstroNum":"20","referBoatRefineLv":"60","referHeroPotential":"145","referBoatLv":"60","referBoatQualitySum":"14"},"69":{"level":69,"levelExp":"14400771","moneyPerGold":400000,"heroNum":9,"petNum":6,"countryPKMaxShengwang":200,"matrixCharNum":4,"playerstandardBattleForce":34252,"herostandardBattleForce":30827,"petstandardBattleForce":14436,"referHeroNum":"4","referHeroQuality":"5.0","referSkillNum":"22","referSkillLv":"10.0","referEquipNum":"24","referEquipLv":"60","referEnhanceLv":"65","referBoatFightPoint":"3000","referCrystalLv":"6.4","referGemLv":"5.8","referPetFightPoint":"11950","referTransfFightPoint":"1780","referAstroQuality":"5","referAstroLv":"6","referWashAttrNum":"3","referEnhanceEquNum":"24","referCrystalEmNum":"56","referGemEmNum":"72","referAstroNum":"20","referBoatRefineLv":"60","referHeroPotential":"145","referBoatLv":"60","referBoatQualitySum":"14"},"70":{"level":70,"levelExp":"16215429","moneyPerGold":400000,"heroNum":9,"petNum":6,"countryPKMaxShengwang":200,"matrixCharNum":4,"playerstandardBattleForce":36474,"herostandardBattleForce":32826,"petstandardBattleForce":17934,"referHeroNum":"4","referHeroQuality":"5.3","referSkillNum":"22","referSkillLv":"10.0","referEquipNum":"24","referEquipLv":"70","referEnhanceLv":"67","referBoatFightPoint":"3500","referCrystalLv":"6.5","referGemLv":"6","referPetFightPoint":"12200","referTransfFightPoint":"1830","referAstroQuality":"5","referAstroLv":"6","referWashAttrNum":"3","referEnhanceEquNum":"24","referCrystalEmNum":"56","referGemEmNum":"96","referAstroNum":"24","referBoatRefineLv":"65","referHeroPotential":"145","referBoatLv":"70","referBoatQualitySum":"18"},"71":{"level":71,"levelExp":"16976174","moneyPerGold":400000,"heroNum":9,"petNum":6,"countryPKMaxShengwang":200,"matrixCharNum":4,"playerstandardBattleForce":38771,"herostandardBattleForce":34893,"petstandardBattleForce":21461,"referHeroNum":"4","referHeroQuality":"5.3","referSkillNum":"22","referSkillLv":"10.0","referEquipNum":"24","referEquipLv":"70","referEnhanceLv":"69","referBoatFightPoint":"3700","referCrystalLv":"6.6","referGemLv":"6.2","referPetFightPoint":"12500","referTransfFightPoint":"1900","referAstroQuality":"5","referAstroLv":"7","referWashAttrNum":"3","referEnhanceEquNum":"24","referCrystalEmNum":"56","referGemEmNum":"96","referAstroNum":"24","referBoatRefineLv":"67","referHeroPotential":"145","referBoatLv":"70","referBoatQualitySum":"18"},"72":{"level":72,"levelExp":"17760246","moneyPerGold":400000,"heroNum":9,"petNum":6,"countryPKMaxShengwang":200,"matrixCharNum":4,"playerstandardBattleForce":41143,"herostandardBattleForce":37029,"petstandardBattleForce":21935,"referHeroNum":"4","referHeroQuality":"5.6","referSkillNum":"22","referSkillLv":"10.0","referEquipNum":"24","referEquipLv":"70","referEnhanceLv":"71","referBoatFightPoint":"3900","referCrystalLv":"6.7","referGemLv":"6.4","referPetFightPoint":"12800","referTransfFightPoint":"1970","referAstroQuality":"5","referAstroLv":"7","referWashAttrNum":"3","referEnhanceEquNum":"24","referCrystalEmNum":"56","referGemEmNum":"96","referAstroNum":"24","referBoatRefineLv":"69","referHeroPotential":"145","referBoatLv":"70","referBoatQualitySum":"18"},"73":{"level":73,"levelExp":"18567998","moneyPerGold":400000,"heroNum":9,"petNum":6,"countryPKMaxShengwang":200,"matrixCharNum":4,"playerstandardBattleForce":43593,"herostandardBattleForce":39234,"petstandardBattleForce":22118,"referHeroNum":"4","referHeroQuality":"5.6","referSkillNum":"22","referSkillLv":"10.0","referEquipNum":"24","referEquipLv":"70","referEnhanceLv":"73","referBoatFightPoint":"4000","referCrystalLv":"6.8","referGemLv":"6.6","referPetFightPoint":"13100","referTransfFightPoint":"2040","referAstroQuality":"5","referAstroLv":"7","referWashAttrNum":"3","referEnhanceEquNum":"24","referCrystalEmNum":"56","referGemEmNum":"96","referAstroNum":"24","referBoatRefineLv":"70","referHeroPotential":"145","referBoatLv":"70","referBoatQualitySum":"18"},"74":{"level":74,"levelExp":"19399779","moneyPerGold":400000,"heroNum":9,"petNum":6,"countryPKMaxShengwang":200,"matrixCharNum":4,"playerstandardBattleForce":46120,"herostandardBattleForce":41508,"petstandardBattleForce":22301,"referHeroNum":"4","referHeroQuality":"6.0","referSkillNum":"22","referSkillLv":"10.0","referEquipNum":"24","referEquipLv":"70","referEnhanceLv":"75","referBoatFightPoint":"4050","referCrystalLv":"6.9","referGemLv":"6.8","referPetFightPoint":"13400","referTransfFightPoint":"2110","referAstroQuality":"5","referAstroLv":"7","referWashAttrNum":"3","referEnhanceEquNum":"24","referCrystalEmNum":"56","referGemEmNum":"96","referAstroNum":"24","referBoatRefineLv":"70","referHeroPotential":"145","referBoatLv":"70","referBoatQualitySum":"18"},"75":{"level":75,"levelExp":"20255942","moneyPerGold":400000,"heroNum":9,"petNum":6,"countryPKMaxShengwang":200,"matrixCharNum":4,"playerstandardBattleForce":48726,"herostandardBattleForce":43853,"petstandardBattleForce":22484,"referHeroNum":"4","referHeroQuality":"6.0","referSkillNum":"22","referSkillLv":"10.0","referEquipNum":"24","referEquipLv":"70","referEnhanceLv":"75","referBoatFightPoint":"4100","referCrystalLv":"7","referGemLv":"7","referPetFightPoint":"13700","referTransfFightPoint":"2180","referAstroQuality":"5","referAstroLv":"7","referWashAttrNum":"3","referEnhanceEquNum":"24","referCrystalEmNum":"56","referGemEmNum":"96","referAstroNum":"24","referBoatRefineLv":"70","referHeroPotential":"145","referBoatLv":"70","referBoatQualitySum":"18"},"76":{"level":76,"levelExp":"21136836","moneyPerGold":400000,"heroNum":9,"petNum":6,"countryPKMaxShengwang":200,"matrixCharNum":4,"playerstandardBattleForce":51410,"herostandardBattleForce":46269,"petstandardBattleForce":22667,"referHeroNum":"4","referHeroQuality":"6.0","referSkillNum":"22","referSkillLv":"10.0","referEquipNum":"24","referEquipLv":"70","referEnhanceLv":"75","referBoatFightPoint":"4150","referCrystalLv":"7.2","referGemLv":"7.2","referPetFightPoint":"14000","referTransfFightPoint":"2250","referAstroQuality":"5","referAstroLv":"8","referWashAttrNum":"3","referEnhanceEquNum":"24","referCrystalEmNum":"56","referGemEmNum":"96","referAstroNum":"24","referBoatRefineLv":"70","referHeroPotential":"145","referBoatLv":"70","referBoatQualitySum":"18"},"77":{"level":77,"levelExp":"22042814","moneyPerGold":400000,"heroNum":9,"petNum":6,"countryPKMaxShengwang":200,"matrixCharNum":4,"playerstandardBattleForce":54174,"herostandardBattleForce":48757,"petstandardBattleForce":22851,"referHeroNum":"4","referHeroQuality":"6.0","referSkillNum":"22","referSkillLv":"10.0","referEquipNum":"24","referEquipLv":"70","referEnhanceLv":"75","referBoatFightPoint":"4200","referCrystalLv":"7.4","referGemLv":"7.4","referPetFightPoint":"14300","referTransfFightPoint":"2320","referAstroQuality":"5","referAstroLv":"8","referWashAttrNum":"3","referEnhanceEquNum":"24","referCrystalEmNum":"56","referGemEmNum":"96","referAstroNum":"24","referBoatRefineLv":"70","referHeroPotential":"145","referBoatLv":"70","referBoatQualitySum":"18"},"78":{"level":78,"levelExp":"22974225","moneyPerGold":400000,"heroNum":9,"petNum":6,"countryPKMaxShengwang":200,"matrixCharNum":4,"playerstandardBattleForce":57019,"herostandardBattleForce":51317,"petstandardBattleForce":23035,"referHeroNum":"4","referHeroQuality":"6.0","referSkillNum":"22","referSkillLv":"10.0","referEquipNum":"24","referEquipLv":"70","referEnhanceLv":"75","referBoatFightPoint":"4250","referCrystalLv":"7.6","referGemLv":"7.6","referPetFightPoint":"14600","referTransfFightPoint":"2390","referAstroQuality":"5","referAstroLv":"8","referWashAttrNum":"3","referEnhanceEquNum":"24","referCrystalEmNum":"56","referGemEmNum":"96","referAstroNum":"24","referBoatRefineLv":"70","referHeroPotential":"145","referBoatLv":"70","referBoatQualitySum":"18"},"79":{"level":79,"levelExp":"23931422","moneyPerGold":400000,"heroNum":9,"petNum":6,"countryPKMaxShengwang":200,"matrixCharNum":4,"playerstandardBattleForce":59945,"herostandardBattleForce":53950,"petstandardBattleForce":23219,"referHeroNum":"4","referHeroQuality":"6.0","referSkillNum":"22","referSkillLv":"10.0","referEquipNum":"24","referEquipLv":"70","referEnhanceLv":"75","referBoatFightPoint":"4300","referCrystalLv":"7.8","referGemLv":"7.8","referPetFightPoint":"14900","referTransfFightPoint":"2460","referAstroQuality":"5","referAstroLv":"8","referWashAttrNum":"3","referEnhanceEquNum":"24","referCrystalEmNum":"56","referGemEmNum":"96","referAstroNum":"24","referBoatRefineLv":"70","referHeroPotential":"145","referBoatLv":"70","referBoatQualitySum":"18"},"80":{"level":80,"levelExp":"26393712","moneyPerGold":400000,"heroNum":9,"petNum":6,"countryPKMaxShengwang":200,"matrixCharNum":4,"playerstandardBattleForce":62953,"herostandardBattleForce":56658,"petstandardBattleForce":29254,"referHeroNum":"4","referHeroQuality":"6.0","referSkillNum":"22","referSkillLv":"10.0","referEquipNum":"24","referEquipLv":"80","referEnhanceLv":"85","referBoatFightPoint":"4350","referCrystalLv":"8","referGemLv":"8","referPetFightPoint":"15200","referTransfFightPoint":"2530","referAstroQuality":"5","referAstroLv":"8","referWashAttrNum":"3","referEnhanceEquNum":"24","referCrystalEmNum":"70","referGemEmNum":"96","referAstroNum":"28","referBoatRefineLv":"80","referHeroPotential":"145","referBoatLv":"80","referBoatQualitySum":"18"}}