{"1":{"id":1,"name":"i18n_900150000","effect":"1-20,2-10,4-100","needReputation":200,"salary":5000,"color":1},"2":{"id":2,"name":"i18n_900150001","effect":"1-40,2-20,4-200","needReputation":400,"salary":10000,"color":1},"3":{"id":3,"name":"i18n_900150002","effect":"1-80,2-40,4-400","needReputation":600,"salary":15000,"color":1},"4":{"id":4,"name":"i18n_900150003","effect":"1-120,2-60,4-600","needReputation":900,"salary":20000,"color":1},"5":{"id":5,"name":"i18n_900150004","effect":"1-160,2-80,4-800","needReputation":1750,"salary":25000,"color":1},"6":{"id":6,"name":"i18n_900150005","effect":"1-200,2-100,4-1000","needReputation":3250,"salary":30000,"color":1},"7":{"id":7,"name":"i18n_900150006","effect":"1-300,2-150,4-1500","needReputation":5750,"salary":50000,"color":2},"8":{"id":8,"name":"i18n_900150007","effect":"1-400,2-200,4-2000","needReputation":9250,"salary":60000,"color":2},"9":{"id":9,"name":"i18n_900150008","effect":"1-500,2-250,4-2500","needReputation":14250,"salary":70000,"color":2},"10":{"id":10,"name":"i18n_900150009","effect":"1-600,2-300,4-3000","needReputation":20250,"salary":80000,"color":2},"11":{"id":11,"name":"i18n_900150010","effect":"1-1000,2-500,4-5000","needReputation":28250,"salary":90000,"color":2},"12":{"id":12,"name":"i18n_900150011","effect":"1-1400,2-700,4-7000","needReputation":38250,"salary":100000,"color":2},"13":{"id":13,"name":"i18n_900150012","effect":"1-1800,2-900,4-9000","needReputation":49250,"salary":110000,"color":2},"14":{"id":14,"name":"i18n_900150013","effect":"1-2200,2-1100,4-11000","needReputation":61250,"salary":120000,"color":2},"15":{"id":15,"name":"i18n_900150014","effect":"1-2600,2-1300,4-13000","needReputation":74250,"salary":150000,"color":2},"16":{"id":16,"name":"i18n_900150015","effect":"1-3000,2-1500,4-15000","needReputation":88250,"costReputation":200,"salary":200000,"color":2},"17":{"id":17,"name":"i18n_900150016","effect":"1-3400,2-1700,4-17000","needReputation":103250,"costReputation":500,"salary":250000,"color":3},"18":{"id":18,"name":"i18n_900150017","effect":"1-3800,2-1900,4-19000","needReputation":118250,"costReputation":800,"salary":300000,"color":3},"19":{"id":19,"name":"i18n_900150018","effect":"1-4200,2-2100,4-21000","needReputation":133250,"costReputation":1000,"salary":350000,"color":3},"20":{"id":20,"name":"i18n_900150019","effect":"1-4600,2-2300,4-23000","needReputation":148250,"costReputation":1500,"salary":400000,"color":3},"21":{"id":21,"name":"i18n_900150020","effect":"1-5000,2-2500,4-25000","needReputation":163250,"costReputation":2000,"salary":500000,"color":3}}