{"1":{"1":{"country":1,"sex":1,"name":"i18n_900160000","desc":"Excellent captain of the Aldrich\u2019s who has been through hundreds of battles and survived the Grand Battle of Blackwater Bay","uri":1,"defaultModul":2001001},"2":{"country":1,"sex":2,"name":"i18n_900160001","desc":"Excellent captain of the Aldrich\u2019s who has been through hundreds of battles and survived the Grand Battle of Blackwater Bay","uri":2,"defaultModul":2001002}},"2":{"1":{"country":2,"sex":1,"name":"i18n_900160002","desc":"Excellent captain of the Douglas' who has been through hundreds of battles and survived the Grand Battle of Blackwater Bay","uri":3,"defaultModul":2032001},"2":{"country":2,"sex":2,"name":"i18n_900160003","desc":"Excellent captain of the Douglas' who has been through hundreds of battles and survived the Grand Battle of Blackwater Bay","uri":4,"defaultModul":2032002}}}