{"1000":{"id":1000,"crystalType":2,"num":2,"iconList":"1-1-1"},"1001":{"id":1001,"crystalType":1,"num":15,"iconList":"2-2-2"},"1002":{"id":1002,"crystalType":1,"num":15,"iconList":"3-3-3"},"1003":{"id":1003,"crystalType":1,"num":15,"iconList":"4-4-4"},"1004":{"id":1004,"crystalType":1,"num":15,"iconList":"5-5-5"},"1005":{"id":1005,"crystalType":1,"num":15,"iconList":"6-6-6"},"1006":{"id":1006,"crystalType":1,"num":11,"iconList":"1-1-2"},"1007":{"id":1007,"crystalType":1,"num":11,"iconList":"1-1-3"},"1008":{"id":1008,"crystalType":1,"num":11,"iconList":"1-1-4"},"1009":{"id":1009,"crystalType":1,"num":11,"iconList":"1-1-5"},"1010":{"id":1010,"crystalType":1,"num":11,"iconList":"1-1-6"},"1011":{"id":1011,"crystalType":1,"num":11,"iconList":"2-2-1"},"1012":{"id":1012,"crystalType":1,"num":11,"iconList":"2-2-3"},"1013":{"id":1013,"crystalType":1,"num":11,"iconList":"2-2-4"},"1014":{"id":1014,"crystalType":1,"num":11,"iconList":"2-2-5"},"1015":{"id":1015,"crystalType":1,"num":11,"iconList":"2-2-6"},"1016":{"id":1016,"crystalType":1,"num":11,"iconList":"3-3-1"},"1017":{"id":1017,"crystalType":1,"num":11,"iconList":"3-3-2"},"1018":{"id":1018,"crystalType":1,"num":11,"iconList":"3-3-4"},"1019":{"id":1019,"crystalType":1,"num":11,"iconList":"3-3-5"},"1020":{"id":1020,"crystalType":1,"num":11,"iconList":"3-3-6"},"1021":{"id":1021,"crystalType":1,"num":11,"iconList":"4-4-1"},"1022":{"id":1022,"crystalType":1,"num":11,"iconList":"4-4-2"},"1023":{"id":1023,"crystalType":1,"num":11,"iconList":"4-4-3"},"1024":{"id":1024,"crystalType":1,"num":11,"iconList":"4-4-5"},"1025":{"id":1025,"crystalType":1,"num":11,"iconList":"4-4-6"},"1026":{"id":1026,"crystalType":1,"num":11,"iconList":"5-5-1"},"1027":{"id":1027,"crystalType":1,"num":11,"iconList":"5-5-2"},"1028":{"id":1028,"crystalType":1,"num":11,"iconList":"5-5-3"},"1029":{"id":1029,"crystalType":1,"num":11,"iconList":"5-5-4"},"1030":{"id":1030,"crystalType":1,"num":11,"iconList":"5-5-6"},"1031":{"id":1031,"crystalType":1,"num":11,"iconList":"6-6-1"},"1032":{"id":1032,"crystalType":1,"num":11,"iconList":"6-6-2"},"1033":{"id":1033,"crystalType":1,"num":11,"iconList":"6-6-3"},"1034":{"id":1034,"crystalType":1,"num":11,"iconList":"6-6-4"},"1035":{"id":1035,"crystalType":1,"num":11,"iconList":"6-6-5"},"1036":{"id":1036,"crystalType":1,"num":8,"iconList":"1-2-3"},"1037":{"id":1037,"crystalType":1,"num":8,"iconList":"1-2-4"},"1038":{"id":1038,"crystalType":1,"num":8,"iconList":"1-2-5"},"1039":{"id":1039,"crystalType":1,"num":8,"iconList":"1-2-6"},"1040":{"id":1040,"crystalType":1,"num":8,"iconList":"1-3-4"},"1041":{"id":1041,"crystalType":1,"num":8,"iconList":"1-3-5"},"1042":{"id":1042,"crystalType":1,"num":8,"iconList":"1-3-6"},"1043":{"id":1043,"crystalType":1,"num":8,"iconList":"1-4-5"},"1044":{"id":1044,"crystalType":1,"num":8,"iconList":"1-4-6"},"1045":{"id":1045,"crystalType":1,"num":8,"iconList":"1-5-6"},"1046":{"id":1046,"crystalType":1,"num":8,"iconList":"2-3-4"},"1047":{"id":1047,"crystalType":1,"num":8,"iconList":"2-3-5"},"1048":{"id":1048,"crystalType":1,"num":8,"iconList":"2-3-6"},"1049":{"id":1049,"crystalType":1,"num":8,"iconList":"2-4-5"},"1050":{"id":1050,"crystalType":1,"num":8,"iconList":"2-4-6"},"1051":{"id":1051,"crystalType":1,"num":8,"iconList":"2-5-6"},"1052":{"id":1052,"crystalType":1,"num":8,"iconList":"3-4-5"},"1053":{"id":1053,"crystalType":1,"num":8,"iconList":"3-4-6"},"1054":{"id":1054,"crystalType":1,"num":8,"iconList":"3-5-6"},"1055":{"id":1055,"crystalType":1,"num":8,"iconList":"4-5-6"},"1100":{"id":1100,"crystalType":2,"num":30,"iconList":"1-1-1"},"1101":{"id":1101,"crystalType":2,"num":20,"iconList":"2-2-2"},"1102":{"id":1102,"crystalType":2,"num":20,"iconList":"3-3-3"},"1103":{"id":1103,"crystalType":2,"num":20,"iconList":"4-4-4"},"1104":{"id":1104,"crystalType":2,"num":20,"iconList":"5-5-5"},"1105":{"id":1105,"crystalType":2,"num":20,"iconList":"6-6-6"},"1106":{"id":1106,"crystalType":2,"num":16,"iconList":"1-1-2"},"1107":{"id":1107,"crystalType":2,"num":16,"iconList":"1-1-3"},"1108":{"id":1108,"crystalType":2,"num":16,"iconList":"1-1-4"},"1109":{"id":1109,"crystalType":2,"num":16,"iconList":"1-1-5"},"1110":{"id":1110,"crystalType":2,"num":16,"iconList":"1-1-6"},"1111":{"id":1111,"crystalType":2,"num":16,"iconList":"2-2-1"},"1112":{"id":1112,"crystalType":2,"num":16,"iconList":"2-2-3"},"1113":{"id":1113,"crystalType":2,"num":16,"iconList":"2-2-4"},"1114":{"id":1114,"crystalType":2,"num":16,"iconList":"2-2-5"},"1115":{"id":1115,"crystalType":2,"num":16,"iconList":"2-2-6"},"1116":{"id":1116,"crystalType":2,"num":16,"iconList":"3-3-1"},"1117":{"id":1117,"crystalType":2,"num":16,"iconList":"3-3-2"},"1118":{"id":1118,"crystalType":2,"num":16,"iconList":"3-3-4"},"1119":{"id":1119,"crystalType":2,"num":16,"iconList":"3-3-5"},"1120":{"id":1120,"crystalType":2,"num":16,"iconList":"3-3-6"},"1121":{"id":1121,"crystalType":2,"num":16,"iconList":"4-4-1"},"1122":{"id":1122,"crystalType":2,"num":16,"iconList":"4-4-2"},"1123":{"id":1123,"crystalType":2,"num":16,"iconList":"4-4-3"},"1124":{"id":1124,"crystalType":2,"num":16,"iconList":"4-4-5"},"1125":{"id":1125,"crystalType":2,"num":16,"iconList":"4-4-6"},"1126":{"id":1126,"crystalType":2,"num":16,"iconList":"5-5-1"},"1127":{"id":1127,"crystalType":2,"num":16,"iconList":"5-5-2"},"1128":{"id":1128,"crystalType":2,"num":16,"iconList":"5-5-3"},"1129":{"id":1129,"crystalType":2,"num":16,"iconList":"5-5-4"},"1130":{"id":1130,"crystalType":2,"num":16,"iconList":"5-5-6"},"1131":{"id":1131,"crystalType":2,"num":16,"iconList":"6-6-1"},"1132":{"id":1132,"crystalType":2,"num":16,"iconList":"6-6-2"},"1133":{"id":1133,"crystalType":2,"num":16,"iconList":"6-6-3"},"1134":{"id":1134,"crystalType":2,"num":16,"iconList":"6-6-4"},"1135":{"id":1135,"crystalType":2,"num":16,"iconList":"6-6-5"},"1136":{"id":1136,"crystalType":2,"num":12,"iconList":"1-2-3"},"1137":{"id":1137,"crystalType":2,"num":12,"iconList":"1-2-4"},"1138":{"id":1138,"crystalType":2,"num":12,"iconList":"1-2-5"},"1139":{"id":1139,"crystalType":2,"num":12,"iconList":"1-2-6"},"1140":{"id":1140,"crystalType":2,"num":12,"iconList":"1-3-4"},"1141":{"id":1141,"crystalType":2,"num":12,"iconList":"1-3-5"},"1142":{"id":1142,"crystalType":2,"num":12,"iconList":"1-3-6"},"1143":{"id":1143,"crystalType":2,"num":12,"iconList":"1-4-5"},"1144":{"id":1144,"crystalType":2,"num":12,"iconList":"1-4-6"},"1145":{"id":1145,"crystalType":2,"num":12,"iconList":"1-5-6"},"1146":{"id":1146,"crystalType":2,"num":12,"iconList":"2-3-4"},"1147":{"id":1147,"crystalType":2,"num":12,"iconList":"2-3-5"},"1148":{"id":1148,"crystalType":2,"num":12,"iconList":"2-3-6"},"1149":{"id":1149,"crystalType":2,"num":12,"iconList":"2-4-5"},"1150":{"id":1150,"crystalType":2,"num":12,"iconList":"2-4-6"},"1151":{"id":1151,"crystalType":2,"num":12,"iconList":"2-5-6"},"1152":{"id":1152,"crystalType":2,"num":12,"iconList":"3-4-5"},"1153":{"id":1153,"crystalType":2,"num":12,"iconList":"3-4-6"},"1154":{"id":1154,"crystalType":2,"num":12,"iconList":"3-5-6"},"1155":{"id":1155,"crystalType":2,"num":12,"iconList":"4-5-6"},"2000":{"id":2000,"crystalType":3,"num":2,"iconList":"1-1-1"},"2001":{"id":2001,"crystalType":2,"num":15,"iconList":"2-2-2"},"2002":{"id":2002,"crystalType":2,"num":15,"iconList":"3-3-3"},"2003":{"id":2003,"crystalType":2,"num":15,"iconList":"4-4-4"},"2004":{"id":2004,"crystalType":2,"num":15,"iconList":"5-5-5"},"2005":{"id":2005,"crystalType":2,"num":15,"iconList":"6-6-6"},"2006":{"id":2006,"crystalType":2,"num":11,"iconList":"1-1-2"},"2007":{"id":2007,"crystalType":2,"num":11,"iconList":"1-1-3"},"2008":{"id":2008,"crystalType":2,"num":11,"iconList":"1-1-4"},"2009":{"id":2009,"crystalType":2,"num":11,"iconList":"1-1-5"},"2010":{"id":2010,"crystalType":2,"num":11,"iconList":"1-1-6"},"2011":{"id":2011,"crystalType":2,"num":11,"iconList":"2-2-1"},"2012":{"id":2012,"crystalType":2,"num":11,"iconList":"2-2-3"},"2013":{"id":2013,"crystalType":2,"num":11,"iconList":"2-2-4"},"2014":{"id":2014,"crystalType":2,"num":11,"iconList":"2-2-5"},"2015":{"id":2015,"crystalType":2,"num":11,"iconList":"2-2-6"},"2016":{"id":2016,"crystalType":2,"num":11,"iconList":"3-3-1"},"2017":{"id":2017,"crystalType":2,"num":11,"iconList":"3-3-2"},"2018":{"id":2018,"crystalType":2,"num":11,"iconList":"3-3-4"},"2019":{"id":2019,"crystalType":2,"num":11,"iconList":"3-3-5"},"2020":{"id":2020,"crystalType":2,"num":11,"iconList":"3-3-6"},"2021":{"id":2021,"crystalType":2,"num":11,"iconList":"4-4-1"},"2022":{"id":2022,"crystalType":2,"num":11,"iconList":"4-4-2"},"2023":{"id":2023,"crystalType":2,"num":11,"iconList":"4-4-3"},"2024":{"id":2024,"crystalType":2,"num":11,"iconList":"4-4-5"},"2025":{"id":2025,"crystalType":2,"num":11,"iconList":"4-4-6"},"2026":{"id":2026,"crystalType":2,"num":11,"iconList":"5-5-1"},"2027":{"id":2027,"crystalType":2,"num":11,"iconList":"5-5-2"},"2028":{"id":2028,"crystalType":2,"num":11,"iconList":"5-5-3"},"2029":{"id":2029,"crystalType":2,"num":11,"iconList":"5-5-4"},"2030":{"id":2030,"crystalType":2,"num":11,"iconList":"5-5-6"},"2031":{"id":2031,"crystalType":2,"num":11,"iconList":"6-6-1"},"2032":{"id":2032,"crystalType":2,"num":11,"iconList":"6-6-2"},"2033":{"id":2033,"crystalType":2,"num":11,"iconList":"6-6-3"},"2034":{"id":2034,"crystalType":2,"num":11,"iconList":"6-6-4"},"2035":{"id":2035,"crystalType":2,"num":11,"iconList":"6-6-5"},"2036":{"id":2036,"crystalType":2,"num":8,"iconList":"1-2-3"},"2037":{"id":2037,"crystalType":2,"num":8,"iconList":"1-2-4"},"2038":{"id":2038,"crystalType":2,"num":8,"iconList":"1-2-5"},"2039":{"id":2039,"crystalType":2,"num":8,"iconList":"1-2-6"},"2040":{"id":2040,"crystalType":2,"num":8,"iconList":"1-3-4"},"2041":{"id":2041,"crystalType":2,"num":8,"iconList":"1-3-5"},"2042":{"id":2042,"crystalType":2,"num":8,"iconList":"1-3-6"},"2043":{"id":2043,"crystalType":2,"num":8,"iconList":"1-4-5"},"2044":{"id":2044,"crystalType":2,"num":8,"iconList":"1-4-6"},"2045":{"id":2045,"crystalType":2,"num":8,"iconList":"1-5-6"},"2046":{"id":2046,"crystalType":2,"num":8,"iconList":"2-3-4"},"2047":{"id":2047,"crystalType":2,"num":8,"iconList":"2-3-5"},"2048":{"id":2048,"crystalType":2,"num":8,"iconList":"2-3-6"},"2049":{"id":2049,"crystalType":2,"num":8,"iconList":"2-4-5"},"2050":{"id":2050,"crystalType":2,"num":8,"iconList":"2-4-6"},"2051":{"id":2051,"crystalType":2,"num":8,"iconList":"2-5-6"},"2052":{"id":2052,"crystalType":2,"num":8,"iconList":"3-4-5"},"2053":{"id":2053,"crystalType":2,"num":8,"iconList":"3-4-6"},"2054":{"id":2054,"crystalType":2,"num":8,"iconList":"3-5-6"},"2055":{"id":2055,"crystalType":2,"num":8,"iconList":"4-5-6"},"2100":{"id":2100,"crystalType":3,"num":40,"iconList":"1-1-1"},"2101":{"id":2101,"crystalType":3,"num":30,"iconList":"2-2-2"},"2102":{"id":2102,"crystalType":3,"num":30,"iconList":"3-3-3"},"2103":{"id":2103,"crystalType":3,"num":30,"iconList":"4-4-4"},"2104":{"id":2104,"crystalType":3,"num":30,"iconList":"5-5-5"},"2105":{"id":2105,"crystalType":3,"num":30,"iconList":"6-6-6"},"2106":{"id":2106,"crystalType":3,"num":20,"iconList":"1-1-2"},"2107":{"id":2107,"crystalType":3,"num":20,"iconList":"1-1-3"},"2108":{"id":2108,"crystalType":3,"num":20,"iconList":"1-1-4"},"2109":{"id":2109,"crystalType":3,"num":20,"iconList":"1-1-5"},"2110":{"id":2110,"crystalType":3,"num":20,"iconList":"1-1-6"},"2111":{"id":2111,"crystalType":3,"num":20,"iconList":"2-2-1"},"2112":{"id":2112,"crystalType":3,"num":20,"iconList":"2-2-3"},"2113":{"id":2113,"crystalType":3,"num":20,"iconList":"2-2-4"},"2114":{"id":2114,"crystalType":3,"num":20,"iconList":"2-2-5"},"2115":{"id":2115,"crystalType":3,"num":20,"iconList":"2-2-6"},"2116":{"id":2116,"crystalType":3,"num":20,"iconList":"3-3-1"},"2117":{"id":2117,"crystalType":3,"num":20,"iconList":"3-3-2"},"2118":{"id":2118,"crystalType":3,"num":20,"iconList":"3-3-4"},"2119":{"id":2119,"crystalType":3,"num":20,"iconList":"3-3-5"},"2120":{"id":2120,"crystalType":3,"num":20,"iconList":"3-3-6"},"2121":{"id":2121,"crystalType":3,"num":20,"iconList":"4-4-1"},"2122":{"id":2122,"crystalType":3,"num":20,"iconList":"4-4-2"},"2123":{"id":2123,"crystalType":3,"num":20,"iconList":"4-4-3"},"2124":{"id":2124,"crystalType":3,"num":20,"iconList":"4-4-5"},"2125":{"id":2125,"crystalType":3,"num":20,"iconList":"4-4-6"},"2126":{"id":2126,"crystalType":3,"num":20,"iconList":"5-5-1"},"2127":{"id":2127,"crystalType":3,"num":20,"iconList":"5-5-2"},"2128":{"id":2128,"crystalType":3,"num":20,"iconList":"5-5-3"},"2129":{"id":2129,"crystalType":3,"num":20,"iconList":"5-5-4"},"2130":{"id":2130,"crystalType":3,"num":20,"iconList":"5-5-6"},"2131":{"id":2131,"crystalType":3,"num":20,"iconList":"6-6-1"},"2132":{"id":2132,"crystalType":3,"num":20,"iconList":"6-6-2"},"2133":{"id":2133,"crystalType":3,"num":20,"iconList":"6-6-3"},"2134":{"id":2134,"crystalType":3,"num":20,"iconList":"6-6-4"},"2135":{"id":2135,"crystalType":3,"num":20,"iconList":"6-6-5"},"2136":{"id":2136,"crystalType":3,"num":15,"iconList":"1-2-3"},"2137":{"id":2137,"crystalType":3,"num":15,"iconList":"1-2-4"},"2138":{"id":2138,"crystalType":3,"num":15,"iconList":"1-2-5"},"2139":{"id":2139,"crystalType":3,"num":15,"iconList":"1-2-6"},"2140":{"id":2140,"crystalType":3,"num":15,"iconList":"1-3-4"},"2141":{"id":2141,"crystalType":3,"num":15,"iconList":"1-3-5"},"2142":{"id":2142,"crystalType":3,"num":15,"iconList":"1-3-6"},"2143":{"id":2143,"crystalType":3,"num":15,"iconList":"1-4-5"},"2144":{"id":2144,"crystalType":3,"num":15,"iconList":"1-4-6"},"2145":{"id":2145,"crystalType":3,"num":15,"iconList":"1-5-6"},"2146":{"id":2146,"crystalType":3,"num":15,"iconList":"2-3-4"},"2147":{"id":2147,"crystalType":3,"num":15,"iconList":"2-3-5"},"2148":{"id":2148,"crystalType":3,"num":15,"iconList":"2-3-6"},"2149":{"id":2149,"crystalType":3,"num":15,"iconList":"2-4-5"},"2150":{"id":2150,"crystalType":3,"num":15,"iconList":"2-4-6"},"2151":{"id":2151,"crystalType":3,"num":15,"iconList":"2-5-6"},"2152":{"id":2152,"crystalType":3,"num":15,"iconList":"3-4-5"},"2153":{"id":2153,"crystalType":3,"num":15,"iconList":"3-4-6"},"2154":{"id":2154,"crystalType":3,"num":15,"iconList":"3-5-6"},"2155":{"id":2155,"crystalType":3,"num":15,"iconList":"4-5-6"},"3000":{"id":3000,"crystalType":4,"num":2,"iconList":"1-1-1"},"3001":{"id":3001,"crystalType":3,"num":15,"iconList":"2-2-2"},"3002":{"id":3002,"crystalType":3,"num":15,"iconList":"3-3-3"},"3003":{"id":3003,"crystalType":3,"num":15,"iconList":"4-4-4"},"3004":{"id":3004,"crystalType":3,"num":15,"iconList":"5-5-5"},"3005":{"id":3005,"crystalType":3,"num":15,"iconList":"6-6-6"},"3006":{"id":3006,"crystalType":3,"num":11,"iconList":"1-1-2"},"3007":{"id":3007,"crystalType":3,"num":11,"iconList":"1-1-3"},"3008":{"id":3008,"crystalType":3,"num":11,"iconList":"1-1-4"},"3009":{"id":3009,"crystalType":3,"num":11,"iconList":"1-1-5"},"3010":{"id":3010,"crystalType":3,"num":11,"iconList":"1-1-6"},"3011":{"id":3011,"crystalType":3,"num":11,"iconList":"2-2-1"},"3012":{"id":3012,"crystalType":3,"num":11,"iconList":"2-2-3"},"3013":{"id":3013,"crystalType":3,"num":11,"iconList":"2-2-4"},"3014":{"id":3014,"crystalType":3,"num":11,"iconList":"2-2-5"},"3015":{"id":3015,"crystalType":3,"num":11,"iconList":"2-2-6"},"3016":{"id":3016,"crystalType":3,"num":11,"iconList":"3-3-1"},"3017":{"id":3017,"crystalType":3,"num":11,"iconList":"3-3-2"},"3018":{"id":3018,"crystalType":3,"num":11,"iconList":"3-3-4"},"3019":{"id":3019,"crystalType":3,"num":11,"iconList":"3-3-5"},"3020":{"id":3020,"crystalType":3,"num":11,"iconList":"3-3-6"},"3021":{"id":3021,"crystalType":3,"num":11,"iconList":"4-4-1"},"3022":{"id":3022,"crystalType":3,"num":11,"iconList":"4-4-2"},"3023":{"id":3023,"crystalType":3,"num":11,"iconList":"4-4-3"},"3024":{"id":3024,"crystalType":3,"num":11,"iconList":"4-4-5"},"3025":{"id":3025,"crystalType":3,"num":11,"iconList":"4-4-6"},"3026":{"id":3026,"crystalType":3,"num":11,"iconList":"5-5-1"},"3027":{"id":3027,"crystalType":3,"num":11,"iconList":"5-5-2"},"3028":{"id":3028,"crystalType":3,"num":11,"iconList":"5-5-3"},"3029":{"id":3029,"crystalType":3,"num":11,"iconList":"5-5-4"},"3030":{"id":3030,"crystalType":3,"num":11,"iconList":"5-5-6"},"3031":{"id":3031,"crystalType":3,"num":11,"iconList":"6-6-1"},"3032":{"id":3032,"crystalType":3,"num":11,"iconList":"6-6-2"},"3033":{"id":3033,"crystalType":3,"num":11,"iconList":"6-6-3"},"3034":{"id":3034,"crystalType":3,"num":11,"iconList":"6-6-4"},"3035":{"id":3035,"crystalType":3,"num":11,"iconList":"6-6-5"},"3036":{"id":3036,"crystalType":3,"num":8,"iconList":"1-2-3"},"3037":{"id":3037,"crystalType":3,"num":8,"iconList":"1-2-4"},"3038":{"id":3038,"crystalType":3,"num":8,"iconList":"1-2-5"},"3039":{"id":3039,"crystalType":3,"num":8,"iconList":"1-2-6"},"3040":{"id":3040,"crystalType":3,"num":8,"iconList":"1-3-4"},"3041":{"id":3041,"crystalType":3,"num":8,"iconList":"1-3-5"},"3042":{"id":3042,"crystalType":3,"num":8,"iconList":"1-3-6"},"3043":{"id":3043,"crystalType":3,"num":8,"iconList":"1-4-5"},"3044":{"id":3044,"crystalType":3,"num":8,"iconList":"1-4-6"},"3045":{"id":3045,"crystalType":3,"num":8,"iconList":"1-5-6"},"3046":{"id":3046,"crystalType":3,"num":8,"iconList":"2-3-4"},"3047":{"id":3047,"crystalType":3,"num":8,"iconList":"2-3-5"},"3048":{"id":3048,"crystalType":3,"num":8,"iconList":"2-3-6"},"3049":{"id":3049,"crystalType":3,"num":8,"iconList":"2-4-5"},"3050":{"id":3050,"crystalType":3,"num":8,"iconList":"2-4-6"},"3051":{"id":3051,"crystalType":3,"num":8,"iconList":"2-5-6"},"3052":{"id":3052,"crystalType":3,"num":8,"iconList":"3-4-5"},"3053":{"id":3053,"crystalType":3,"num":8,"iconList":"3-4-6"},"3054":{"id":3054,"crystalType":3,"num":8,"iconList":"3-5-6"},"3055":{"id":3055,"crystalType":3,"num":8,"iconList":"4-5-6"},"3100":{"id":3100,"crystalType":4,"num":40,"iconList":"1-1-1"},"3101":{"id":3101,"crystalType":4,"num":30,"iconList":"2-2-2"},"3102":{"id":3102,"crystalType":4,"num":30,"iconList":"3-3-3"},"3103":{"id":3103,"crystalType":4,"num":30,"iconList":"4-4-4"},"3104":{"id":3104,"crystalType":4,"num":30,"iconList":"5-5-5"},"3105":{"id":3105,"crystalType":4,"num":30,"iconList":"6-6-6"},"3106":{"id":3106,"crystalType":4,"num":20,"iconList":"1-1-2"},"3107":{"id":3107,"crystalType":4,"num":20,"iconList":"1-1-3"},"3108":{"id":3108,"crystalType":4,"num":20,"iconList":"1-1-4"},"3109":{"id":3109,"crystalType":4,"num":20,"iconList":"1-1-5"},"3110":{"id":3110,"crystalType":4,"num":20,"iconList":"1-1-6"},"3111":{"id":3111,"crystalType":4,"num":20,"iconList":"2-2-1"},"3112":{"id":3112,"crystalType":4,"num":20,"iconList":"2-2-3"},"3113":{"id":3113,"crystalType":4,"num":20,"iconList":"2-2-4"},"3114":{"id":3114,"crystalType":4,"num":20,"iconList":"2-2-5"},"3115":{"id":3115,"crystalType":4,"num":20,"iconList":"2-2-6"},"3116":{"id":3116,"crystalType":4,"num":20,"iconList":"3-3-1"},"3117":{"id":3117,"crystalType":4,"num":20,"iconList":"3-3-2"},"3118":{"id":3118,"crystalType":4,"num":20,"iconList":"3-3-4"},"3119":{"id":3119,"crystalType":4,"num":20,"iconList":"3-3-5"},"3120":{"id":3120,"crystalType":4,"num":20,"iconList":"3-3-6"},"3121":{"id":3121,"crystalType":4,"num":20,"iconList":"4-4-1"},"3122":{"id":3122,"crystalType":4,"num":20,"iconList":"4-4-2"},"3123":{"id":3123,"crystalType":4,"num":20,"iconList":"4-4-3"},"3124":{"id":3124,"crystalType":4,"num":20,"iconList":"4-4-5"},"3125":{"id":3125,"crystalType":4,"num":20,"iconList":"4-4-6"},"3126":{"id":3126,"crystalType":4,"num":20,"iconList":"5-5-1"},"3127":{"id":3127,"crystalType":4,"num":20,"iconList":"5-5-2"},"3128":{"id":3128,"crystalType":4,"num":20,"iconList":"5-5-3"},"3129":{"id":3129,"crystalType":4,"num":20,"iconList":"5-5-4"},"3130":{"id":3130,"crystalType":4,"num":20,"iconList":"5-5-6"},"3131":{"id":3131,"crystalType":4,"num":20,"iconList":"6-6-1"},"3132":{"id":3132,"crystalType":4,"num":20,"iconList":"6-6-2"},"3133":{"id":3133,"crystalType":4,"num":20,"iconList":"6-6-3"},"3134":{"id":3134,"crystalType":4,"num":20,"iconList":"6-6-4"},"3135":{"id":3135,"crystalType":4,"num":20,"iconList":"6-6-5"},"3136":{"id":3136,"crystalType":4,"num":15,"iconList":"1-2-3"},"3137":{"id":3137,"crystalType":4,"num":15,"iconList":"1-2-4"},"3138":{"id":3138,"crystalType":4,"num":15,"iconList":"1-2-5"},"3139":{"id":3139,"crystalType":4,"num":15,"iconList":"1-2-6"},"3140":{"id":3140,"crystalType":4,"num":15,"iconList":"1-3-4"},"3141":{"id":3141,"crystalType":4,"num":15,"iconList":"1-3-5"},"3142":{"id":3142,"crystalType":4,"num":15,"iconList":"1-3-6"},"3143":{"id":3143,"crystalType":4,"num":15,"iconList":"1-4-5"},"3144":{"id":3144,"crystalType":4,"num":15,"iconList":"1-4-6"},"3145":{"id":3145,"crystalType":4,"num":15,"iconList":"1-5-6"},"3146":{"id":3146,"crystalType":4,"num":15,"iconList":"2-3-4"},"3147":{"id":3147,"crystalType":4,"num":15,"iconList":"2-3-5"},"3148":{"id":3148,"crystalType":4,"num":15,"iconList":"2-3-6"},"3149":{"id":3149,"crystalType":4,"num":15,"iconList":"2-4-5"},"3150":{"id":3150,"crystalType":4,"num":15,"iconList":"2-4-6"},"3151":{"id":3151,"crystalType":4,"num":15,"iconList":"2-5-6"},"3152":{"id":3152,"crystalType":4,"num":15,"iconList":"3-4-5"},"3153":{"id":3153,"crystalType":4,"num":15,"iconList":"3-4-6"},"3154":{"id":3154,"crystalType":4,"num":15,"iconList":"3-5-6"},"3155":{"id":3155,"crystalType":4,"num":15,"iconList":"4-5-6"}}