{"1101001":{"id":1101001,"level":1,"name":"i18n_221101001","type":1,"addShengWang":10,"unAcceptedNewPlayerGuiderIDs":"1000-1001","completeNewPlayerGuiderIDs":"1002-1003"},"1101002":{"id":1101002,"level":2,"name":"i18n_221101002","type":1,"addShengWang":10,"unAcceptedNewPlayerGuiderIDs":"1004","newPlayerGuiderIDs":"1005","completeNewPlayerGuiderIDs":"1006"},"1101003":{"id":1101003,"level":3,"name":"i18n_221101003","type":1,"addShengWang":10,"newPlayerGuiderIDs":"1-2-3","completeNewPlayerGuiderIDs":"1007"},"1101004":{"id":1101004,"level":4,"name":"i18n_221101004","type":1,"addShengWang":10,"newPlayerGuiderIDs":"1008","completeNewPlayerGuiderIDs":"1009"},"1101005":{"id":1101005,"level":4,"name":"i18n_221101005","type":1,"addShengWang":10,"newPlayerGuiderIDs":"1010","completeNewPlayerGuiderIDs":"1011"},"1101006":{"id":1101006,"level":5,"name":"i18n_221101006","type":1,"addShengWang":10,"newPlayerGuiderIDs":"1012","completeNewPlayerGuiderIDs":"1013"},"1101007":{"id":1101007,"level":5,"name":"i18n_221101007","type":1,"addShengWang":10,"newPlayerGuiderIDs":"1014","completeNewPlayerGuiderIDs":"1015"},"1101008":{"id":1101008,"level":5,"name":"i18n_221101008","type":1,"addShengWang":10,"newPlayerGuiderIDs":"1016"},"1010004":{"id":1010004,"level":5,"name":"i18n_221050006","type":1,"addShengWang":10,"newPlayerGuiderIDs":"140-221-222","completeNewPlayerGuiderIDs":"223-1018"},"1101009":{"id":1101009,"level":6,"name":"i18n_221101009","type":1,"addShengWang":10,"newPlayerGuiderIDs":"5-232-6","completeNewPlayerGuiderIDs":"1019"},"1101010":{"id":1101010,"level":6,"name":"i18n_221101010","type":1,"addShengWang":10,"newPlayerGuiderIDs":"1020","completeNewPlayerGuiderIDs":"1021"},"1101012":{"id":1101012,"level":7,"name":"i18n_221101012","type":1,"addShengWang":10,"newPlayerGuiderIDs":"12-13-14","completeNewPlayerGuiderIDs":"1022"},"1101013":{"id":1101013,"level":8,"name":"i18n_221101013","type":1,"addShengWang":10,"newPlayerGuiderIDs":"1023"},"1101014":{"id":1101014,"level":8,"name":"i18n_221101014","type":1,"addShengWang":10,"newPlayerGuiderIDs":"17-18-19-20","completeNewPlayerGuiderIDs":"1025"},"1101015":{"id":1101015,"level":9,"name":"i18n_221101015","type":1,"addShengWang":10,"newPlayerGuiderIDs":"1026"},"2101001":{"id":2101001,"level":9,"name":"i18n_222101001","type":1,"newPlayerGuiderIDs":"1028-162-163","completeNewPlayerGuiderIDs":"1029"},"1101016":{"id":1101016,"level":10,"name":"i18n_221101016","type":1,"addShengWang":10,"newPlayerGuiderIDs":"1030","completeNewPlayerGuiderIDs":"1031"},"1101017":{"id":1101017,"level":10,"name":"i18n_221101017","type":1,"addShengWang":10,"newPlayerGuiderIDs":"159","completeNewPlayerGuiderIDs":"159"},"1102001":{"id":1102001,"level":1,"name":"i18n_221102001","type":1,"addShengWang":10,"unAcceptedNewPlayerGuiderIDs":"1000-1001","completeNewPlayerGuiderIDs":"1002-1003"},"1102002":{"id":1102002,"level":2,"name":"i18n_221102002","type":1,"addShengWang":10,"unAcceptedNewPlayerGuiderIDs":"1004","newPlayerGuiderIDs":"1005","completeNewPlayerGuiderIDs":"1006"},"1102003":{"id":1102003,"level":3,"name":"i18n_221102003","type":1,"addShengWang":10,"newPlayerGuiderIDs":"1-2-3","completeNewPlayerGuiderIDs":"1007"},"1102004":{"id":1102004,"level":4,"name":"i18n_221102004","type":1,"addShengWang":10,"newPlayerGuiderIDs":"1008","completeNewPlayerGuiderIDs":"1009"},"1102005":{"id":1102005,"level":4,"name":"i18n_221102005","type":1,"addShengWang":10,"newPlayerGuiderIDs":"1010","completeNewPlayerGuiderIDs":"1011"},"1102006":{"id":1102006,"level":5,"name":"i18n_221102006","type":1,"addShengWang":10,"newPlayerGuiderIDs":"1012","completeNewPlayerGuiderIDs":"1013"},"1102007":{"id":1102007,"level":5,"name":"i18n_221102007","type":1,"addShengWang":10,"newPlayerGuiderIDs":"1014","completeNewPlayerGuiderIDs":"1015"},"1102008":{"id":1102008,"level":5,"name":"i18n_221102008","type":1,"addShengWang":10,"newPlayerGuiderIDs":"1016"},"1020004":{"id":1020004,"level":5,"name":"i18n_221050006","type":1,"addShengWang":10,"newPlayerGuiderIDs":"140-221-222","completeNewPlayerGuiderIDs":"223-1018"},"1102009":{"id":1102009,"level":6,"name":"i18n_221102009","type":1,"addShengWang":10,"newPlayerGuiderIDs":"5-232-6","completeNewPlayerGuiderIDs":"1019"},"1102010":{"id":1102010,"level":6,"name":"i18n_221102010","type":1,"addShengWang":10,"newPlayerGuiderIDs":"1020","completeNewPlayerGuiderIDs":"1021"},"1102012":{"id":1102012,"level":7,"name":"i18n_221102012","type":1,"addShengWang":10,"newPlayerGuiderIDs":"12-13-14","completeNewPlayerGuiderIDs":"1022"},"1102013":{"id":1102013,"level":8,"name":"i18n_221102013","type":1,"addShengWang":10,"newPlayerGuiderIDs":"1023"},"1102014":{"id":1102014,"level":8,"name":"i18n_221102014","type":1,"addShengWang":10,"newPlayerGuiderIDs":"17-18-19-20","completeNewPlayerGuiderIDs":"1025"},"1102015":{"id":1102015,"level":9,"name":"i18n_221102015","type":1,"addShengWang":10,"newPlayerGuiderIDs":"1026"},"2102001":{"id":2102001,"level":9,"name":"i18n_222102001","type":1,"newPlayerGuiderIDs":"1028-162-163","completeNewPlayerGuiderIDs":"1029"},"1102016":{"id":1102016,"level":10,"name":"i18n_221102016","type":1,"addShengWang":10,"newPlayerGuiderIDs":"1030","completeNewPlayerGuiderIDs":"1031"},"1102017":{"id":1102017,"level":10,"name":"i18n_221102017","type":1,"addShengWang":10,"newPlayerGuiderIDs":"159","completeNewPlayerGuiderIDs":"159"},"1103001":{"id":1103001,"level":10,"name":"i18n_221103001","type":1,"addShengWang":20,"completeNewPlayerGuiderIDs":"1032"},"1010005":{"id":1010005,"level":10,"name":"i18n_221050005","type":1,"addShengWang":20,"newPlayerGuiderIDs":"138-139","completeNewPlayerGuiderIDs":"1033"},"1103002":{"id":1103002,"level":11,"name":"i18n_221103002","type":1,"addShengWang":20,"completeNewPlayerGuiderIDs":"1034"},"1103003":{"id":1103003,"level":11,"name":"i18n_221103003","type":1,"addShengWang":20,"completeNewPlayerGuiderIDs":"1035"},"1010001":{"id":1010001,"level":11,"name":"i18n_221010001","type":1,"addShengWang":20,"newPlayerGuiderIDs":"56-57-58","completeNewPlayerGuiderIDs":"1036"},"1010009":{"id":1010009,"level":11,"name":"i18n_221010009","type":1,"addShengWang":20,"newPlayerGuiderIDs":"224-225","completeNewPlayerGuiderIDs":"1037"},"1103004":{"id":1103004,"level":12,"name":"i18n_221103004","type":1,"addShengWang":20},"1010010":{"id":1010010,"level":12,"name":"i18n_221010010","type":1,"addShengWang":20,"newPlayerGuiderIDs":"226-227-228-229-230-231-242-243-244-245-246"},"1103006":{"id":1103006,"level":13,"name":"i18n_221103006","type":1,"addShengWang":20},"1103007":{"id":1103007,"level":13,"name":"i18n_221103007","type":1,"addShengWang":20},"1103008":{"id":1103008,"level":14,"name":"i18n_221103008","type":1,"addShengWang":20},"1050002":{"id":1050002,"level":14,"name":"i18n_221050002","type":1,"addShengWang":20},"1103009":{"id":1103009,"level":14,"name":"i18n_221103009","type":1,"addShengWang":20},"1010011":{"id":1010011,"level":15,"name":"i18n_221010011","type":1,"addShengWang":20,"newPlayerGuiderIDs":"235-236-237-238-239-240-241"},"1103010":{"id":1103010,"level":15,"name":"i18n_221103010","type":1,"addShengWang":20},"1103011":{"id":1103011,"level":16,"name":"i18n_221103011","type":1,"addShengWang":20},"1103012":{"id":1103012,"level":16,"name":"i18n_221103012","type":1,"addShengWang":20},"1103013":{"id":1103013,"level":17,"name":"i18n_221103013","type":1,"addShengWang":20},"1103014":{"id":1103014,"level":17,"name":"i18n_221103014","type":1,"addShengWang":20},"1103015":{"id":1103015,"level":17,"name":"i18n_221103015","type":1,"addShengWang":20},"1010002":{"id":1010002,"level":17,"name":"i18n_221010002","type":1,"addShengWang":20,"newPlayerGuiderIDs":"26-27-28-201-202-203-204-205-206-207-208-209"},"1103016":{"id":1103016,"level":18,"name":"i18n_221103016","type":1,"addShengWang":20},"1050001":{"id":1050001,"level":18,"name":"i18n_221050001","type":1,"addShengWang":5,"newPlayerGuiderIDs":"21-22-23-24","completeNewPlayerGuiderIDs":"25"},"1103017":{"id":1103017,"level":18,"name":"i18n_221103017","type":1,"addShengWang":20,"newPlayerGuiderIDs":"156-157-158-247-248"},"1103018":{"id":1103018,"level":19,"name":"i18n_221103018","type":1,"addShengWang":20},"1103019":{"id":1103019,"level":19,"name":"i18n_221103019","type":1,"addShengWang":20},"1103020":{"id":1103020,"level":20,"name":"i18n_221103020","type":1,"addShengWang":400},"1103021":{"id":1103021,"level":20,"name":"i18n_221103021","type":1,"addShengWang":20,"completeNewPlayerGuiderIDs":"148-149-150"},"1104001":{"id":1104001,"level":10,"name":"i18n_221104001","type":1,"addShengWang":20,"completeNewPlayerGuiderIDs":"1032"},"1020005":{"id":1020005,"level":10,"name":"i18n_221050005","type":1,"addShengWang":20,"newPlayerGuiderIDs":"138-139","completeNewPlayerGuiderIDs":"1033"},"1104002":{"id":1104002,"level":11,"name":"i18n_221104002","type":1,"addShengWang":20,"completeNewPlayerGuiderIDs":"1034"},"1104003":{"id":1104003,"level":11,"name":"i18n_221104003","type":1,"addShengWang":20,"completeNewPlayerGuiderIDs":"1035"},"1020001":{"id":1020001,"level":11,"name":"i18n_221020001","type":1,"addShengWang":20,"newPlayerGuiderIDs":"56-57-58","completeNewPlayerGuiderIDs":"1036"},"1020009":{"id":1020009,"level":11,"name":"i18n_221010009","type":1,"addShengWang":20,"newPlayerGuiderIDs":"224-225","completeNewPlayerGuiderIDs":"1037"},"1104004":{"id":1104004,"level":12,"name":"i18n_221104004","type":1,"addShengWang":20},"1020010":{"id":1020010,"level":12,"name":"i18n_221010010","type":1,"addShengWang":20,"newPlayerGuiderIDs":"226-227-228-229-230-231-242-243-244-245-246"},"1104006":{"id":1104006,"level":13,"name":"i18n_221104006","type":1,"addShengWang":20},"1104007":{"id":1104007,"level":13,"name":"i18n_221104007","type":1,"addShengWang":20},"1104008":{"id":1104008,"level":14,"name":"i18n_221104008","type":1,"addShengWang":20},"1060002":{"id":1060002,"level":14,"name":"i18n_221050002","type":1,"addShengWang":20},"1104009":{"id":1104009,"level":14,"name":"i18n_221104009","type":1,"addShengWang":20},"1020011":{"id":1020011,"level":15,"name":"i18n_221010011","type":1,"addShengWang":20,"newPlayerGuiderIDs":"235-236-237-238-239-240-241"},"1104010":{"id":1104010,"level":15,"name":"i18n_221104010","type":1,"addShengWang":20},"1104011":{"id":1104011,"level":16,"name":"i18n_221104011","type":1,"addShengWang":20},"1104012":{"id":1104012,"level":16,"name":"i18n_221104012","type":1,"addShengWang":20},"1104013":{"id":1104013,"level":17,"name":"i18n_221104013","type":1,"addShengWang":20},"1104014":{"id":1104014,"level":17,"name":"i18n_221104014","type":1,"addShengWang":20},"1104015":{"id":1104015,"level":17,"name":"i18n_221104015","type":1,"addShengWang":20},"1020002":{"id":1020002,"level":17,"name":"i18n_221020002","type":1,"addShengWang":20,"newPlayerGuiderIDs":"26-27-28-201-202-203-204-205-206-207-208-209"},"1104016":{"id":1104016,"level":18,"name":"i18n_221104016","type":1,"addShengWang":20},"1060001":{"id":1060001,"level":18,"name":"i18n_221050001","type":1,"addShengWang":5,"newPlayerGuiderIDs":"21-22-23-24","completeNewPlayerGuiderIDs":"25"},"1104017":{"id":1104017,"level":18,"name":"i18n_221104017","type":1,"addShengWang":20,"newPlayerGuiderIDs":"156-157-158-247-248"},"1104018":{"id":1104018,"level":19,"name":"i18n_221104018","type":1,"addShengWang":20},"1104019":{"id":1104019,"level":19,"name":"i18n_221104019","type":1,"addShengWang":20},"1104020":{"id":1104020,"level":20,"name":"i18n_221104020","type":1,"addShengWang":400},"1104021":{"id":1104021,"level":20,"name":"i18n_221104021","type":1,"addShengWang":20,"completeNewPlayerGuiderIDs":"148-149-150"},"1105001":{"id":1105001,"level":20,"name":"i18n_221105001","type":1,"addShengWang":20},"1050004":{"id":1050004,"level":20,"name":"i18n_221050004","type":1,"addShengWang":20,"newPlayerGuiderIDs":"116-117-118-119-120"},"1105002":{"id":1105002,"level":21,"name":"i18n_221105002","type":1,"addShengWang":20},"1105003":{"id":1105003,"level":21,"name":"i18n_221105003","type":1,"addShengWang":20},"1105004":{"id":1105004,"level":21,"name":"i18n_221105004","type":1,"addShengWang":20,"newPlayerGuiderIDs":"54-35-36-37"},"1105005":{"id":1105005,"level":22,"name":"i18n_221105005","type":1,"addShengWang":20},"1105006":{"id":1105006,"level":22,"name":"i18n_221105006","type":1,"addShengWang":20},"1105007":{"id":1105007,"level":22,"name":"i18n_221105007","type":1,"addShengWang":20},"1105008":{"id":1105008,"level":23,"name":"i18n_221105008","type":1,"addShengWang":20},"1010003":{"id":1010003,"level":23,"name":"i18n_221010003","type":1,"addShengWang":20,"newPlayerGuiderIDs":"110-111"},"1105009":{"id":1105009,"level":25,"name":"i18n_221105009","type":1,"addShengWang":20},"1105010":{"id":1105010,"level":25,"name":"i18n_221105010","type":1,"addShengWang":20},"1105011":{"id":1105011,"level":25,"name":"i18n_221105011","type":1,"addShengWang":20},"1105012":{"id":1105012,"level":25,"name":"i18n_221105012","type":1,"addShengWang":20},"1105013":{"id":1105013,"level":25,"name":"i18n_221105013","type":1,"addShengWang":20},"1105014":{"id":1105014,"level":25,"name":"i18n_221105014","type":1,"addShengWang":20},"1105015":{"id":1105015,"level":25,"name":"i18n_221105015","type":1,"addShengWang":20},"1105016":{"id":1105016,"level":26,"name":"i18n_221105016","type":1,"addShengWang":20},"1105017":{"id":1105017,"level":26,"name":"i18n_221105017","type":1,"addShengWang":20,"unAcceptedNewPlayerGuiderIDs":"151-152-153-154"},"1010006":{"id":1010006,"level":27,"name":"i18n_221010006","type":1,"addShengWang":20,"newPlayerGuiderIDs":"29-31-32-33-126-127-128-129-130-131-132-133-134-135-136-137-155"},"1010007":{"id":1010007,"level":27,"name":"i18n_221010007","type":1,"addShengWang":20,"newPlayerGuiderIDs":"112-113-114-115"},"1105018":{"id":1105018,"level":27,"name":"i18n_221105018","type":1,"addShengWang":20},"1105019":{"id":1105019,"level":27,"name":"i18n_221105019","type":1,"addShengWang":20},"1105020":{"id":1105020,"level":28,"name":"i18n_221105020","type":1,"addShengWang":20},"1105021":{"id":1105021,"level":28,"name":"i18n_221105021","type":1,"addShengWang":20},"1105022":{"id":1105022,"level":29,"name":"i18n_221105022","type":1,"addShengWang":20},"1105023":{"id":1105023,"level":29,"name":"i18n_221105023","type":1,"addShengWang":20},"1105024":{"id":1105024,"level":30,"name":"i18n_221105024","type":1,"addShengWang":10},"1105025":{"id":1105025,"level":30,"name":"i18n_221105025","type":1,"addShengWang":10},"1105026":{"id":1105026,"level":30,"name":"i18n_221105026","type":1,"addShengWang":10},"1105027":{"id":1105027,"level":30,"name":"i18n_221105027","type":1,"addShengWang":10},"1106001":{"id":1106001,"level":31,"name":"i18n_221106001","type":1,"addShengWang":10},"1106002":{"id":1106002,"level":31,"name":"i18n_221106002","type":1,"addShengWang":10},"1106003":{"id":1106003,"level":31,"name":"i18n_221106003","type":1,"addShengWang":10},"1106004":{"id":1106004,"level":32,"name":"i18n_221106004","type":1,"addShengWang":10},"1106005":{"id":1106005,"level":32,"name":"i18n_221106005","type":1,"addShengWang":10},"1106006":{"id":1106006,"level":33,"name":"i18n_221106006","type":1,"addShengWang":10},"1106007":{"id":1106007,"level":33,"name":"i18n_221106007","type":1,"addShengWang":10},"1106008":{"id":1106008,"level":34,"name":"i18n_221106008","type":1,"addShengWang":10},"1106009":{"id":1106009,"level":34,"name":"i18n_221106009","type":1,"addShengWang":10},"1106010":{"id":1106010,"level":35,"name":"i18n_221106010","type":1,"addShengWang":10},"1106011":{"id":1106011,"level":35,"name":"i18n_221106011","type":1,"addShengWang":10},"1106012":{"id":1106012,"level":36,"name":"i18n_221106012","type":1,"addShengWang":10},"1050003":{"id":1050003,"level":36,"name":"i18n_221050003","type":1,"addShengWang":10,"newPlayerGuiderIDs":"43-44-45-46-47"},"1106013":{"id":1106013,"level":36,"name":"i18n_221106013","type":1,"addShengWang":10},"1106014":{"id":1106014,"level":37,"name":"i18n_221106014","type":1,"addShengWang":10},"1106015":{"id":1106015,"level":37,"name":"i18n_221106015","type":1,"addShengWang":10},"1106016":{"id":1106016,"level":38,"name":"i18n_221106016","type":1,"addShengWang":10},"1106017":{"id":1106017,"level":38,"name":"i18n_221106017","type":1,"addShengWang":10},"1106018":{"id":1106018,"level":39,"name":"i18n_221106018","type":1,"addShengWang":10},"1106019":{"id":1106019,"level":39,"name":"i18n_221106019","type":1,"addShengWang":10},"1106020":{"id":1106020,"level":40,"name":"i18n_221106020","type":1,"addShengWang":10},"1106021":{"id":1106021,"level":40,"name":"i18n_221106021","type":1,"addShengWang":10},"1106022":{"id":1106022,"level":40,"name":"i18n_221106022","type":1,"addShengWang":10},"1107001":{"id":1107001,"level":41,"name":"i18n_221107001","type":1,"addShengWang":10},"1107002":{"id":1107002,"level":41,"name":"i18n_221107002","type":1,"addShengWang":10},"1107003":{"id":1107003,"level":42,"name":"i18n_221107003","type":1,"addShengWang":10},"1107004":{"id":1107004,"level":42,"name":"i18n_221107004","type":1,"addShengWang":10},"1107005":{"id":1107005,"level":43,"name":"i18n_221107005","type":1,"addShengWang":10},"1107006":{"id":1107006,"level":43,"name":"i18n_221107006","type":1,"addShengWang":10},"1107007":{"id":1107007,"level":44,"name":"i18n_221107007","type":1,"addShengWang":10},"1107008":{"id":1107008,"level":44,"name":"i18n_221107008","type":1,"addShengWang":10},"1107009":{"id":1107009,"level":44,"name":"i18n_221107009","type":1,"addShengWang":10},"1107010":{"id":1107010,"level":45,"name":"i18n_221107010","type":1,"addShengWang":10},"1107011":{"id":1107011,"level":45,"name":"i18n_221107011","type":1,"addShengWang":10},"1107012":{"id":1107012,"level":45,"name":"i18n_221107012","type":1,"addShengWang":10},"1107013":{"id":1107013,"level":46,"name":"i18n_221107013","type":1,"addShengWang":10},"1108001":{"id":1108001,"level":46,"name":"i18n_221108001","type":1,"addShengWang":10},"1108002":{"id":1108002,"level":46,"name":"i18n_221108002","type":1,"addShengWang":10},"1108003":{"id":1108003,"level":47,"name":"i18n_221108003","type":1,"addShengWang":10},"1108004":{"id":1108004,"level":47,"name":"i18n_221108004","type":1,"addShengWang":10},"1108005":{"id":1108005,"level":48,"name":"i18n_221108005","type":1,"addShengWang":10},"1108006":{"id":1108006,"level":48,"name":"i18n_221108006","type":1,"addShengWang":10},"1108007":{"id":1108007,"level":48,"name":"i18n_221108007","type":1,"addShengWang":10},"1108008":{"id":1108008,"level":49,"name":"i18n_221108008","type":1,"addShengWang":10},"1108009":{"id":1108009,"level":49,"name":"i18n_221108009","type":1,"addShengWang":10},"1108010":{"id":1108010,"level":49,"name":"i18n_221108010","type":1,"addShengWang":10},"1108011":{"id":1108011,"level":50,"name":"i18n_221108011","type":1,"addShengWang":10},"1108012":{"id":1108012,"level":50,"name":"i18n_221108012","type":1,"addShengWang":10},"1108013":{"id":1108013,"level":50,"name":"i18n_221108013","type":1,"addShengWang":10},"1108014":{"id":1108014,"level":50,"name":"i18n_221108014","type":1,"addShengWang":10},"1108015":{"id":1108015,"level":50,"name":"i18n_221108015","type":1,"addShengWang":10},"1108016":{"id":1108016,"level":51,"name":"i18n_221108016","type":1,"addShengWang":10},"1109001":{"id":1109001,"level":51,"name":"i18n_221109001","type":1,"addShengWang":10},"1109002":{"id":1109002,"level":51,"name":"i18n_221109002","type":1,"addShengWang":10},"1109003":{"id":1109003,"level":51,"name":"i18n_221109003","type":1,"addShengWang":10},"1109004":{"id":1109004,"level":52,"name":"i18n_221109004","type":1,"addShengWang":10},"1109005":{"id":1109005,"level":52,"name":"i18n_221109005","type":1,"addShengWang":10},"1109006":{"id":1109006,"level":52,"name":"i18n_221109006","type":1,"addShengWang":10},"1109007":{"id":1109007,"level":53,"name":"i18n_221109007","type":1,"addShengWang":10},"1109008":{"id":1109008,"level":53,"name":"i18n_221109008","type":1,"addShengWang":10},"1109009":{"id":1109009,"level":54,"name":"i18n_221109009","type":1,"addShengWang":10},"1109010":{"id":1109010,"level":54,"name":"i18n_221109010","type":1,"addShengWang":10},"1109011":{"id":1109011,"level":55,"name":"i18n_221109011","type":1,"addShengWang":10},"1109012":{"id":1109012,"level":55,"name":"i18n_221109012","type":1,"addShengWang":10},"1109013":{"id":1109013,"level":56,"name":"i18n_221109013","type":1,"addShengWang":10},"1110001":{"id":1110001,"level":56,"name":"i18n_221110001","type":1,"addShengWang":10},"1110002":{"id":1110002,"level":56,"name":"i18n_221110002","type":1,"addShengWang":10},"1110003":{"id":1110003,"level":56,"name":"i18n_221110003","type":1,"addShengWang":10},"1110004":{"id":1110004,"level":56,"name":"i18n_221110004","type":1,"addShengWang":10},"1110005":{"id":1110005,"level":57,"name":"i18n_221110005","type":1,"addShengWang":10},"1110006":{"id":1110006,"level":57,"name":"i18n_221110006","type":1,"addShengWang":10},"1110007":{"id":1110007,"level":57,"name":"i18n_221110007","type":1,"addShengWang":10},"1110008":{"id":1110008,"level":58,"name":"i18n_221110008","type":1,"addShengWang":10},"1110009":{"id":1110009,"level":58,"name":"i18n_221110009","type":1,"addShengWang":10},"1110010":{"id":1110010,"level":58,"name":"i18n_221110010","type":1,"addShengWang":10},"1110011":{"id":1110011,"level":58,"name":"i18n_221110011","type":1,"addShengWang":10},"1110012":{"id":1110012,"level":59,"name":"i18n_221110012","type":1,"addShengWang":10},"1110013":{"id":1110013,"level":59,"name":"i18n_221110013","type":1,"addShengWang":10},"1110014":{"id":1110014,"level":60,"name":"i18n_221110014","type":1,"addShengWang":10},"1110015":{"id":1110015,"level":60,"name":"i18n_221110015","type":1,"addShengWang":10},"1110016":{"id":1110016,"level":60,"name":"i18n_221110016","type":1,"addShengWang":10},"1110017":{"id":1110017,"level":60,"name":"i18n_221110017","type":1,"addShengWang":10},"1111001":{"id":1111001,"level":61,"name":"i18n_221111001","type":1,"addShengWang":10},"1111002":{"id":1111002,"level":61,"name":"i18n_221111002","type":1,"addShengWang":10},"1111003":{"id":1111003,"level":62,"name":"i18n_221111003","type":1,"addShengWang":10},"1111004":{"id":1111004,"level":62,"name":"i18n_221111004","type":1,"addShengWang":10},"1111005":{"id":1111005,"level":63,"name":"i18n_221111005","type":1,"addShengWang":10},"1111006":{"id":1111006,"level":63,"name":"i18n_221111006","type":1,"addShengWang":10},"1111007":{"id":1111007,"level":64,"name":"i18n_221111007","type":1,"addShengWang":10},"1111008":{"id":1111008,"level":64,"name":"i18n_221111008","type":1,"addShengWang":10},"1111009":{"id":1111009,"level":65,"name":"i18n_221111009","type":1,"addShengWang":10},"1111010":{"id":1111010,"level":65,"name":"i18n_221111010","type":1,"addShengWang":10},"1111011":{"id":1111011,"level":66,"name":"i18n_221111011","type":1,"addShengWang":10},"1111012":{"id":1111012,"level":66,"name":"i18n_221111012","type":1,"addShengWang":10},"1111013":{"id":1111013,"level":67,"name":"i18n_221111013","type":1,"addShengWang":10},"1111014":{"id":1111014,"level":67,"name":"i18n_221111014","type":1,"addShengWang":10},"1111015":{"id":1111015,"level":68,"name":"i18n_221111015","type":1,"addShengWang":10},"1111016":{"id":1111016,"level":68,"name":"i18n_221111016","type":1,"addShengWang":10},"1111017":{"id":1111017,"level":69,"name":"i18n_221111017","type":1,"addShengWang":10},"1111018":{"id":1111018,"level":69,"name":"i18n_221111018","type":1,"addShengWang":10},"1111019":{"id":1111019,"level":70,"name":"i18n_221111019","type":1,"addShengWang":10},"1111020":{"id":1111020,"level":70,"name":"i18n_221111020","type":1,"addShengWang":10},"3000001":{"id":3000001,"level":999,"name":"i18n_223000001","type":3,"randomItemDropIDs":"190001"},"3000002":{"id":3000002,"level":999,"name":"i18n_223000002","type":3,"randomItemDropIDs":"190001"},"3000003":{"id":3000003,"level":999,"name":"i18n_223000003","type":3,"randomItemDropIDs":"190001"},"3000004":{"id":3000004,"level":999,"name":"i18n_223000004","type":3,"randomItemDropIDs":"190001"},"3000005":{"id":3000005,"level":999,"name":"i18n_223000005","type":3,"randomItemDropIDs":"190001"},"3000006":{"id":3000006,"level":999,"name":"i18n_223000006","type":3,"randomItemDropIDs":"190001"},"3000007":{"id":3000007,"level":32,"name":"i18n_223000007","type":3,"randomItemDropIDs":"190001"},"3000008":{"id":3000008,"level":37,"name":"i18n_223000008","type":3,"randomItemDropIDs":"190001"},"3000009":{"id":3000009,"level":42,"name":"i18n_223000009","type":3,"randomItemDropIDs":"190001"},"3000010":{"id":3000010,"level":47,"name":"i18n_223000010","type":3,"randomItemDropIDs":"190001"},"3000011":{"id":3000011,"level":50,"name":"i18n_223000011","type":3,"randomItemDropIDs":"190001"},"3000012":{"id":3000012,"level":52,"name":"i18n_223000012","type":3,"randomItemDropIDs":"190001"},"3000013":{"id":3000013,"level":54,"name":"i18n_223000013","type":3,"randomItemDropIDs":"190001"},"3000014":{"id":3000014,"level":56,"name":"i18n_223000014","type":3,"randomItemDropIDs":"190001"},"3000015":{"id":3000015,"level":58,"name":"i18n_223000015","type":3,"randomItemDropIDs":"190001"},"3011001":{"id":3011001,"level":25,"name":"i18n_223011001","type":2},"3011002":{"id":3011002,"level":30,"name":"i18n_223011002","type":2},"3011003":{"id":3011003,"level":35,"name":"i18n_223011003","type":2},"3011004":{"id":3011004,"level":40,"name":"i18n_223011004","type":2},"3011005":{"id":3011005,"level":41,"name":"i18n_223011005","type":2},"3011006":{"id":3011006,"level":42,"name":"i18n_223011006","type":2},"3011007":{"id":3011007,"level":43,"name":"i18n_223011007","type":2},"3011008":{"id":3011008,"level":44,"name":"i18n_223011008","type":2},"3011009":{"id":3011009,"level":45,"name":"i18n_223011009","type":2},"3011010":{"id":3011010,"level":46,"name":"i18n_223011010","type":2},"3011011":{"id":3011011,"level":47,"name":"i18n_223011011","type":2},"3011012":{"id":3011012,"level":48,"name":"i18n_223011012","type":2},"3011013":{"id":3011013,"level":49,"name":"i18n_223011013","type":2},"3011014":{"id":3011014,"level":50,"name":"i18n_223011014","type":2},"3012001":{"id":3012001,"level":25,"name":"i18n_223012001","type":2},"3012002":{"id":3012002,"level":30,"name":"i18n_223012002","type":2},"3012003":{"id":3012003,"level":35,"name":"i18n_223012003","type":2},"3012004":{"id":3012004,"level":40,"name":"i18n_223012004","type":2},"3012005":{"id":3012005,"level":41,"name":"i18n_223012005","type":2},"3012006":{"id":3012006,"level":42,"name":"i18n_223012006","type":2},"3012007":{"id":3012007,"level":43,"name":"i18n_223012007","type":2},"3012008":{"id":3012008,"level":44,"name":"i18n_223012008","type":2},"3012009":{"id":3012009,"level":45,"name":"i18n_223012009","type":2},"3012010":{"id":3012010,"level":46,"name":"i18n_223012010","type":2},"3012011":{"id":3012011,"level":47,"name":"i18n_223012011","type":2},"3012012":{"id":3012012,"level":48,"name":"i18n_223012012","type":2},"3012013":{"id":3012013,"level":49,"name":"i18n_223012013","type":2},"3012014":{"id":3012014,"level":50,"name":"i18n_223012014","type":2},"3013001":{"id":3013001,"level":60,"name":"i18n_223013001","type":2},"3013002":{"id":3013002,"level":60,"name":"i18n_223013002","type":2},"3013003":{"id":3013003,"level":70,"name":"i18n_223013003","type":2},"3013004":{"id":3013004,"level":70,"name":"i18n_223013004","type":2},"3013005":{"id":3013005,"level":80,"name":"i18n_223013005","type":2},"3013006":{"id":3013006,"level":80,"name":"i18n_223013006","type":2},"3013007":{"id":3013007,"level":90,"name":"i18n_223013007","type":2},"3021001":{"id":3021001,"level":23,"name":"i18n_223021001","type":2},"3021002":{"id":3021002,"level":25,"name":"i18n_223021002","type":2},"3021003":{"id":3021003,"level":30,"name":"i18n_223021003","type":2},"3021004":{"id":3021004,"level":35,"name":"i18n_223021004","type":2},"3021005":{"id":3021005,"level":40,"name":"i18n_223021005","type":2},"3021006":{"id":3021006,"level":45,"name":"i18n_223021006","type":2},"3021007":{"id":3021007,"level":50,"name":"i18n_223021007","type":2},"3021008":{"id":3021008,"level":55,"name":"i18n_223021008","type":2},"3022001":{"id":3022001,"level":23,"name":"i18n_223022001","type":2},"3022002":{"id":3022002,"level":25,"name":"i18n_223022002","type":2},"3022003":{"id":3022003,"level":30,"name":"i18n_223022003","type":2},"3022004":{"id":3022004,"level":35,"name":"i18n_223022004","type":2},"3022005":{"id":3022005,"level":40,"name":"i18n_223022005","type":2},"3022006":{"id":3022006,"level":45,"name":"i18n_223022006","type":2},"3022007":{"id":3022007,"level":50,"name":"i18n_223022007","type":2},"3022008":{"id":3022008,"level":55,"name":"i18n_223022008","type":2},"3023001":{"id":3023001,"level":60,"name":"i18n_223023001","type":2},"3023002":{"id":3023002,"level":60,"name":"i18n_223023002","type":2},"3023003":{"id":3023003,"level":65,"name":"i18n_223023003","type":2},"3023004":{"id":3023004,"level":65,"name":"i18n_223023004","type":2},"3023005":{"id":3023005,"level":70,"name":"i18n_223023005","type":2},"3023006":{"id":3023006,"level":70,"name":"i18n_223023006","type":2},"3023007":{"id":3023007,"level":70,"name":"i18n_223023007","type":2},"3023008":{"id":3023008,"level":75,"name":"i18n_223023008","type":2},"3023009":{"id":3023009,"level":75,"name":"i18n_223023009","type":2},"3023010":{"id":3023010,"level":80,"name":"i18n_223023010","type":2},"3023011":{"id":3023011,"level":80,"name":"i18n_223023011","type":2},"3023012":{"id":3023012,"level":80,"name":"i18n_223023012","type":2},"3023013":{"id":3023013,"level":80,"name":"i18n_223023013","type":2},"1000":{"id":1000,"level":35,"name":"i18n_220001000","type":10},"1001":{"id":1001,"level":35,"name":"i18n_220001001","type":10},"1002":{"id":1002,"level":35,"name":"i18n_220001002","type":10},"1003":{"id":1003,"level":35,"name":"i18n_220001003","type":10},"1004":{"id":1004,"level":35,"name":"i18n_220001004","type":10},"2103001":{"id":2103001,"level":888,"name":"i18n_222103001","type":2},"2103002":{"id":2103002,"level":888,"name":"i18n_222103002","type":2},"2103003":{"id":2103003,"level":888,"name":"i18n_222103003","type":2},"2103004":{"id":2103004,"level":999,"name":"i18n_222103004","type":2},"2103005":{"id":2103005,"level":999,"name":"i18n_222103005","type":2},"2103007":{"id":2103007,"level":19,"name":"i18n_222103007","type":2},"2103008":{"id":2103008,"level":16,"name":"i18n_222103008","type":2},"2103009":{"id":2103009,"level":16,"name":"i18n_222103009","type":12},"2103010":{"id":2103010,"level":19,"name":"i18n_222103010","type":2},"2103011":{"id":2103011,"level":180,"name":"i18n_222103011","type":2},"2103012":{"id":2103012,"level":190,"name":"i18n_222103012","type":2},"2103013":{"id":2103013,"level":190,"name":"i18n_222103013","type":2},"2103014":{"id":2103014,"level":190,"name":"i18n_222103014","type":2},"2103015":{"id":2103015,"level":190,"name":"i18n_222103015","type":2},"2103016":{"id":2103016,"level":190,"name":"i18n_222103016","type":2},"2103017":{"id":2103017,"level":190,"name":"i18n_222103017","type":2},"2103018":{"id":2103018,"level":19,"name":"i18n_222103018","type":2},"2103021":{"id":2103021,"level":27,"name":"i18n_222103021","type":2},"2103023":{"id":2103023,"level":17,"name":"i18n_221010002","type":2},"2103024":{"id":2103024,"level":18,"name":"i18n_221010002","type":2},"2103025":{"id":2103025,"level":19,"name":"i18n_221010002","type":2},"2103026":{"id":2103026,"level":999,"name":"i18n_222103026","type":2},"2103027":{"id":2103027,"level":10,"name":"i18n_222103027","type":11},"2103028":{"id":2103028,"level":999,"name":"i18n_222103028","type":11},"2103029":{"id":2103029,"level":999,"name":"i18n_222103029","type":11},"2103030":{"id":2103030,"level":999,"name":"i18n_222103030","type":11},"2103031":{"id":2103031,"level":999,"name":"i18n_222103031","type":11},"2103032":{"id":2103032,"level":999,"name":"i18n_222103032","type":11},"2103033":{"id":2103033,"level":999,"name":"i18n_222103033","type":11},"2103034":{"id":2103034,"level":999,"name":"i18n_222103034","type":11},"2103035":{"id":2103035,"level":999,"name":"i18n_222103035","type":11},"2103036":{"id":2103036,"level":999,"name":"i18n_222103036","type":11},"2103037":{"id":2103037,"level":999,"name":"i18n_222103037","type":11},"2103038":{"id":2103038,"level":19,"name":"i18n_222103019","type":12},"2103040":{"id":2103040,"level":170,"name":"i18n_222103040","type":2},"2103041":{"id":2103041,"level":170,"name":"i18n_222103041","type":2},"2103020":{"id":2103020,"level":999,"name":"i18n_222103020","type":2},"2103042":{"id":2103042,"level":18,"name":"i18n_222103042","type":2,"newPlayerGuiderIDs":"169"},"2103043":{"id":2103043,"level":19,"name":"i18n_222103043","type":2,"newPlayerGuiderIDs":"164"},"2103044":{"id":2103044,"level":999,"name":"i18n_222103044","type":2,"newPlayerGuiderIDs":"165"},"2103045":{"id":2103045,"level":999,"name":"i18n_222103045","type":2,"newPlayerGuiderIDs":"166"},"2103046":{"id":2103046,"level":21,"name":"i18n_222103046","type":2,"newPlayerGuiderIDs":"167"},"2103047":{"id":2103047,"level":21,"name":"i18n_222103047","type":2,"newPlayerGuiderIDs":"168"},"2103048":{"id":2103048,"level":11,"name":"i18n_222103048","type":2},"2103049":{"id":2103049,"level":11,"name":"i18n_222103049","type":2},"2103050":{"id":2103050,"level":16,"name":"i18n_222103049","type":2},"2103051":{"id":2103051,"level":16,"name":"i18n_222103048","type":2},"2104001":{"id":2104001,"level":888,"name":"i18n_222104001","type":2},"2104002":{"id":2104002,"level":888,"name":"i18n_222104002","type":2},"2104003":{"id":2104003,"level":888,"name":"i18n_222104003","type":2},"2104004":{"id":2104004,"level":999,"name":"i18n_222104004","type":2},"2104005":{"id":2104005,"level":999,"name":"i18n_222104005","type":2},"2104007":{"id":2104007,"level":19,"name":"i18n_222104007","type":2},"2104008":{"id":2104008,"level":16,"name":"i18n_222104008","type":2},"2104009":{"id":2104009,"level":16,"name":"i18n_222104009","type":12},"2104010":{"id":2104010,"level":19,"name":"i18n_222104010","type":2},"2104011":{"id":2104011,"level":180,"name":"i18n_222104011","type":2},"2104012":{"id":2104012,"level":190,"name":"i18n_222104012","type":2},"2104013":{"id":2104013,"level":190,"name":"i18n_222104013","type":2},"2104014":{"id":2104014,"level":190,"name":"i18n_222104014","type":2},"2104015":{"id":2104015,"level":190,"name":"i18n_222104015","type":2},"2104016":{"id":2104016,"level":190,"name":"i18n_222104016","type":2},"2104017":{"id":2104017,"level":190,"name":"i18n_222104017","type":2},"2104018":{"id":2104018,"level":19,"name":"i18n_222104018","type":2},"2104021":{"id":2104021,"level":27,"name":"i18n_222104021","type":2},"2104023":{"id":2104023,"level":17,"name":"i18n_221010002","type":2},"2104024":{"id":2104024,"level":18,"name":"i18n_221010002","type":2},"2104025":{"id":2104025,"level":19,"name":"i18n_221010002","type":2},"2104026":{"id":2104026,"level":999,"name":"i18n_222103026","type":2},"2104027":{"id":2104027,"level":10,"name":"i18n_222103027","type":11},"2104028":{"id":2104028,"level":999,"name":"i18n_222103028","type":11},"2104029":{"id":2104029,"level":999,"name":"i18n_222103029","type":11},"2104030":{"id":2104030,"level":999,"name":"i18n_222103030","type":11},"2104031":{"id":2104031,"level":999,"name":"i18n_222103031","type":11},"2104032":{"id":2104032,"level":999,"name":"i18n_222103032","type":11},"2104033":{"id":2104033,"level":999,"name":"i18n_222103033","type":11},"2104034":{"id":2104034,"level":999,"name":"i18n_222103034","type":11},"2104035":{"id":2104035,"level":999,"name":"i18n_222103035","type":11},"2104036":{"id":2104036,"level":999,"name":"i18n_222103036","type":11},"2104037":{"id":2104037,"level":999,"name":"i18n_222103037","type":11},"2104038":{"id":2104038,"level":19,"name":"i18n_222104019","type":12},"2104040":{"id":2104040,"level":170,"name":"i18n_222104040","type":2},"2104041":{"id":2104041,"level":170,"name":"i18n_222104041","type":2},"2104020":{"id":2104020,"level":999,"name":"i18n_222104020","type":2},"2104042":{"id":2104042,"level":18,"name":"i18n_222103042","type":2,"newPlayerGuiderIDs":"169"},"2104043":{"id":2104043,"level":19,"name":"i18n_222103043","type":2,"newPlayerGuiderIDs":"164"},"2104044":{"id":2104044,"level":999,"name":"i18n_222103044","type":2,"newPlayerGuiderIDs":"165"},"2104045":{"id":2104045,"level":999,"name":"i18n_222103045","type":2,"newPlayerGuiderIDs":"166"},"2104046":{"id":2104046,"level":21,"name":"i18n_222103046","type":2,"newPlayerGuiderIDs":"167"},"2104047":{"id":2104047,"level":21,"name":"i18n_222103047","type":2,"newPlayerGuiderIDs":"168"},"2104048":{"id":2104048,"level":11,"name":"i18n_222103048","type":2},"2104049":{"id":2104049,"level":11,"name":"i18n_222103049","type":2},"2104050":{"id":2104050,"level":16,"name":"i18n_222103049","type":2},"2104051":{"id":2104051,"level":16,"name":"i18n_222103048","type":2},"2105001":{"id":2105001,"level":21,"name":"i18n_222105001","type":2},"2105002":{"id":2105002,"level":23,"name":"i18n_222105002","type":2},"2105003":{"id":2105003,"level":23,"name":"i18n_222105003","type":2},"2105004":{"id":2105004,"level":23,"name":"i18n_222105004","type":2},"2105005":{"id":2105005,"level":23,"name":"i18n_222105005","type":12},"2105006":{"id":2105006,"level":23,"name":"i18n_222105006","type":2},"2105007":{"id":2105007,"level":24,"name":"i18n_222105007","type":2},"2105008":{"id":2105008,"level":24,"name":"i18n_222105008","type":2},"2105009":{"id":2105009,"level":25,"name":"i18n_222105009","type":2},"2105010":{"id":2105010,"level":25,"name":"i18n_222105010","type":2},"2105011":{"id":2105011,"level":26,"name":"i18n_222105011","type":2},"2105012":{"id":2105012,"level":26,"name":"i18n_222105012","type":2},"2105013":{"id":2105013,"level":28,"name":"i18n_222105013","type":2},"2105014":{"id":2105014,"level":28,"name":"i18n_222105014","type":2},"2105015":{"id":2105015,"level":28,"name":"i18n_222105015","type":2},"2105016":{"id":2105016,"level":28,"name":"i18n_222105016","type":2},"2105017":{"id":2105017,"level":29,"name":"i18n_222105017","type":2},"2105018":{"id":2105018,"level":29,"name":"i18n_222105018","type":2},"2105019":{"id":2105019,"level":29,"name":"i18n_222105019","type":2},"2105020":{"id":2105020,"level":30,"name":"i18n_222105020","type":2},"2105021":{"id":2105021,"level":32,"name":"i18n_222105021","type":2},"2105022":{"id":2105022,"level":32,"name":"i18n_222105022","type":2},"2105023":{"id":2105023,"level":25,"name":"i18n_222105023","type":2},"2105024":{"id":2105024,"level":25,"name":"i18n_222105024","type":2,"addShengWang":500},"2105025":{"id":2105025,"level":25,"name":"i18n_222105024","type":2,"addShengWang":500},"2105026":{"id":2105026,"level":21,"name":"i18n_221010002","type":2},"2105027":{"id":2105027,"level":23,"name":"i18n_221010002","type":2},"2105028":{"id":2105028,"level":25,"name":"i18n_221010002","type":2},"2105029":{"id":2105029,"level":27,"name":"i18n_221010002","type":2},"2105030":{"id":2105030,"level":29,"name":"i18n_221010002","type":2},"2200001":{"id":2200001,"level":20,"name":"i18n_222200001","type":2,"addShengWang":20},"2200002":{"id":2200002,"level":20,"name":"i18n_222200001","type":12,"addShengWang":20},"2200003":{"id":2200003,"level":999,"name":"i18n_222200001","type":12,"addShengWang":20},"2200004":{"id":2200004,"level":30,"name":"i18n_222200001","type":12,"addShengWang":20},"2200005":{"id":2200005,"level":30,"name":"i18n_222200001","type":12,"addShengWang":20},"2200006":{"id":2200006,"level":999,"name":"i18n_222200001","type":12,"addShengWang":20},"2200007":{"id":2200007,"level":40,"name":"i18n_222200001","type":12,"addShengWang":20},"2200008":{"id":2200008,"level":40,"name":"i18n_222200001","type":12,"addShengWang":20},"2200009":{"id":2200009,"level":999,"name":"i18n_222200001","type":12,"addShengWang":20},"2200010":{"id":2200010,"level":50,"name":"i18n_222200001","type":12,"addShengWang":20},"2200011":{"id":2200011,"level":50,"name":"i18n_222200001","type":12,"addShengWang":20},"2200012":{"id":2200012,"level":999,"name":"i18n_222200001","type":12,"addShengWang":20},"2200013":{"id":2200013,"level":60,"name":"i18n_222200001","type":12,"addShengWang":20},"2200014":{"id":2200014,"level":60,"name":"i18n_222200001","type":12,"addShengWang":20},"2105031":{"id":2105031,"level":21,"name":"i18n_222105031","type":2},"2105032":{"id":2105032,"level":21,"name":"i18n_222105032","type":2},"2105033":{"id":2105033,"level":23,"name":"i18n_222105033","type":2},"2105034":{"id":2105034,"level":23,"name":"i18n_222105034","type":2},"2105035":{"id":2105035,"level":30,"name":"i18n_222105035","type":2},"2105036":{"id":2105036,"level":35,"name":"i18n_222105036","type":2},"2105037":{"id":2105037,"level":24,"name":"i18n_222105037","type":2},"2105038":{"id":2105038,"level":25,"name":"i18n_222105038","type":2},"2105039":{"id":2105039,"level":21,"name":"i18n_222103048","type":2},"2105040":{"id":2105040,"level":999,"name":"i18n_222103048","type":2},"2105041":{"id":2105041,"level":27,"name":"i18n_222105041","type":2,"addShengWang":20},"2105042":{"id":2105042,"level":23,"name":"i18n_221010011","type":2,"addShengWang":20},"2106001":{"id":2106001,"level":31,"name":"i18n_222106001","type":2},"2106002":{"id":2106002,"level":31,"name":"i18n_222106002","type":2},"2106003":{"id":2106003,"level":32,"name":"i18n_222106003","type":2},"2106004":{"id":2106004,"level":32,"name":"i18n_222106004","type":2},"2106005":{"id":2106005,"level":33,"name":"i18n_222106005","type":2},"2106006":{"id":2106006,"level":33,"name":"i18n_222106006","type":2},"2106007":{"id":2106007,"level":34,"name":"i18n_222106007","type":2},"2106008":{"id":2106008,"level":34,"name":"i18n_222106008","type":2},"2106009":{"id":2106009,"level":35,"name":"i18n_222106009","type":2},"2106010":{"id":2106010,"level":35,"name":"i18n_222106010","type":2},"2106011":{"id":2106011,"level":36,"name":"i18n_222106011","type":2},"2106012":{"id":2106012,"level":36,"name":"i18n_222106012","type":2},"2106013":{"id":2106013,"level":37,"name":"i18n_222106013","type":2},"2106014":{"id":2106014,"level":37,"name":"i18n_222106014","type":2},"2106015":{"id":2106015,"level":38,"name":"i18n_222106015","type":2},"2106016":{"id":2106016,"level":38,"name":"i18n_222106016","type":2},"2106017":{"id":2106017,"level":39,"name":"i18n_222106017","type":2},"2106018":{"id":2106018,"level":39,"name":"i18n_222106018","type":2},"2106019":{"id":2106019,"level":40,"name":"i18n_222106019","type":2},"2106020":{"id":2106020,"level":40,"name":"i18n_222106020","type":2},"2106021":{"id":2106021,"level":30,"name":"i18n_222106021","type":2},"2106022":{"id":2106022,"level":30,"name":"i18n_222106022","type":2},"2106023":{"id":2106023,"level":30,"name":"i18n_222106023","type":2,"newPlayerGuiderIDs":"54-38-39-40-41-42"},"2106024":{"id":2106024,"level":30,"name":"i18n_222106024","type":2},"2106025":{"id":2106025,"level":30,"name":"i18n_222106025","type":2,"newPlayerGuiderIDs":"121-122-123"},"2201001":{"id":2201001,"level":30,"name":"i18n_222201001","type":2},"2201002":{"id":2201002,"level":30,"name":"i18n_222201001","type":2},"2201003":{"id":2201003,"level":35,"name":"i18n_222201001","type":2},"2201004":{"id":2201004,"level":35,"name":"i18n_222201001","type":2},"2201005":{"id":2201005,"level":40,"name":"i18n_222201001","type":2},"2201006":{"id":2201006,"level":40,"name":"i18n_222201001","type":2},"2201007":{"id":2201007,"level":45,"name":"i18n_222201001","type":2},"2201008":{"id":2201008,"level":45,"name":"i18n_222201001","type":2},"2201009":{"id":2201009,"level":50,"name":"i18n_222201001","type":2},"2201010":{"id":2201010,"level":50,"name":"i18n_222201001","type":2},"2201011":{"id":2201011,"level":55,"name":"i18n_222201001","type":2},"2201012":{"id":2201012,"level":55,"name":"i18n_222201001","type":2},"2107001":{"id":2107001,"level":41,"name":"i18n_222107001","type":2},"2107002":{"id":2107002,"level":41,"name":"i18n_222107002","type":2},"2107003":{"id":2107003,"level":42,"name":"i18n_222107003","type":2},"2107004":{"id":2107004,"level":42,"name":"i18n_222107004","type":2},"2107005":{"id":2107005,"level":43,"name":"i18n_222107005","type":2},"2107006":{"id":2107006,"level":43,"name":"i18n_222107006","type":2},"2107007":{"id":2107007,"level":44,"name":"i18n_222107007","type":2},"2107008":{"id":2107008,"level":44,"name":"i18n_222107008","type":2},"2107009":{"id":2107009,"level":45,"name":"i18n_222107009","type":2},"2107010":{"id":2107010,"level":45,"name":"i18n_222107010","type":2},"2108001":{"id":2108001,"level":46,"name":"i18n_222108001","type":2},"2108002":{"id":2108002,"level":46,"name":"i18n_222108002","type":2},"2108003":{"id":2108003,"level":47,"name":"i18n_222108003","type":2},"2108004":{"id":2108004,"level":47,"name":"i18n_222108004","type":2},"2108005":{"id":2108005,"level":48,"name":"i18n_222108005","type":2},"2108006":{"id":2108006,"level":48,"name":"i18n_222108006","type":2},"2108007":{"id":2108007,"level":49,"name":"i18n_222108007","type":2},"2108008":{"id":2108008,"level":49,"name":"i18n_222108008","type":2},"2108009":{"id":2108009,"level":50,"name":"i18n_222108009","type":2},"2108010":{"id":2108010,"level":50,"name":"i18n_222108010","type":2},"2109001":{"id":2109001,"level":51,"name":"i18n_222109001","type":2},"2109002":{"id":2109002,"level":51,"name":"i18n_222109002","type":2},"2109003":{"id":2109003,"level":52,"name":"i18n_222109003","type":2},"2109004":{"id":2109004,"level":52,"name":"i18n_222109004","type":2},"2109005":{"id":2109005,"level":53,"name":"i18n_222109005","type":2},"2109006":{"id":2109006,"level":53,"name":"i18n_222109006","type":2},"2109007":{"id":2109007,"level":54,"name":"i18n_222109007","type":2},"2109008":{"id":2109008,"level":54,"name":"i18n_222109008","type":2},"2109009":{"id":2109009,"level":55,"name":"i18n_222109009","type":2},"2109010":{"id":2109010,"level":55,"name":"i18n_222109010","type":2},"2110001":{"id":2110001,"level":56,"name":"i18n_222110001","type":2},"2110002":{"id":2110002,"level":56,"name":"i18n_222110002","type":2},"2110003":{"id":2110003,"level":57,"name":"i18n_222110003","type":2},"2110004":{"id":2110004,"level":57,"name":"i18n_222110004","type":2},"2110005":{"id":2110005,"level":58,"name":"i18n_222110005","type":2},"2110006":{"id":2110006,"level":58,"name":"i18n_222110006","type":2},"2110007":{"id":2110007,"level":59,"name":"i18n_222110007","type":2},"2110008":{"id":2110008,"level":59,"name":"i18n_222110008","type":2},"2110009":{"id":2110009,"level":60,"name":"i18n_222110009","type":2},"2110010":{"id":2110010,"level":60,"name":"i18n_222110010","type":2},"5000000":{"id":5000000,"level":999,"name":"i18n_225000000","type":5},"5101001":{"id":5101001,"level":20,"name":"i18n_225101001","type":5,"addShengWang":300},"5101002":{"id":5101002,"level":20,"name":"i18n_225101002","type":5,"addShengWang":300},"5101003":{"id":5101003,"level":20,"name":"i18n_225101003","type":5,"addShengWang":300},"5101004":{"id":5101004,"level":20,"name":"i18n_225101004","type":5,"addShengWang":300},"5101005":{"id":5101005,"level":20,"name":"i18n_225101005","type":5,"addShengWang":300},"5101006":{"id":5101006,"level":20,"name":"i18n_225101006","type":5,"addShengWang":300},"5101007":{"id":5101007,"level":20,"name":"i18n_225101007","type":5,"addShengWang":300},"5101008":{"id":5101008,"level":20,"name":"i18n_225101008","type":5,"addShengWang":300},"5101009":{"id":5101009,"level":20,"name":"i18n_225101009","type":5,"addShengWang":300},"5101010":{"id":5101010,"level":20,"name":"i18n_225101010","type":5,"addShengWang":300},"5101011":{"id":5101011,"level":20,"name":"i18n_225101011","type":5,"addShengWang":300},"5101012":{"id":5101012,"level":20,"name":"i18n_225101012","type":5,"addShengWang":300},"5101013":{"id":5101013,"level":20,"name":"i18n_225101013","type":5,"addShengWang":300},"5101014":{"id":5101014,"level":20,"name":"i18n_225101014","type":5,"addShengWang":300},"5101015":{"id":5101015,"level":20,"name":"i18n_225101015","type":5,"addShengWang":300},"5101016":{"id":5101016,"level":20,"name":"i18n_225101016","type":5,"addShengWang":300},"5101017":{"id":5101017,"level":20,"name":"i18n_225101017","type":5,"addShengWang":300},"5101018":{"id":5101018,"level":20,"name":"i18n_225101018","type":5,"addShengWang":300},"5101019":{"id":5101019,"level":20,"name":"i18n_225101019","type":5,"addShengWang":300},"5101020":{"id":5101020,"level":20,"name":"i18n_225101020","type":5,"addShengWang":300},"5101021":{"id":5101021,"level":20,"name":"i18n_225101021","type":5,"addShengWang":300},"5101022":{"id":5101022,"level":20,"name":"i18n_225101022","type":5,"addShengWang":300},"5101023":{"id":5101023,"level":20,"name":"i18n_225101023","type":5,"addShengWang":300},"5101024":{"id":5101024,"level":20,"name":"i18n_225101024","type":5,"addShengWang":300},"5101025":{"id":5101025,"level":20,"name":"i18n_225101025","type":5,"addShengWang":300},"5102001":{"id":5102001,"level":20,"name":"i18n_225102001","type":5,"addShengWang":300},"5102002":{"id":5102002,"level":20,"name":"i18n_225102002","type":5,"addShengWang":300},"5102003":{"id":5102003,"level":20,"name":"i18n_225102003","type":5,"addShengWang":300},"5102004":{"id":5102004,"level":20,"name":"i18n_225102004","type":5,"addShengWang":300},"5102005":{"id":5102005,"level":20,"name":"i18n_225102005","type":5,"addShengWang":300},"5102006":{"id":5102006,"level":20,"name":"i18n_225102006","type":5,"addShengWang":300},"5102007":{"id":5102007,"level":20,"name":"i18n_225102007","type":5,"addShengWang":300},"5102008":{"id":5102008,"level":20,"name":"i18n_225102008","type":5,"addShengWang":300},"5102009":{"id":5102009,"level":20,"name":"i18n_225102009","type":5,"addShengWang":300},"5102010":{"id":5102010,"level":20,"name":"i18n_225102010","type":5,"addShengWang":300},"5102011":{"id":5102011,"level":20,"name":"i18n_225102011","type":5,"addShengWang":300},"5102012":{"id":5102012,"level":20,"name":"i18n_225102012","type":5,"addShengWang":300},"5102013":{"id":5102013,"level":20,"name":"i18n_225102013","type":5,"addShengWang":300},"5102014":{"id":5102014,"level":20,"name":"i18n_225102014","type":5,"addShengWang":300},"5102015":{"id":5102015,"level":20,"name":"i18n_225102015","type":5,"addShengWang":300},"5102016":{"id":5102016,"level":20,"name":"i18n_225102016","type":5,"addShengWang":300},"5102017":{"id":5102017,"level":20,"name":"i18n_225102017","type":5,"addShengWang":300},"5102018":{"id":5102018,"level":20,"name":"i18n_225102018","type":5,"addShengWang":300},"5102019":{"id":5102019,"level":20,"name":"i18n_225102019","type":5,"addShengWang":300},"5102020":{"id":5102020,"level":20,"name":"i18n_225102020","type":5,"addShengWang":300},"5102021":{"id":5102021,"level":20,"name":"i18n_225102021","type":5,"addShengWang":300},"5102022":{"id":5102022,"level":20,"name":"i18n_225102022","type":5,"addShengWang":300},"5102023":{"id":5102023,"level":20,"name":"i18n_225102023","type":5,"addShengWang":300},"5102024":{"id":5102024,"level":20,"name":"i18n_225102024","type":5,"addShengWang":300},"5102025":{"id":5102025,"level":20,"name":"i18n_225102025","type":5,"addShengWang":300},"5201001":{"id":5201001,"level":30,"name":"i18n_225201001","type":5,"addShengWang":500},"5201002":{"id":5201002,"level":30,"name":"i18n_225201002","type":5,"addShengWang":500},"5201003":{"id":5201003,"level":30,"name":"i18n_225201003","type":5,"addShengWang":500},"5201004":{"id":5201004,"level":30,"name":"i18n_225201004","type":5,"addShengWang":500},"5201005":{"id":5201005,"level":30,"name":"i18n_225201005","type":5,"addShengWang":500},"5201006":{"id":5201006,"level":30,"name":"i18n_225201006","type":5,"addShengWang":500},"5201007":{"id":5201007,"level":30,"name":"i18n_225201007","type":5,"addShengWang":500},"5201008":{"id":5201008,"level":30,"name":"i18n_225201008","type":5,"addShengWang":500},"5201009":{"id":5201009,"level":30,"name":"i18n_225201009","type":5,"addShengWang":500},"5201010":{"id":5201010,"level":30,"name":"i18n_225201010","type":5,"addShengWang":500},"5201011":{"id":5201011,"level":30,"name":"i18n_225201011","type":5,"addShengWang":500},"5201012":{"id":5201012,"level":30,"name":"i18n_225201012","type":5,"addShengWang":500},"5201013":{"id":5201013,"level":30,"name":"i18n_225201013","type":5,"addShengWang":500},"5201014":{"id":5201014,"level":30,"name":"i18n_225201014","type":5,"addShengWang":500},"5201015":{"id":5201015,"level":30,"name":"i18n_225201015","type":5,"addShengWang":500},"5201016":{"id":5201016,"level":30,"name":"i18n_225201016","type":5,"addShengWang":500},"5201017":{"id":5201017,"level":30,"name":"i18n_225201017","type":5,"addShengWang":500},"5201018":{"id":5201018,"level":30,"name":"i18n_225201018","type":5,"addShengWang":500},"5201019":{"id":5201019,"level":30,"name":"i18n_225201019","type":5,"addShengWang":500},"5201020":{"id":5201020,"level":30,"name":"i18n_225201020","type":5,"addShengWang":500},"5201021":{"id":5201021,"level":30,"name":"i18n_225201021","type":5,"addShengWang":500},"5201022":{"id":5201022,"level":30,"name":"i18n_225201022","type":5,"addShengWang":500},"5201023":{"id":5201023,"level":30,"name":"i18n_225201023","type":5,"addShengWang":500},"5201024":{"id":5201024,"level":30,"name":"i18n_225201024","type":5,"addShengWang":500},"5201025":{"id":5201025,"level":30,"name":"i18n_225201025","type":5,"addShengWang":500},"5202001":{"id":5202001,"level":30,"name":"i18n_225202001","type":5,"addShengWang":500},"5202002":{"id":5202002,"level":30,"name":"i18n_225202002","type":5,"addShengWang":500},"5202003":{"id":5202003,"level":30,"name":"i18n_225202003","type":5,"addShengWang":500},"5202004":{"id":5202004,"level":30,"name":"i18n_225202004","type":5,"addShengWang":500},"5202005":{"id":5202005,"level":30,"name":"i18n_225202005","type":5,"addShengWang":500},"5202006":{"id":5202006,"level":30,"name":"i18n_225202006","type":5,"addShengWang":500},"5202007":{"id":5202007,"level":30,"name":"i18n_225202007","type":5,"addShengWang":500},"5202008":{"id":5202008,"level":30,"name":"i18n_225202008","type":5,"addShengWang":500},"5202009":{"id":5202009,"level":30,"name":"i18n_225202009","type":5,"addShengWang":500},"5202010":{"id":5202010,"level":30,"name":"i18n_225202010","type":5,"addShengWang":500},"5202011":{"id":5202011,"level":30,"name":"i18n_225202011","type":5,"addShengWang":500},"5202012":{"id":5202012,"level":30,"name":"i18n_225202012","type":5,"addShengWang":500},"5202013":{"id":5202013,"level":30,"name":"i18n_225202013","type":5,"addShengWang":500},"5202014":{"id":5202014,"level":30,"name":"i18n_225202014","type":5,"addShengWang":500},"5202015":{"id":5202015,"level":30,"name":"i18n_225202015","type":5,"addShengWang":500},"5202016":{"id":5202016,"level":30,"name":"i18n_225202016","type":5,"addShengWang":500},"5202017":{"id":5202017,"level":30,"name":"i18n_225202017","type":5,"addShengWang":500},"5202018":{"id":5202018,"level":30,"name":"i18n_225202018","type":5,"addShengWang":500},"5202019":{"id":5202019,"level":30,"name":"i18n_225202019","type":5,"addShengWang":500},"5202020":{"id":5202020,"level":30,"name":"i18n_225202020","type":5,"addShengWang":500},"5202021":{"id":5202021,"level":30,"name":"i18n_225202021","type":5,"addShengWang":500},"5202022":{"id":5202022,"level":30,"name":"i18n_225202022","type":5,"addShengWang":500},"5202023":{"id":5202023,"level":30,"name":"i18n_225202023","type":5,"addShengWang":500},"5202024":{"id":5202024,"level":30,"name":"i18n_225202024","type":5,"addShengWang":500},"5202025":{"id":5202025,"level":30,"name":"i18n_225202025","type":5,"addShengWang":500},"5301001":{"id":5301001,"level":40,"name":"i18n_225301001","type":5,"addShengWang":1000},"5301002":{"id":5301002,"level":40,"name":"i18n_225301002","type":5,"addShengWang":1000},"5301003":{"id":5301003,"level":40,"name":"i18n_225301003","type":5,"addShengWang":1000},"5301004":{"id":5301004,"level":40,"name":"i18n_225301004","type":5,"addShengWang":1000},"5301005":{"id":5301005,"level":40,"name":"i18n_225301005","type":5,"addShengWang":1000},"5301006":{"id":5301006,"level":40,"name":"i18n_225301006","type":5,"addShengWang":1000},"5301007":{"id":5301007,"level":40,"name":"i18n_225301007","type":5,"addShengWang":1000},"5301008":{"id":5301008,"level":40,"name":"i18n_225301008","type":5,"addShengWang":1000},"5301009":{"id":5301009,"level":40,"name":"i18n_225301009","type":5,"addShengWang":1000},"5301010":{"id":5301010,"level":40,"name":"i18n_225301010","type":5,"addShengWang":1000},"5301011":{"id":5301011,"level":40,"name":"i18n_225301011","type":5,"addShengWang":1000},"5301012":{"id":5301012,"level":40,"name":"i18n_225301012","type":5,"addShengWang":1000},"5301013":{"id":5301013,"level":40,"name":"i18n_225301013","type":5,"addShengWang":1000},"5301014":{"id":5301014,"level":40,"name":"i18n_225301014","type":5,"addShengWang":1000},"5301015":{"id":5301015,"level":40,"name":"i18n_225301015","type":5,"addShengWang":1000},"5301016":{"id":5301016,"level":40,"name":"i18n_225301016","type":5,"addShengWang":1000},"5301017":{"id":5301017,"level":40,"name":"i18n_225301017","type":5,"addShengWang":1000},"5301018":{"id":5301018,"level":40,"name":"i18n_225301018","type":5,"addShengWang":1000},"5301019":{"id":5301019,"level":40,"name":"i18n_225301019","type":5,"addShengWang":1000},"5301020":{"id":5301020,"level":40,"name":"i18n_225301020","type":5,"addShengWang":1000},"5301021":{"id":5301021,"level":40,"name":"i18n_225301021","type":5,"addShengWang":1000},"5301022":{"id":5301022,"level":40,"name":"i18n_225301022","type":5,"addShengWang":1000},"5301023":{"id":5301023,"level":40,"name":"i18n_225301023","type":5,"addShengWang":1000},"5301024":{"id":5301024,"level":40,"name":"i18n_225301024","type":5,"addShengWang":1000},"5301025":{"id":5301025,"level":40,"name":"i18n_225301025","type":5,"addShengWang":1000},"5302001":{"id":5302001,"level":40,"name":"i18n_225302001","type":5,"addShengWang":1000},"5302002":{"id":5302002,"level":40,"name":"i18n_225302002","type":5,"addShengWang":1000},"5302003":{"id":5302003,"level":40,"name":"i18n_225302003","type":5,"addShengWang":1000},"5302004":{"id":5302004,"level":40,"name":"i18n_225302004","type":5,"addShengWang":1000},"5302005":{"id":5302005,"level":40,"name":"i18n_225302005","type":5,"addShengWang":1000},"5302006":{"id":5302006,"level":40,"name":"i18n_225302006","type":5,"addShengWang":1000},"5302007":{"id":5302007,"level":40,"name":"i18n_225302007","type":5,"addShengWang":1000},"5302008":{"id":5302008,"level":40,"name":"i18n_225302008","type":5,"addShengWang":1000},"5302009":{"id":5302009,"level":40,"name":"i18n_225302009","type":5,"addShengWang":1000},"5302010":{"id":5302010,"level":40,"name":"i18n_225302010","type":5,"addShengWang":1000},"5302011":{"id":5302011,"level":40,"name":"i18n_225302011","type":5,"addShengWang":1000},"5302012":{"id":5302012,"level":40,"name":"i18n_225302012","type":5,"addShengWang":1000},"5302013":{"id":5302013,"level":40,"name":"i18n_225302013","type":5,"addShengWang":1000},"5302014":{"id":5302014,"level":40,"name":"i18n_225302014","type":5,"addShengWang":1000},"5302015":{"id":5302015,"level":40,"name":"i18n_225302015","type":5,"addShengWang":1000},"5302016":{"id":5302016,"level":40,"name":"i18n_225302016","type":5,"addShengWang":1000},"5302017":{"id":5302017,"level":40,"name":"i18n_225302017","type":5,"addShengWang":1000},"5302018":{"id":5302018,"level":40,"name":"i18n_225302018","type":5,"addShengWang":1000},"5302019":{"id":5302019,"level":40,"name":"i18n_225302019","type":5,"addShengWang":1000},"5302020":{"id":5302020,"level":40,"name":"i18n_225302020","type":5,"addShengWang":1000},"5302021":{"id":5302021,"level":40,"name":"i18n_225302021","type":5,"addShengWang":1000},"5302022":{"id":5302022,"level":40,"name":"i18n_225302022","type":5,"addShengWang":1000},"5302023":{"id":5302023,"level":40,"name":"i18n_225302023","type":5,"addShengWang":1000},"5302024":{"id":5302024,"level":40,"name":"i18n_225302024","type":5,"addShengWang":1000},"5302025":{"id":5302025,"level":40,"name":"i18n_225302025","type":5,"addShengWang":1000},"5401001":{"id":5401001,"level":50,"name":"i18n_225401001","type":5,"addShengWang":2000},"5401002":{"id":5401002,"level":50,"name":"i18n_225401002","type":5,"addShengWang":2000},"5401003":{"id":5401003,"level":50,"name":"i18n_225401003","type":5,"addShengWang":2000},"5401004":{"id":5401004,"level":50,"name":"i18n_225401004","type":5,"addShengWang":2000},"5401005":{"id":5401005,"level":50,"name":"i18n_225401005","type":5,"addShengWang":2000},"5401006":{"id":5401006,"level":50,"name":"i18n_225401006","type":5,"addShengWang":2000},"5401007":{"id":5401007,"level":50,"name":"i18n_225401007","type":5,"addShengWang":2000},"5401008":{"id":5401008,"level":50,"name":"i18n_225401008","type":5,"addShengWang":2000},"5401009":{"id":5401009,"level":50,"name":"i18n_225401009","type":5,"addShengWang":2000},"5401010":{"id":5401010,"level":50,"name":"i18n_225401010","type":5,"addShengWang":2000},"5401011":{"id":5401011,"level":50,"name":"i18n_225401011","type":5,"addShengWang":2000},"5401012":{"id":5401012,"level":50,"name":"i18n_225401012","type":5,"addShengWang":2000},"5401013":{"id":5401013,"level":50,"name":"i18n_225401013","type":5,"addShengWang":2000},"5401014":{"id":5401014,"level":50,"name":"i18n_225401014","type":5,"addShengWang":2000},"5401015":{"id":5401015,"level":50,"name":"i18n_225401015","type":5,"addShengWang":2000},"5401016":{"id":5401016,"level":50,"name":"i18n_225401016","type":5,"addShengWang":2000},"5401017":{"id":5401017,"level":50,"name":"i18n_225401017","type":5,"addShengWang":2000},"5401018":{"id":5401018,"level":50,"name":"i18n_225401018","type":5,"addShengWang":2000},"5401019":{"id":5401019,"level":50,"name":"i18n_225401019","type":5,"addShengWang":2000},"5401020":{"id":5401020,"level":50,"name":"i18n_225401020","type":5,"addShengWang":2000},"5401021":{"id":5401021,"level":50,"name":"i18n_225401021","type":5,"addShengWang":2000},"5401022":{"id":5401022,"level":50,"name":"i18n_225401022","type":5,"addShengWang":2000},"5401023":{"id":5401023,"level":50,"name":"i18n_225401023","type":5,"addShengWang":2000},"5401024":{"id":5401024,"level":50,"name":"i18n_225401024","type":5,"addShengWang":2000},"5401025":{"id":5401025,"level":50,"name":"i18n_225401025","type":5,"addShengWang":2000},"5402001":{"id":5402001,"level":50,"name":"i18n_225402001","type":5,"addShengWang":2000},"5402002":{"id":5402002,"level":50,"name":"i18n_225402002","type":5,"addShengWang":2000},"5402003":{"id":5402003,"level":50,"name":"i18n_225402003","type":5,"addShengWang":2000},"5402004":{"id":5402004,"level":50,"name":"i18n_225402004","type":5,"addShengWang":2000},"5402005":{"id":5402005,"level":50,"name":"i18n_225402005","type":5,"addShengWang":2000},"5402006":{"id":5402006,"level":50,"name":"i18n_225402006","type":5,"addShengWang":2000},"5402007":{"id":5402007,"level":50,"name":"i18n_225402007","type":5,"addShengWang":2000},"5402008":{"id":5402008,"level":50,"name":"i18n_225402008","type":5,"addShengWang":2000},"5402009":{"id":5402009,"level":50,"name":"i18n_225402009","type":5,"addShengWang":2000},"5402010":{"id":5402010,"level":50,"name":"i18n_225402010","type":5,"addShengWang":2000},"5402011":{"id":5402011,"level":50,"name":"i18n_225402011","type":5,"addShengWang":2000},"5402012":{"id":5402012,"level":50,"name":"i18n_225402012","type":5,"addShengWang":2000},"5402013":{"id":5402013,"level":50,"name":"i18n_225402013","type":5,"addShengWang":2000},"5402014":{"id":5402014,"level":50,"name":"i18n_225402014","type":5,"addShengWang":2000},"5402015":{"id":5402015,"level":50,"name":"i18n_225402015","type":5,"addShengWang":2000},"5402016":{"id":5402016,"level":50,"name":"i18n_225402016","type":5,"addShengWang":2000},"5402017":{"id":5402017,"level":50,"name":"i18n_225402017","type":5,"addShengWang":2000},"5402018":{"id":5402018,"level":50,"name":"i18n_225402018","type":5,"addShengWang":2000},"5402019":{"id":5402019,"level":50,"name":"i18n_225402019","type":5,"addShengWang":2000},"5402020":{"id":5402020,"level":50,"name":"i18n_225402020","type":5,"addShengWang":2000},"5402021":{"id":5402021,"level":50,"name":"i18n_225402021","type":5,"addShengWang":2000},"5402022":{"id":5402022,"level":50,"name":"i18n_225402022","type":5,"addShengWang":2000},"5402023":{"id":5402023,"level":50,"name":"i18n_225402023","type":5,"addShengWang":2000},"5402024":{"id":5402024,"level":50,"name":"i18n_225402024","type":5,"addShengWang":2000},"5402025":{"id":5402025,"level":50,"name":"i18n_225402025","type":5,"addShengWang":2000},"5501001":{"id":5501001,"level":60,"name":"i18n_225501001","type":5,"addShengWang":3000},"5501002":{"id":5501002,"level":60,"name":"i18n_225501002","type":5,"addShengWang":3000},"5501003":{"id":5501003,"level":60,"name":"i18n_225501003","type":5,"addShengWang":3000},"5501004":{"id":5501004,"level":60,"name":"i18n_225501004","type":5,"addShengWang":3000},"5501005":{"id":5501005,"level":60,"name":"i18n_225501005","type":5,"addShengWang":3000},"5501006":{"id":5501006,"level":60,"name":"i18n_225501006","type":5,"addShengWang":3000},"5501007":{"id":5501007,"level":60,"name":"i18n_225501007","type":5,"addShengWang":3000},"5501008":{"id":5501008,"level":60,"name":"i18n_225501008","type":5,"addShengWang":3000},"5501009":{"id":5501009,"level":60,"name":"i18n_225501009","type":5,"addShengWang":3000},"5501010":{"id":5501010,"level":60,"name":"i18n_225501010","type":5,"addShengWang":3000},"5501011":{"id":5501011,"level":60,"name":"i18n_225501011","type":5,"addShengWang":3000},"5501012":{"id":5501012,"level":60,"name":"i18n_225501012","type":5,"addShengWang":3000},"5501013":{"id":5501013,"level":60,"name":"i18n_225501013","type":5,"addShengWang":3000},"5501014":{"id":5501014,"level":60,"name":"i18n_225501014","type":5,"addShengWang":3000},"5501015":{"id":5501015,"level":60,"name":"i18n_225501015","type":5,"addShengWang":3000},"5501016":{"id":5501016,"level":60,"name":"i18n_225501016","type":5,"addShengWang":3000},"5501017":{"id":5501017,"level":60,"name":"i18n_225501017","type":5,"addShengWang":3000},"5501018":{"id":5501018,"level":60,"name":"i18n_225501018","type":5,"addShengWang":3000},"5501019":{"id":5501019,"level":60,"name":"i18n_225501019","type":5,"addShengWang":3000},"5501020":{"id":5501020,"level":60,"name":"i18n_225501020","type":5,"addShengWang":3000},"5501021":{"id":5501021,"level":60,"name":"i18n_225501021","type":5,"addShengWang":3000},"5501022":{"id":5501022,"level":60,"name":"i18n_225501022","type":5,"addShengWang":3000},"5501023":{"id":5501023,"level":60,"name":"i18n_225501023","type":5,"addShengWang":3000},"5501024":{"id":5501024,"level":60,"name":"i18n_225501024","type":5,"addShengWang":3000},"5501025":{"id":5501025,"level":60,"name":"i18n_225501025","type":5,"addShengWang":3000},"5502001":{"id":5502001,"level":60,"name":"i18n_225502001","type":5,"addShengWang":3000},"5502002":{"id":5502002,"level":60,"name":"i18n_225502002","type":5,"addShengWang":3000},"5502003":{"id":5502003,"level":60,"name":"i18n_225502003","type":5,"addShengWang":3000},"5502004":{"id":5502004,"level":60,"name":"i18n_225502004","type":5,"addShengWang":3000},"5502005":{"id":5502005,"level":60,"name":"i18n_225502005","type":5,"addShengWang":3000},"5502006":{"id":5502006,"level":60,"name":"i18n_225502006","type":5,"addShengWang":3000},"5502007":{"id":5502007,"level":60,"name":"i18n_225502007","type":5,"addShengWang":3000},"5502008":{"id":5502008,"level":60,"name":"i18n_225502008","type":5,"addShengWang":3000},"5502009":{"id":5502009,"level":60,"name":"i18n_225502009","type":5,"addShengWang":3000},"5502010":{"id":5502010,"level":60,"name":"i18n_225502010","type":5,"addShengWang":3000},"5502011":{"id":5502011,"level":60,"name":"i18n_225502011","type":5,"addShengWang":3000},"5502012":{"id":5502012,"level":60,"name":"i18n_225502012","type":5,"addShengWang":3000},"5502013":{"id":5502013,"level":60,"name":"i18n_225502013","type":5,"addShengWang":3000},"5502014":{"id":5502014,"level":60,"name":"i18n_225502014","type":5,"addShengWang":3000},"5502015":{"id":5502015,"level":60,"name":"i18n_225502015","type":5,"addShengWang":3000},"5502016":{"id":5502016,"level":60,"name":"i18n_225502016","type":5,"addShengWang":3000},"5502017":{"id":5502017,"level":60,"name":"i18n_225502017","type":5,"addShengWang":3000},"5502018":{"id":5502018,"level":60,"name":"i18n_225502018","type":5,"addShengWang":3000},"5502019":{"id":5502019,"level":60,"name":"i18n_225502019","type":5,"addShengWang":3000},"5502020":{"id":5502020,"level":60,"name":"i18n_225502020","type":5,"addShengWang":3000},"5502021":{"id":5502021,"level":60,"name":"i18n_225502021","type":5,"addShengWang":3000},"5502022":{"id":5502022,"level":60,"name":"i18n_225502022","type":5,"addShengWang":3000},"5502023":{"id":5502023,"level":60,"name":"i18n_225502023","type":5,"addShengWang":3000},"5502024":{"id":5502024,"level":60,"name":"i18n_225502024","type":5,"addShengWang":3000},"5502025":{"id":5502025,"level":60,"name":"i18n_225502025","type":5,"addShengWang":3000},"5601001":{"id":5601001,"level":70,"name":"i18n_225501001","type":5,"addShengWang":3000},"5601002":{"id":5601002,"level":70,"name":"i18n_225501002","type":5,"addShengWang":3000},"5601003":{"id":5601003,"level":70,"name":"i18n_225501003","type":5,"addShengWang":3000},"5601004":{"id":5601004,"level":70,"name":"i18n_225501004","type":5,"addShengWang":3000},"5601005":{"id":5601005,"level":70,"name":"i18n_225501005","type":5,"addShengWang":3000},"5601006":{"id":5601006,"level":70,"name":"i18n_225501006","type":5,"addShengWang":3000},"5601007":{"id":5601007,"level":70,"name":"i18n_225501007","type":5,"addShengWang":3000},"5601008":{"id":5601008,"level":70,"name":"i18n_225501008","type":5,"addShengWang":3000},"5601009":{"id":5601009,"level":70,"name":"i18n_225501009","type":5,"addShengWang":3000},"5601010":{"id":5601010,"level":70,"name":"i18n_225501010","type":5,"addShengWang":3000},"5601011":{"id":5601011,"level":70,"name":"i18n_225501011","type":5,"addShengWang":3000},"5601012":{"id":5601012,"level":70,"name":"i18n_225501012","type":5,"addShengWang":3000},"5601013":{"id":5601013,"level":70,"name":"i18n_225501013","type":5,"addShengWang":3000},"5601014":{"id":5601014,"level":70,"name":"i18n_225501014","type":5,"addShengWang":3000},"5601015":{"id":5601015,"level":70,"name":"i18n_225501015","type":5,"addShengWang":3000},"5601016":{"id":5601016,"level":70,"name":"i18n_225501016","type":5,"addShengWang":3000},"5601017":{"id":5601017,"level":70,"name":"i18n_225501017","type":5,"addShengWang":3000},"5601018":{"id":5601018,"level":70,"name":"i18n_225501018","type":5,"addShengWang":3000},"5601019":{"id":5601019,"level":70,"name":"i18n_225501019","type":5,"addShengWang":3000},"5601020":{"id":5601020,"level":70,"name":"i18n_225501020","type":5,"addShengWang":3000},"5601021":{"id":5601021,"level":70,"name":"i18n_225501021","type":5,"addShengWang":3000},"5601022":{"id":5601022,"level":70,"name":"i18n_225501022","type":5,"addShengWang":3000},"5601023":{"id":5601023,"level":70,"name":"i18n_225501023","type":5,"addShengWang":3000},"5601024":{"id":5601024,"level":70,"name":"i18n_225501024","type":5,"addShengWang":3000},"5601025":{"id":5601025,"level":70,"name":"i18n_225501025","type":5,"addShengWang":3000},"5602001":{"id":5602001,"level":70,"name":"i18n_225502001","type":5,"addShengWang":3000},"5602002":{"id":5602002,"level":70,"name":"i18n_225502002","type":5,"addShengWang":3000},"5602003":{"id":5602003,"level":70,"name":"i18n_225502003","type":5,"addShengWang":3000},"5602004":{"id":5602004,"level":70,"name":"i18n_225502004","type":5,"addShengWang":3000},"5602005":{"id":5602005,"level":70,"name":"i18n_225502005","type":5,"addShengWang":3000},"5602006":{"id":5602006,"level":70,"name":"i18n_225502006","type":5,"addShengWang":3000},"5602007":{"id":5602007,"level":70,"name":"i18n_225502007","type":5,"addShengWang":3000},"5602008":{"id":5602008,"level":70,"name":"i18n_225502008","type":5,"addShengWang":3000},"5602009":{"id":5602009,"level":70,"name":"i18n_225502009","type":5,"addShengWang":3000},"5602010":{"id":5602010,"level":70,"name":"i18n_225502010","type":5,"addShengWang":3000},"5602011":{"id":5602011,"level":70,"name":"i18n_225502011","type":5,"addShengWang":3000},"5602012":{"id":5602012,"level":70,"name":"i18n_225502012","type":5,"addShengWang":3000},"5602013":{"id":5602013,"level":70,"name":"i18n_225502013","type":5,"addShengWang":3000},"5602014":{"id":5602014,"level":70,"name":"i18n_225502014","type":5,"addShengWang":3000},"5602015":{"id":5602015,"level":70,"name":"i18n_225502015","type":5,"addShengWang":3000},"5602016":{"id":5602016,"level":70,"name":"i18n_225502016","type":5,"addShengWang":3000},"5602017":{"id":5602017,"level":70,"name":"i18n_225502017","type":5,"addShengWang":3000},"5602018":{"id":5602018,"level":70,"name":"i18n_225502018","type":5,"addShengWang":3000},"5602019":{"id":5602019,"level":70,"name":"i18n_225502019","type":5,"addShengWang":3000},"5602020":{"id":5602020,"level":70,"name":"i18n_225502020","type":5,"addShengWang":3000},"5602021":{"id":5602021,"level":70,"name":"i18n_225502021","type":5,"addShengWang":3000},"5602022":{"id":5602022,"level":70,"name":"i18n_225502022","type":5,"addShengWang":3000},"5602023":{"id":5602023,"level":70,"name":"i18n_225502023","type":5,"addShengWang":3000},"5602024":{"id":5602024,"level":70,"name":"i18n_225502024","type":5,"addShengWang":3000},"5602025":{"id":5602025,"level":70,"name":"i18n_225502025","type":5,"addShengWang":3000},"6001001":{"id":6001001,"level":20,"name":"i18n_226001001","type":6,"addShengWang":50},"6001002":{"id":6001002,"level":20,"name":"i18n_226001002","type":6,"addShengWang":50},"6001003":{"id":6001003,"level":20,"name":"i18n_226001003","type":6,"addShengWang":50},"6001004":{"id":6001004,"level":999,"name":"i18n_226001004","type":6,"addShengWang":50},"6001005":{"id":6001005,"level":20,"name":"i18n_226001005","type":6,"addShengWang":50},"6001006":{"id":6001006,"level":999,"name":"i18n_226001006","type":6,"addShengWang":50},"6001007":{"id":6001007,"level":999,"name":"i18n_226001007","type":6,"addShengWang":50},"6001008":{"id":6001008,"level":999,"name":"i18n_226001008","type":6,"addShengWang":50},"6001009":{"id":6001009,"level":999,"name":"i18n_226001009","type":6,"addShengWang":50},"6001010":{"id":6001010,"level":20,"name":"i18n_226001010","type":6,"addShengWang":50},"6001011":{"id":6001011,"level":20,"name":"i18n_226001011","type":6,"addShengWang":50},"6001012":{"id":6001012,"level":20,"name":"i18n_226001012","type":6,"addShengWang":50},"6002001":{"id":6002001,"level":30,"name":"i18n_226002001","type":6,"addShengWang":50},"6002002":{"id":6002002,"level":30,"name":"i18n_226002002","type":6,"addShengWang":50},"6002003":{"id":6002003,"level":30,"name":"i18n_226002003","type":6,"addShengWang":50},"6002004":{"id":6002004,"level":30,"name":"i18n_226002004","type":6,"addShengWang":50},"6002005":{"id":6002005,"level":30,"name":"i18n_226002005","type":6,"addShengWang":50},"6002006":{"id":6002006,"level":30,"name":"i18n_226002006","type":6,"addShengWang":50},"6002007":{"id":6002007,"level":30,"name":"i18n_226002007","type":6,"addShengWang":50},"6002008":{"id":6002008,"level":999,"name":"i18n_226002008","type":6,"addShengWang":50},"6002009":{"id":6002009,"level":999,"name":"i18n_226002009","type":6,"addShengWang":50},"6002010":{"id":6002010,"level":999,"name":"i18n_226002010","type":6,"addShengWang":50},"6002011":{"id":6002011,"level":999,"name":"i18n_226002011","type":6,"addShengWang":50},"6002012":{"id":6002012,"level":30,"name":"i18n_226002012","type":6,"addShengWang":50},"6002013":{"id":6002013,"level":30,"name":"i18n_226002013","type":6,"addShengWang":50},"6002014":{"id":6002014,"level":30,"name":"i18n_226001012","type":6,"addShengWang":50},"6003001":{"id":6003001,"level":40,"name":"i18n_226003001","type":6,"addShengWang":50},"6003002":{"id":6003002,"level":40,"name":"i18n_226003002","type":6,"addShengWang":50},"6003003":{"id":6003003,"level":40,"name":"i18n_226003003","type":6,"addShengWang":50},"6003004":{"id":6003004,"level":40,"name":"i18n_226003004","type":6,"addShengWang":50},"6003005":{"id":6003005,"level":40,"name":"i18n_226003005","type":6,"addShengWang":50},"6003006":{"id":6003006,"level":40,"name":"i18n_226003006","type":6,"addShengWang":50},"6003007":{"id":6003007,"level":40,"name":"i18n_226003007","type":6,"addShengWang":50},"6003008":{"id":6003008,"level":40,"name":"i18n_226003008","type":6,"addShengWang":50},"6003009":{"id":6003009,"level":40,"name":"i18n_226003009","type":6,"addShengWang":50},"6003010":{"id":6003010,"level":999,"name":"i18n_226003010","type":6,"addShengWang":50},"6003011":{"id":6003011,"level":40,"name":"i18n_226003011","type":6,"addShengWang":50},"6003012":{"id":6003012,"level":40,"name":"i18n_226003012","type":6,"addShengWang":50},"6003013":{"id":6003013,"level":40,"name":"i18n_226001012","type":6,"addShengWang":50},"6004001":{"id":6004001,"level":50,"name":"i18n_226004001","type":6,"addShengWang":50},"6004002":{"id":6004002,"level":50,"name":"i18n_226004002","type":6,"addShengWang":50},"6004003":{"id":6004003,"level":50,"name":"i18n_226004003","type":6,"addShengWang":50},"6004004":{"id":6004004,"level":50,"name":"i18n_226004004","type":6,"addShengWang":50},"6004005":{"id":6004005,"level":50,"name":"i18n_226004005","type":6,"addShengWang":50},"6004006":{"id":6004006,"level":50,"name":"i18n_226004006","type":6,"addShengWang":50},"6004007":{"id":6004007,"level":50,"name":"i18n_226004007","type":6,"addShengWang":50},"6004008":{"id":6004008,"level":50,"name":"i18n_226004008","type":6,"addShengWang":50},"6004009":{"id":6004009,"level":50,"name":"i18n_226004009","type":6,"addShengWang":50},"6004010":{"id":6004010,"level":999,"name":"i18n_226004010","type":6,"addShengWang":50},"6004011":{"id":6004011,"level":50,"name":"i18n_226004011","type":6,"addShengWang":50},"6004012":{"id":6004012,"level":50,"name":"i18n_226004012","type":6,"addShengWang":50},"6004013":{"id":6004013,"level":50,"name":"i18n_226001012","type":6,"addShengWang":50},"6005001":{"id":6005001,"level":60,"name":"i18n_226005001","type":6,"addShengWang":50},"6005002":{"id":6005002,"level":60,"name":"i18n_226005002","type":6,"addShengWang":50},"6005003":{"id":6005003,"level":60,"name":"i18n_226005003","type":6,"addShengWang":50},"6005004":{"id":6005004,"level":60,"name":"i18n_226005004","type":6,"addShengWang":50},"6005005":{"id":6005005,"level":60,"name":"i18n_226005005","type":6,"addShengWang":50},"6005006":{"id":6005006,"level":60,"name":"i18n_226005006","type":6,"addShengWang":50},"6005007":{"id":6005007,"level":60,"name":"i18n_226005007","type":6,"addShengWang":50},"6005008":{"id":6005008,"level":60,"name":"i18n_226005008","type":6,"addShengWang":50},"6005009":{"id":6005009,"level":60,"name":"i18n_226005009","type":6,"addShengWang":50},"6005010":{"id":6005010,"level":999,"name":"i18n_226005010","type":6,"addShengWang":50},"6005011":{"id":6005011,"level":70,"name":"i18n_226005011","type":6,"addShengWang":50},"6005012":{"id":6005012,"level":70,"name":"i18n_226005012","type":6,"addShengWang":50},"6005013":{"id":6005013,"level":70,"name":"i18n_226001012","type":6,"addShengWang":50},"6006001":{"id":6006001,"level":70,"name":"i18n_226005001","type":6,"addShengWang":50},"6006002":{"id":6006002,"level":70,"name":"i18n_226005002","type":6,"addShengWang":50},"6006003":{"id":6006003,"level":70,"name":"i18n_226005003","type":6,"addShengWang":50},"6006004":{"id":6006004,"level":70,"name":"i18n_226005004","type":6,"addShengWang":50},"6006005":{"id":6006005,"level":70,"name":"i18n_226005005","type":6,"addShengWang":50},"6006006":{"id":6006006,"level":70,"name":"i18n_226005006","type":6,"addShengWang":50},"6006007":{"id":6006007,"level":70,"name":"i18n_226005007","type":6,"addShengWang":50},"6006008":{"id":6006008,"level":70,"name":"i18n_226005008","type":6,"addShengWang":50},"6006009":{"id":6006009,"level":70,"name":"i18n_226005009","type":6,"addShengWang":50},"6006010":{"id":6006010,"level":999,"name":"i18n_226005010","type":6,"addShengWang":50},"6006011":{"id":6006011,"level":70,"name":"i18n_226005011","type":6,"addShengWang":50},"6006012":{"id":6006012,"level":70,"name":"i18n_226005012","type":6,"addShengWang":50},"6006013":{"id":6006013,"level":70,"name":"i18n_226001012","type":6,"addShengWang":50},"8000000":{"id":8000000,"level":999,"name":"i18n_228000000","type":8},"8030001":{"id":8030001,"level":30,"name":"i18n_228030001","type":8},"8030002":{"id":8030002,"level":30,"name":"i18n_228030002","type":8},"8030003":{"id":8030003,"level":30,"name":"i18n_228030003","type":8},"8030004":{"id":8030004,"level":30,"name":"i18n_228030004","type":8},"8030005":{"id":8030005,"level":30,"name":"i18n_228030005","type":8},"8030006":{"id":8030006,"level":30,"name":"i18n_228030006","type":8},"8030007":{"id":8030007,"level":30,"name":"i18n_228030007","type":8},"8030008":{"id":8030008,"level":30,"name":"i18n_228030008","type":8},"8030009":{"id":8030009,"level":30,"name":"i18n_228030009","type":8},"8030010":{"id":8030010,"level":30,"name":"i18n_228030010","type":8},"8040001":{"id":8040001,"level":40,"name":"i18n_228040001","type":8},"8040002":{"id":8040002,"level":40,"name":"i18n_228040002","type":8},"8040003":{"id":8040003,"level":40,"name":"i18n_228040003","type":8},"8040004":{"id":8040004,"level":40,"name":"i18n_228040004","type":8},"8040005":{"id":8040005,"level":40,"name":"i18n_228040005","type":8},"8040006":{"id":8040006,"level":40,"name":"i18n_228040006","type":8},"8040007":{"id":8040007,"level":40,"name":"i18n_228040007","type":8},"8040008":{"id":8040008,"level":40,"name":"i18n_228040008","type":8},"8040009":{"id":8040009,"level":40,"name":"i18n_228040009","type":8},"8040010":{"id":8040010,"level":40,"name":"i18n_228040010","type":8},"8050001":{"id":8050001,"level":50,"name":"i18n_228050001","type":8},"8050002":{"id":8050002,"level":50,"name":"i18n_228050002","type":8},"8050003":{"id":8050003,"level":50,"name":"i18n_228050003","type":8},"8050004":{"id":8050004,"level":50,"name":"i18n_228050004","type":8},"8050005":{"id":8050005,"level":50,"name":"i18n_228050005","type":8},"8050006":{"id":8050006,"level":50,"name":"i18n_228050006","type":8},"8050007":{"id":8050007,"level":50,"name":"i18n_228050007","type":8},"8050008":{"id":8050008,"level":50,"name":"i18n_228050008","type":8},"8050009":{"id":8050009,"level":50,"name":"i18n_228050009","type":8},"8050010":{"id":8050010,"level":50,"name":"i18n_228050010","type":8},"8060001":{"id":8060001,"level":60,"name":"i18n_228060001","type":8},"8060002":{"id":8060002,"level":60,"name":"i18n_228060002","type":8},"8060003":{"id":8060003,"level":60,"name":"i18n_228060003","type":8},"8060004":{"id":8060004,"level":60,"name":"i18n_228060004","type":8},"8060005":{"id":8060005,"level":60,"name":"i18n_228060005","type":8},"8060006":{"id":8060006,"level":60,"name":"i18n_228060006","type":8},"8060007":{"id":8060007,"level":60,"name":"i18n_228060007","type":8},"8060008":{"id":8060008,"level":60,"name":"i18n_228060008","type":8},"8060009":{"id":8060009,"level":60,"name":"i18n_228060009","type":8},"8060010":{"id":8060010,"level":60,"name":"i18n_228060010","type":8},"8060011":{"id":8060011,"level":60,"name":"i18n_228060011","type":8},"8060012":{"id":8060012,"level":60,"name":"i18n_228060012","type":8},"8060013":{"id":8060013,"level":60,"name":"i18n_228060013","type":8},"8060014":{"id":8060014,"level":60,"name":"i18n_228060014","type":8},"8060015":{"id":8060015,"level":60,"name":"i18n_228060015","type":8},"8060016":{"id":8060016,"level":60,"name":"i18n_228060016","type":8},"8060017":{"id":8060017,"level":60,"name":"i18n_228060017","type":8},"8060018":{"id":8060018,"level":60,"name":"i18n_228060018","type":8},"8060019":{"id":8060019,"level":60,"name":"i18n_228060019","type":8},"8060020":{"id":8060020,"level":60,"name":"i18n_228060020","type":8}}