{"1":{"id":1,"type":1,"awardName":"1","param":"99","conditionDes":"VIP\u7b49\u7ea7\u9650\u5236\u6761\u4ef6","items":[{"id":3800005,"num":5},{"id":3400102,"num":2},{"id":3400103,"num":1}]},"2":{"id":2,"type":1,"awardName":"1","param":"4","conditionDes":"VIP\u7b49\u7ea7\u9650\u5236\u6761\u4ef6","items":[{"id":3800006,"num":1},{"id":3801040,"num":1},{"id":3400103,"num":3}]},"3":{"id":3,"type":1,"awardName":"1","param":"5","conditionDes":"VIP\u7b49\u7ea7\u9650\u5236\u6761\u4ef6","items":[{"id":3800007,"num":1},{"id":3801040,"num":1},{"id":3400103,"num":3}]},"4":{"id":4,"type":1,"awardName":"1","param":"6","conditionDes":"VIP\u7b49\u7ea7\u9650\u5236\u6761\u4ef6","items":[{"id":3800008,"num":1},{"id":3801040,"num":2},{"id":3400103,"num":5}]},"5":{"id":5,"type":2,"awardName":"1","param":"100","conditionDes":"\u603b\u5145\u503c\u9650\u5236\u6761\u4ef6","items":[{"id":3800006,"num":2},{"id":3801040,"num":2},{"id":3400103,"num":6}]},"6":{"id":6,"type":2,"awardName":"1","param":"1000","conditionDes":"\u603b\u5145\u503c\u9650\u5236\u6761\u4ef6","items":[{"id":3310311,"num":1},{"id":3801041,"num":2},{"id":3800008,"num":1}]},"7":{"id":7,"type":2,"awardName":"1","param":"5000","conditionDes":"\u603b\u5145\u503c\u9650\u5236\u6761\u4ef6","items":[{"id":3131002,"num":1},{"id":3801042,"num":1},{"id":3800009,"num":1}]},"8":{"id":8,"type":2,"awardName":"1","param":"15000","conditionDes":"\u603b\u5145\u503c\u9650\u5236\u6761\u4ef6","items":[{"id":3600005,"num":1},{"id":3801042,"num":2},{"id":3800010,"num":1}]},"9":{"id":9,"type":3,"awardName":"1","param":"100","conditionDes":"\u603b\u6d88\u8017\u94bb\u77f3\u6761\u4ef6","items":[{"id":3800006,"num":2},{"id":3801040,"num":2},{"id":3400103,"num":1}]},"10":{"id":10,"type":3,"awardName":"1","param":"1000","conditionDes":"\u603b\u6d88\u8017\u94bb\u77f3\u6761\u4ef6","items":[{"id":3310311,"num":5},{"id":3801042,"num":2},{"id":3800008,"num":1}]},"11":{"id":11,"type":3,"awardName":"1","param":"5000","conditionDes":"\u603b\u6d88\u8017\u94bb\u77f3\u6761\u4ef6","items":[{"id":3400009,"num":2},{"id":3801043,"num":1},{"id":3800009,"num":1}]},"12":{"id":12,"type":3,"awardName":"1","param":"15000","conditionDes":"\u603b\u6d88\u8017\u94bb\u77f3\u6761\u4ef6","items":[{"id":3400009,"num":9},{"id":3801043,"num":2},{"id":3800010,"num":1}]},"13":{"id":13,"type":3,"awardName":"1","param":"20000","conditionDes":"\u603b\u6d88\u8017\u94bb\u77f3\u6761\u4ef6","items":[{"id":3141005,"num":1},{"id":3801043,"num":3},{"id":3800010,"num":1}]}}