{"1":{"type":1,"strContent":"i18n_810000001"},"2":{"type":2,"strContent":"i18n_810000002"},"3":{"type":3,"strContent":"i18n_810000003"},"4":{"type":4,"strContent":"i18n_810000004"},"5":{"type":5,"strContent":"i18n_810000005"},"6":{"type":6,"strContent":"i18n_810000006"},"7":{"type":7,"strContent":"i18n_810000007"},"8":{"type":8,"strContent":"i18n_810000008"},"9":{"type":9,"strContent":"i18n_810000009"},"10":{"type":10,"strContent":"i18n_810000010"},"11":{"type":11,"strContent":"i18n_810000011"},"12":{"type":12,"strContent":"i18n_810000012"},"101":{"type":101,"strContent":"i18n_810000013"},"102":{"type":102,"strContent":"i18n_810000014"},"103":{"type":103,"strContent":"i18n_810000015"},"104":{"type":104,"strContent":"i18n_810000016"},"105":{"type":105,"strContent":"i18n_810000017"}}