{"1":{"id":1,"isMenu":1,"type":1,"titleName":"i18n_900320001"},"2":{"id":2,"type":1,"openlevel":20,"maxlevel":60,"titleName":"i18n_900320001","camp1Operation":"1-105-805006","camp2Operation":"1-105-805006"},"3":{"id":3,"isMenu":1,"type":2,"titleName":"i18n_900320002"},"4":{"id":4,"type":2,"openlevel":20,"maxlevel":60,"titleName":"i18n_900320111","camp1Operation":"1-103-803001","camp2Operation":"1-104-804001"},"5":{"id":5,"isMenu":1,"type":3,"titleName":"i18n_900320003"},"6":{"id":6,"type":3,"openlevel":5,"maxlevel":9,"titleName":"i18n_900320101","camp1Operation":"1-101-801006","camp2Operation":"1-102-802006"},"7":{"id":7,"type":3,"openlevel":16,"maxlevel":20,"titleName":"i18n_900320102","camp1Operation":"1-103-803010","camp2Operation":"1-104-804010"},"8":{"id":8,"type":3,"openlevel":25,"maxlevel":30,"titleName":"i18n_900320103","camp1Operation":"1-105-805014","camp2Operation":"1-105-805014"},"9":{"id":9,"type":3,"openlevel":32,"maxlevel":40,"titleName":"i18n_900320104","camp1Operation":"1-106-806007","camp2Operation":"1-106-806007"},"10":{"id":10,"type":3,"openlevel":41,"maxlevel":45,"titleName":"i18n_900320105","camp1Operation":"1-107-807006","camp2Operation":"1-107-807006"},"11":{"id":11,"type":3,"openlevel":46,"maxlevel":50,"titleName":"i18n_900320106","camp1Operation":"1-107-808007","camp2Operation":"1-107-808007"},"12":{"id":12,"type":3,"openlevel":51,"maxlevel":55,"titleName":"i18n_900320107","camp1Operation":"1-108-809006","camp2Operation":"1-108-809006"},"13":{"id":13,"type":3,"openlevel":56,"maxlevel":60,"titleName":"i18n_900320108","camp1Operation":"1-108-810007","camp2Operation":"1-108-810007"},"14":{"id":14,"type":3,"openlevel":61,"maxlevel":65,"titleName":"i18n_900320109","camp1Operation":"1-109-811007","camp2Operation":"1-109-811007"},"15":{"id":15,"type":3,"openlevel":66,"maxlevel":70,"titleName":"i18n_900320110","camp1Operation":"1-109-812007","camp2Operation":"1-109-812007"}}