{"501201":{"heroid":501201,"tavernType":1,"costType":1,"questIds":"1101008-1102008"},"501202":{"heroid":501202,"tavernType":1,"costType":1,"questIds":"1101017-1102017"},"501203":{"heroid":501203,"tavernType":1,"costType":2,"questIds":"1105008","crystalType":1,"crystalNum":5},"501204":{"heroid":501204,"tavernType":1,"costType":1,"knighthood":2,"crystalType":1,"crystalNum":30},"501206":{"heroid":501206,"tavernType":1,"costType":1,"knighthood":2,"crystalType":1,"crystalNum":30},"501205":{"heroid":501205,"tavernType":1,"costType":2,"heroCard":3601001},"501301":{"heroid":501301,"tavernType":1,"costType":2,"knighthood":2,"crystalType":2,"crystalNum":75},"501302":{"heroid":501302,"tavernType":1,"costType":2,"knighthood":2,"crystalType":2,"crystalNum":75},"501303":{"heroid":501303,"tavernType":1,"costType":2,"knighthood":2,"crystalType":2,"crystalNum":75},"501304":{"heroid":501304,"tavernType":2,"costType":1,"knighthood":5,"crystalType":2,"crystalNum":500},"501305":{"heroid":501305,"tavernType":2,"costType":1,"knighthood":5,"crystalType":2,"crystalNum":500},"501306":{"heroid":501306,"tavernType":2,"costType":1,"knighthood":5,"crystalType":2,"crystalNum":500},"502301":{"heroid":502301,"tavernType":2,"costType":1,"knighthood":5,"crystalType":2,"crystalNum":500},"502302":{"heroid":502302,"tavernType":2,"costType":1,"knighthood":5,"crystalType":2,"crystalNum":500},"502303":{"heroid":502303,"tavernType":2,"costType":1,"knighthood":5,"crystalType":2,"crystalNum":500},"502304":{"heroid":502304,"tavernType":2,"costType":2,"knighthood":5,"crystalType":3,"crystalNum":350},"502305":{"heroid":502305,"tavernType":2,"costType":2,"knighthood":5,"crystalType":3,"crystalNum":350},"502306":{"heroid":502306,"tavernType":2,"costType":2,"knighthood":5,"crystalType":3,"crystalNum":350},"502401":{"heroid":502401,"tavernType":3,"costType":1,"knighthood":7,"crystalType":3,"crystalNum":1000},"502402":{"heroid":502402,"tavernType":3,"costType":1,"knighthood":7,"crystalType":3,"crystalNum":1000},"502403":{"heroid":502403,"tavernType":3,"costType":1,"knighthood":7,"crystalType":3,"crystalNum":1000},"503401":{"heroid":503401,"tavernType":3,"costType":1,"knighthood":7,"crystalType":3,"crystalNum":1000},"503402":{"heroid":503402,"tavernType":3,"costType":1,"knighthood":7,"crystalType":3,"crystalNum":1000},"503403":{"heroid":503403,"tavernType":3,"costType":1,"knighthood":7,"crystalType":3,"crystalNum":1000},"503501":{"heroid":503501,"tavernType":3,"costType":2,"knighthood":7,"crystalType":4,"crystalNum":500},"503502":{"heroid":503502,"tavernType":3,"costType":2,"knighthood":7,"crystalType":4,"crystalNum":500},"503503":{"heroid":503503,"tavernType":3,"costType":2,"knighthood":7,"crystalType":4,"crystalNum":500},"503504":{"heroid":503504,"tavernType":4,"costType":1,"knighthood":9,"crystalType":4,"crystalNum":6000},"503505":{"heroid":503505,"tavernType":4,"costType":1,"knighthood":9,"crystalType":4,"crystalNum":6000},"503506":{"heroid":503506,"tavernType":4,"costType":1,"knighthood":9,"crystalType":4,"crystalNum":6000},"504501":{"heroid":504501,"tavernType":4,"costType":1,"knighthood":9,"crystalType":4,"crystalNum":6000},"504502":{"heroid":504502,"tavernType":4,"costType":1,"knighthood":9,"crystalType":4,"crystalNum":6000},"504503":{"heroid":504503,"tavernType":4,"costType":1,"knighthood":9,"crystalType":4,"crystalNum":6000},"504601":{"heroid":504601,"tavernType":4,"costType":2,"knighthood":9,"crystalType":4,"crystalNum":10000},"504602":{"heroid":504602,"tavernType":4,"costType":2,"knighthood":9,"crystalType":4,"crystalNum":10000},"504603":{"heroid":504603,"tavernType":4,"costType":2,"knighthood":9,"crystalType":4,"crystalNum":10000}}