{"1":{"id":1,"type":1,"name":"i18n_200291001","condition":[{"operation":1,"param":"30"}],"monsterTeamId":291001,"rewardBuffIds":"100-101-102"},"2":{"id":2,"type":1,"name":"i18n_200291002","condition":[{"operation":1,"param":"30"}],"monsterTeamId":291002,"rewardBuffIds":"100"},"3":{"id":3,"type":1,"name":"i18n_200291003","condition":[{"operation":1,"param":"30"}],"monsterTeamId":291003,"rewardBuffIds":"100"},"4":{"id":4,"type":1,"name":"i18n_200291004","condition":[{"operation":1,"param":"30"}],"monsterTeamId":291004,"rewardBuffIds":"100"},"5":{"id":5,"type":2,"name":"i18n_200291005","condition":[{"operation":1,"param":"30"}],"monsterTeamId":291005,"rewardBuffIds":"100","turnNums":10,"jumpFloor":10,"awardTips":"i18n_900180000"},"6":{"id":6,"type":1,"name":"i18n_200291006","condition":[{"operation":1,"param":"30"}],"monsterTeamId":291006,"rewardBuffIds":"100"},"7":{"id":7,"type":1,"name":"i18n_200291007","condition":[{"operation":1,"param":"30"}],"monsterTeamId":291007,"rewardBuffIds":"100"},"8":{"id":8,"type":1,"name":"i18n_200291008","condition":[{"operation":1,"param":"30"}],"monsterTeamId":291008,"rewardBuffIds":"100"},"9":{"id":9,"type":1,"name":"i18n_200291009","condition":[{"operation":1,"param":"30"}],"monsterTeamId":291009,"rewardBuffIds":"100"},"10":{"id":10,"type":2,"name":"i18n_200291010","condition":[{"operation":1,"param":"30"}],"monsterTeamId":291010,"rewardBuffIds":"100","turnNums":10,"jumpFloor":15,"awardTips":"i18n_900180001"},"11":{"id":11,"type":1,"name":"i18n_200291011","condition":[{"operation":1,"param":"30"}],"monsterTeamId":291011,"rewardBuffIds":"100"},"12":{"id":12,"type":1,"name":"i18n_200291012","condition":[{"operation":1,"param":"30"}],"monsterTeamId":291012,"rewardBuffIds":"100"},"13":{"id":13,"type":1,"name":"i18n_200291013","condition":[{"operation":1,"param":"30"}],"monsterTeamId":291013,"rewardBuffIds":"100"},"14":{"id":14,"type":1,"name":"i18n_200291014","condition":[{"operation":1,"param":"30"}],"monsterTeamId":291014,"rewardBuffIds":"100"},"15":{"id":15,"type":2,"name":"i18n_200291015","condition":[{"operation":1,"param":"30"}],"monsterTeamId":291015,"rewardBuffIds":"100","turnNums":10,"jumpFloor":20,"awardTips":"i18n_900180002"},"16":{"id":16,"type":1,"name":"i18n_200291016","condition":[{"operation":1,"param":"30"}],"monsterTeamId":291016,"rewardBuffIds":"100"},"17":{"id":17,"type":1,"name":"i18n_200291017","condition":[{"operation":1,"param":"30"}],"monsterTeamId":291017,"rewardBuffIds":"100"},"18":{"id":18,"type":1,"name":"i18n_200291018","condition":[{"operation":1,"param":"30"}],"monsterTeamId":291018,"rewardBuffIds":"100"},"19":{"id":19,"type":1,"name":"i18n_200291019","condition":[{"operation":1,"param":"30"}],"monsterTeamId":291019,"rewardBuffIds":"100"},"20":{"id":20,"type":2,"name":"i18n_200291020","condition":[{"operation":1,"param":"30"}],"monsterTeamId":291020,"rewardBuffIds":"100","turnNums":10,"jumpFloor":25,"awardTips":"i18n_900180003"},"21":{"id":21,"type":1,"name":"i18n_200292001","condition":[{"operation":1,"param":"30"}],"monsterTeamId":292001,"rewardBuffIds":"100"},"22":{"id":22,"type":1,"name":"i18n_200292002","condition":[{"operation":1,"param":"30"}],"monsterTeamId":292002,"rewardBuffIds":"100"},"23":{"id":23,"type":1,"name":"i18n_200292003","condition":[{"operation":1,"param":"30"}],"monsterTeamId":292003,"rewardBuffIds":"100"},"24":{"id":24,"type":1,"name":"i18n_200292004","condition":[{"operation":1,"param":"30"}],"monsterTeamId":292004,"rewardBuffIds":"100"},"25":{"id":25,"type":2,"name":"i18n_200292005","condition":[{"operation":1,"param":"30"}],"monsterTeamId":292005,"rewardBuffIds":"100","turnNums":10,"jumpFloor":30,"awardTips":"i18n_900180004"},"26":{"id":26,"type":1,"name":"i18n_200292006","condition":[{"operation":1,"param":"30"}],"monsterTeamId":292006,"rewardBuffIds":"100"},"27":{"id":27,"type":1,"name":"i18n_200292007","condition":[{"operation":1,"param":"30"}],"monsterTeamId":292007,"rewardBuffIds":"100"},"28":{"id":28,"type":1,"name":"i18n_200292008","condition":[{"operation":1,"param":"30"}],"monsterTeamId":292008,"rewardBuffIds":"100"},"29":{"id":29,"type":1,"name":"i18n_200292009","condition":[{"operation":1,"param":"30"}],"monsterTeamId":292009,"rewardBuffIds":"100"},"30":{"id":30,"type":2,"name":"i18n_200292010","condition":[{"operation":1,"param":"30"}],"monsterTeamId":292010,"rewardBuffIds":"100","turnNums":10,"jumpFloor":35,"awardTips":"i18n_900180005"},"31":{"id":31,"type":1,"name":"i18n_200292011","condition":[{"operation":1,"param":"30"}],"monsterTeamId":292011,"rewardBuffIds":"100"},"32":{"id":32,"type":1,"name":"i18n_200292012","condition":[{"operation":1,"param":"30"}],"monsterTeamId":292012,"rewardBuffIds":"100"},"33":{"id":33,"type":1,"name":"i18n_200292013","condition":[{"operation":1,"param":"30"}],"monsterTeamId":292013,"rewardBuffIds":"100"},"34":{"id":34,"type":1,"name":"i18n_200292014","condition":[{"operation":1,"param":"30"}],"monsterTeamId":292014,"rewardBuffIds":"100"},"35":{"id":35,"type":2,"name":"i18n_200292015","condition":[{"operation":1,"param":"30"}],"monsterTeamId":292015,"rewardBuffIds":"100","turnNums":10,"jumpFloor":40,"awardTips":"i18n_900180006"},"36":{"id":36,"type":1,"name":"i18n_200292016","condition":[{"operation":1,"param":"30"}],"monsterTeamId":292016,"rewardBuffIds":"100"},"37":{"id":37,"type":1,"name":"i18n_200292017","condition":[{"operation":1,"param":"30"}],"monsterTeamId":292017,"rewardBuffIds":"100"},"38":{"id":38,"type":1,"name":"i18n_200292018","condition":[{"operation":1,"param":"30"}],"monsterTeamId":292018,"rewardBuffIds":"100"},"39":{"id":39,"type":1,"name":"i18n_200292019","condition":[{"operation":1,"param":"30"}],"monsterTeamId":292019,"rewardBuffIds":"100"},"40":{"id":40,"type":2,"name":"i18n_200292020","condition":[{"operation":1,"param":"30"}],"monsterTeamId":292020,"rewardBuffIds":"100","turnNums":10,"jumpFloor":45,"awardTips":"i18n_900180007"},"41":{"id":41,"type":1,"name":"i18n_200293001","condition":[{"operation":1,"param":"30"}],"monsterTeamId":293001,"rewardBuffIds":"100"},"42":{"id":42,"type":1,"name":"i18n_200293002","condition":[{"operation":1,"param":"30"}],"monsterTeamId":293002,"rewardBuffIds":"100"},"43":{"id":43,"type":1,"name":"i18n_200293003","condition":[{"operation":1,"param":"30"}],"monsterTeamId":293003,"rewardBuffIds":"100-1"},"44":{"id":44,"type":1,"name":"i18n_200293004","condition":[{"operation":1,"param":"30"}],"monsterTeamId":293004,"rewardBuffIds":"100-110"},"45":{"id":45,"type":2,"name":"i18n_200293005","condition":[{"operation":1,"param":"30"}],"monsterTeamId":293005,"rewardBuffIds":"100-1-110","turnNums":5,"jumpFloor":50,"awardTips":"i18n_900180008"},"46":{"id":46,"type":1,"name":"i18n_200293006","condition":[{"operation":1,"param":"30"}],"monsterTeamId":293006,"rewardBuffIds":"100-110-1"},"47":{"id":47,"type":1,"name":"i18n_200293007","condition":[{"operation":1,"param":"30"}],"monsterTeamId":293007,"rewardBuffIds":"100-1"},"48":{"id":48,"type":1,"name":"i18n_200293008","condition":[{"operation":1,"param":"30"}],"monsterTeamId":293008,"rewardBuffIds":"100-100"},"49":{"id":49,"type":1,"name":"i18n_200293009","condition":[{"operation":1,"param":"30"}],"monsterTeamId":293009,"rewardBuffIds":"100-110"},"50":{"id":50,"type":2,"name":"i18n_200293010","condition":[{"operation":1,"param":"30"}],"monsterTeamId":293010,"rewardBuffIds":"100","turnNums":5,"jumpFloor":55,"awardTips":"i18n_900180009"},"51":{"id":51,"type":1,"name":"i18n_200293011","condition":[{"operation":1,"param":"30"}],"monsterTeamId":293011,"rewardBuffIds":"100"},"52":{"id":52,"type":1,"name":"i18n_200293012","condition":[{"operation":1,"param":"30"}],"monsterTeamId":293012,"rewardBuffIds":"100"},"53":{"id":53,"type":1,"name":"i18n_200293013","condition":[{"operation":1,"param":"30"}],"monsterTeamId":293013,"rewardBuffIds":"100"},"54":{"id":54,"type":1,"name":"i18n_200293014","condition":[{"operation":1,"param":"30"}],"monsterTeamId":293014,"rewardBuffIds":"100"},"55":{"id":55,"type":2,"name":"i18n_200293015","condition":[{"operation":1,"param":"30"}],"monsterTeamId":293015,"rewardBuffIds":"100","turnNums":5,"jumpFloor":60,"awardTips":"i18n_900180010"},"56":{"id":56,"type":1,"name":"i18n_200293016","condition":[{"operation":1,"param":"30"}],"monsterTeamId":293016,"rewardBuffIds":"100"},"57":{"id":57,"type":1,"name":"i18n_200293017","condition":[{"operation":1,"param":"30"}],"monsterTeamId":293017,"rewardBuffIds":"100"},"58":{"id":58,"type":1,"name":"i18n_200293018","condition":[{"operation":1,"param":"30"}],"monsterTeamId":293018,"rewardBuffIds":"100"},"59":{"id":59,"type":1,"name":"i18n_200293019","condition":[{"operation":1,"param":"30"}],"monsterTeamId":293019,"rewardBuffIds":"100"},"60":{"id":60,"type":2,"name":"i18n_200293020","condition":[{"operation":1,"param":"30"}],"monsterTeamId":293020,"rewardBuffIds":"100","turnNums":5,"awardTips":"i18n_900180011"}}