{"900001":{"id":900001,"name":"i18n_290000105","fromMapId":103,"toMapId":105,"dstx":203,"dsty":188,"weight":5},"900002":{"id":900002,"name":"i18n_290000103","fromMapId":105,"toMapId":103,"dstx":54,"dsty":9,"weight":5},"900003":{"id":900003,"name":"i18n_290000105","fromMapId":104,"toMapId":105,"dstx":15,"dsty":188,"weight":5},"900004":{"id":900004,"name":"i18n_290000104","fromMapId":105,"toMapId":104,"dstx":178,"dsty":15,"weight":5},"900005":{"id":900005,"name":"i18n_900190004","fromMapId":105,"toMapId":206,"dstx":38,"dsty":10,"weight":5},"900006":{"id":900006,"name":"i18n_290000105","fromMapId":206,"toMapId":105,"dstx":61,"dsty":28,"weight":5},"900007":{"id":900007,"name":"i18n_290000101","fromMapId":103,"toMapId":101,"dstx":44,"dsty":9,"weight":5},"900008":{"id":900008,"name":"i18n_290000103","fromMapId":101,"toMapId":103,"dstx":148,"dsty":90,"weight":5},"900009":{"id":900009,"name":"i18n_290000102","fromMapId":104,"toMapId":102,"dstx":44,"dsty":9,"weight":5},"900010":{"id":900010,"name":"i18n_290000104","fromMapId":102,"toMapId":104,"dstx":35,"dsty":99,"weight":5},"900011":{"id":900011,"name":"i18n_290000105","fromMapId":106,"toMapId":105,"dstx":138,"dsty":14,"weight":5},"900012":{"id":900012,"name":"i18n_290000106","fromMapId":105,"toMapId":106,"dstx":54,"dsty":180,"weight":5},"900013":{"id":900013,"name":"i18n_290000106","fromMapId":107,"toMapId":106,"dstx":57,"dsty":13,"weight":5},"900014":{"id":900014,"name":"i18n_290000107","fromMapId":106,"toMapId":107,"dstx":15,"dsty":187,"weight":5},"900015":{"id":900015,"name":"i18n_290000107","fromMapId":108,"toMapId":107,"dstx":148,"dsty":111,"weight":5},"900016":{"id":900016,"name":"i18n_290000108","fromMapId":107,"toMapId":108,"dstx":13,"dsty":64,"weight":5},"900017":{"id":900017,"name":"i18n_290000108","fromMapId":109,"toMapId":108,"dstx":127,"dsty":6,"weight":5},"900018":{"id":900018,"name":"i18n_290000109","fromMapId":108,"toMapId":109,"dstx":210,"dsty":130,"weight":5},"900019":{"id":900019,"name":"i18n_290000109","fromMapId":110,"toMapId":109,"dstx":12,"dsty":49,"weight":5},"900020":{"id":900020,"name":"i18n_290000110","fromMapId":109,"toMapId":110,"dstx":154,"dsty":56,"weight":5},"900021":{"id":900021,"name":"i18n_290000106","fromMapId":103,"toMapId":106,"dstx":265,"dsty":78,"weight":6},"900022":{"id":900022,"name":"i18n_290000106","fromMapId":104,"toMapId":106,"dstx":10,"dsty":105,"weight":6},"900023":{"id":900023,"name":"i18n_290000103","fromMapId":106,"toMapId":103,"dstx":140,"dsty":11,"weight":6},"900024":{"id":900024,"name":"i18n_290000104","fromMapId":106,"toMapId":104,"dstx":53,"dsty":7,"weight":6},"900025":{"id":900025,"name":"i18n_290000108","fromMapId":106,"toMapId":108,"dstx":142,"dsty":192,"weight":8},"900026":{"id":900026,"name":"i18n_290000106","fromMapId":108,"toMapId":106,"dstx":205,"dsty":12,"weight":8},"900027":{"id":900027,"name":"i18n_290000109","fromMapId":107,"toMapId":109,"dstx":25,"dsty":164,"weight":9},"900028":{"id":900028,"name":"i18n_290000107","fromMapId":109,"toMapId":107,"dstx":60,"dsty":5,"weight":9},"900029":{"id":900029,"name":"i18n_290000107","fromMapId":105,"toMapId":107,"dstx":141,"dsty":184,"weight":7},"900030":{"id":900030,"name":"i18n_290000105","fromMapId":107,"toMapId":105,"dstx":12,"dsty":9,"weight":7},"900031":{"id":900031,"name":"i18n_290000501","fromMapId":105,"toMapId":501,"dstx":1,"dsty":1,"weight":1},"901030":{"id":901030,"name":"i18n_290000101","fromMapId":10101,"toMapId":101,"dstx":42,"dsty":64,"weight":1},"901031":{"id":901031,"name":"i18n_290000101","fromMapId":10102,"toMapId":101,"dstx":42,"dsty":64,"weight":1},"901032":{"id":901032,"name":"i18n_290000101","fromMapId":10103,"toMapId":101,"dstx":42,"dsty":64,"weight":1},"901033":{"id":901033,"name":"i18n_290000102","fromMapId":10201,"toMapId":102,"dstx":95,"dsty":24,"weight":1},"901034":{"id":901034,"name":"i18n_290000102","fromMapId":10202,"toMapId":102,"dstx":95,"dsty":24,"weight":1},"901035":{"id":901035,"name":"i18n_290000102","fromMapId":10203,"toMapId":102,"dstx":95,"dsty":24,"weight":1},"901036":{"id":901036,"name":"i18n_290000103","fromMapId":10301,"toMapId":103,"dstx":9,"dsty":21,"weight":1},"901037":{"id":901037,"name":"i18n_290000103","fromMapId":10302,"toMapId":103,"dstx":9,"dsty":21,"weight":1},"901038":{"id":901038,"name":"i18n_290000103","fromMapId":10303,"toMapId":103,"dstx":9,"dsty":21,"weight":1},"901039":{"id":901039,"name":"i18n_290000103","fromMapId":10304,"toMapId":103,"dstx":9,"dsty":21,"weight":1},"901040":{"id":901040,"name":"i18n_290000103","fromMapId":10305,"toMapId":103,"dstx":9,"dsty":21,"weight":1},"901041":{"id":901041,"name":"i18n_290000104","fromMapId":10401,"toMapId":104,"dstx":181,"dsty":60,"weight":1},"901042":{"id":901042,"name":"i18n_290000104","fromMapId":10402,"toMapId":104,"dstx":181,"dsty":60,"weight":1},"901043":{"id":901043,"name":"i18n_290000104","fromMapId":10403,"toMapId":104,"dstx":181,"dsty":60,"weight":1},"901044":{"id":901044,"name":"i18n_290000104","fromMapId":10404,"toMapId":104,"dstx":181,"dsty":60,"weight":1},"901045":{"id":901045,"name":"i18n_290000104","fromMapId":10405,"toMapId":104,"dstx":181,"dsty":60,"weight":1},"901046":{"id":901046,"name":"i18n_290000105","fromMapId":10501,"toMapId":105,"dstx":17,"dsty":50,"weight":1},"901047":{"id":901047,"name":"i18n_290000105","fromMapId":10502,"toMapId":105,"dstx":17,"dsty":50,"weight":1},"901048":{"id":901048,"name":"i18n_290000105","fromMapId":10503,"toMapId":105,"dstx":17,"dsty":50,"weight":1},"901049":{"id":901049,"name":"i18n_290000105","fromMapId":10504,"toMapId":105,"dstx":17,"dsty":50,"weight":1},"901050":{"id":901050,"name":"i18n_290000105","fromMapId":10505,"toMapId":105,"dstx":17,"dsty":50,"weight":1},"901051":{"id":901051,"name":"i18n_290000106","fromMapId":10601,"toMapId":106,"dstx":17,"dsty":30,"weight":1},"901052":{"id":901052,"name":"i18n_290000106","fromMapId":10602,"toMapId":106,"dstx":17,"dsty":30,"weight":1},"901053":{"id":901053,"name":"i18n_290000106","fromMapId":10603,"toMapId":106,"dstx":17,"dsty":30,"weight":1},"901054":{"id":901054,"name":"i18n_290000106","fromMapId":10604,"toMapId":106,"dstx":17,"dsty":30,"weight":1},"901055":{"id":901055,"name":"i18n_290000106","fromMapId":10605,"toMapId":106,"dstx":17,"dsty":30,"weight":1},"901056":{"id":901056,"name":"i18n_290000107","fromMapId":10701,"toMapId":107,"dstx":10,"dsty":79,"weight":1},"901057":{"id":901057,"name":"i18n_290000107","fromMapId":10702,"toMapId":107,"dstx":10,"dsty":79,"weight":1},"901058":{"id":901058,"name":"i18n_290000107","fromMapId":10703,"toMapId":107,"dstx":10,"dsty":79,"weight":1},"901059":{"id":901059,"name":"i18n_290000107","fromMapId":10704,"toMapId":107,"dstx":10,"dsty":79,"weight":1},"901060":{"id":901060,"name":"i18n_290000107","fromMapId":10705,"toMapId":107,"dstx":10,"dsty":79,"weight":1},"901066":{"id":901066,"name":"i18n_290000107","fromMapId":10801,"toMapId":107,"dstx":10,"dsty":79,"weight":1},"901067":{"id":901067,"name":"i18n_290000107","fromMapId":10801,"toMapId":107,"dstx":10,"dsty":79,"weight":1},"901068":{"id":901068,"name":"i18n_290000107","fromMapId":10801,"toMapId":107,"dstx":10,"dsty":79,"weight":1},"901069":{"id":901069,"name":"i18n_290000107","fromMapId":10801,"toMapId":107,"dstx":10,"dsty":79,"weight":1},"901070":{"id":901070,"name":"i18n_290000107","fromMapId":10801,"toMapId":107,"dstx":10,"dsty":79,"weight":1},"901071":{"id":901071,"name":"i18n_290000108","fromMapId":10901,"toMapId":108,"dstx":146,"dsty":97,"weight":1},"901072":{"id":901072,"name":"i18n_290000108","fromMapId":10902,"toMapId":108,"dstx":146,"dsty":97,"weight":1},"901073":{"id":901073,"name":"i18n_290000108","fromMapId":10903,"toMapId":108,"dstx":146,"dsty":97,"weight":1},"901074":{"id":901074,"name":"i18n_290000108","fromMapId":10904,"toMapId":108,"dstx":146,"dsty":97,"weight":1},"901075":{"id":901075,"name":"i18n_290000108","fromMapId":10905,"toMapId":108,"dstx":146,"dsty":97,"weight":1},"901076":{"id":901076,"name":"i18n_290000108","fromMapId":11001,"toMapId":108,"dstx":146,"dsty":97,"weight":1},"901077":{"id":901077,"name":"i18n_290000108","fromMapId":11002,"toMapId":108,"dstx":146,"dsty":97,"weight":1},"901078":{"id":901078,"name":"i18n_290000108","fromMapId":11003,"toMapId":108,"dstx":146,"dsty":97,"weight":1},"901079":{"id":901079,"name":"i18n_290000108","fromMapId":11004,"toMapId":108,"dstx":146,"dsty":97,"weight":1},"901080":{"id":901080,"name":"i18n_290000108","fromMapId":11005,"toMapId":108,"dstx":146,"dsty":97,"weight":1},"901171":{"id":901171,"name":"i18n_290000109","fromMapId":11101,"toMapId":109,"dstx":76,"dsty":135,"weight":1},"901172":{"id":901172,"name":"i18n_290000109","fromMapId":11102,"toMapId":109,"dstx":76,"dsty":135,"weight":1},"901173":{"id":901173,"name":"i18n_290000109","fromMapId":11103,"toMapId":109,"dstx":76,"dsty":135,"weight":1},"901174":{"id":901174,"name":"i18n_290000109","fromMapId":11104,"toMapId":109,"dstx":76,"dsty":135,"weight":1},"901175":{"id":901175,"name":"i18n_290000109","fromMapId":11105,"toMapId":109,"dstx":76,"dsty":135,"weight":1},"901271":{"id":901271,"name":"i18n_290000109","fromMapId":11201,"toMapId":109,"dstx":76,"dsty":135,"weight":1},"901272":{"id":901272,"name":"i18n_290000109","fromMapId":11202,"toMapId":109,"dstx":76,"dsty":135,"weight":1},"901273":{"id":901273,"name":"i18n_290000109","fromMapId":11203,"toMapId":109,"dstx":76,"dsty":135,"weight":1},"901274":{"id":901274,"name":"i18n_290000109","fromMapId":11204,"toMapId":109,"dstx":76,"dsty":135,"weight":1},"901275":{"id":901275,"name":"i18n_290000109","fromMapId":11205,"toMapId":109,"dstx":76,"dsty":135,"weight":1},"901081":{"id":901081,"name":"i18n_290000103","fromMapId":311,"toMapId":103,"dstx":142,"dsty":52,"weight":1},"901082":{"id":901082,"name":"i18n_290000104","fromMapId":312,"toMapId":104,"dstx":68,"dsty":76,"weight":1},"901083":{"id":901083,"name":"i18n_290000105","fromMapId":301,"toMapId":105,"dstx":129,"dsty":110,"weight":1}}