{"1":{"id":1,"roleMaxLevel":29,"itemLib5":2900,"itemLib50":2901,"weightIndex":3},"2":{"id":2,"roleMaxLevel":29,"itemLib5":2900,"itemLib50":2901,"weightIndex":3},"3":{"id":3,"roleMaxLevel":29,"itemLib":2900,"weightIndex":2},"4":{"id":4,"roleMaxLevel":29,"itemLib":2900,"itemLib5":2900,"itemLib50":2901,"weightIndex":1},"5":{"id":5,"roleMaxLevel":29,"itemLib5":2900,"itemLib50":2901,"weightIndex":4},"6":{"id":6,"roleMaxLevel":29,"itemLib5":2900,"itemLib50":2901,"weightIndex":4},"7":{"id":7,"roleMaxLevel":29,"itemLib5":2900,"itemLib50":2901,"weightIndex":4},"8":{"id":8,"roleMaxLevel":29,"itemLib5":2900,"itemLib50":2901,"weightIndex":4},"9":{"id":9,"roleMaxLevel":29,"itemLib5":2900,"itemLib50":2901,"weightIndex":5},"10":{"id":10,"roleMaxLevel":39,"itemLib5":3900,"itemLib50":2001,"weightIndex":3},"11":{"id":11,"roleMaxLevel":39,"itemLib5":3900,"itemLib50":2001,"weightIndex":3},"12":{"id":12,"roleMaxLevel":39,"itemLib":3900,"weightIndex":2},"13":{"id":13,"roleMaxLevel":39,"itemLib":3900,"itemLib5":3900,"itemLib50":3901,"weightIndex":1},"14":{"id":14,"roleMaxLevel":39,"itemLib5":3900,"itemLib50":3901,"weightIndex":4},"15":{"id":15,"roleMaxLevel":39,"itemLib5":3900,"itemLib50":3901,"weightIndex":4},"16":{"id":16,"roleMaxLevel":39,"itemLib5":3900,"itemLib50":3901,"weightIndex":4},"17":{"id":17,"roleMaxLevel":39,"itemLib5":3900,"itemLib50":3901,"weightIndex":4},"18":{"id":18,"roleMaxLevel":39,"itemLib5":3900,"itemLib50":3901,"weightIndex":5},"19":{"id":19,"roleMaxLevel":49,"itemLib5":4900,"itemLib50":4901,"weightIndex":3},"20":{"id":20,"roleMaxLevel":49,"itemLib5":4900,"itemLib50":4901,"weightIndex":3},"21":{"id":21,"roleMaxLevel":49,"itemLib":4900,"weightIndex":2},"22":{"id":22,"roleMaxLevel":49,"itemLib":4900,"itemLib5":4900,"itemLib50":4901,"weightIndex":1},"23":{"id":23,"roleMaxLevel":49,"itemLib5":4900,"itemLib50":4901,"weightIndex":4},"24":{"id":24,"roleMaxLevel":49,"itemLib5":4900,"itemLib50":4901,"weightIndex":4},"25":{"id":25,"roleMaxLevel":49,"itemLib5":4900,"itemLib50":4901,"weightIndex":5},"26":{"id":26,"roleMaxLevel":59,"itemLib5":5900,"itemLib50":5901,"weightIndex":3},"27":{"id":27,"roleMaxLevel":59,"itemLib5":5900,"itemLib50":5901,"weightIndex":3},"28":{"id":28,"roleMaxLevel":59,"itemLib":5900,"weightIndex":2},"29":{"id":29,"roleMaxLevel":59,"itemLib":5900,"itemLib5":5900,"itemLib50":5901,"weightIndex":1},"30":{"id":30,"roleMaxLevel":59,"itemLib5":5900,"itemLib50":5901,"weightIndex":4},"31":{"id":31,"roleMaxLevel":59,"itemLib5":5900,"itemLib50":5901,"weightIndex":4},"32":{"id":32,"roleMaxLevel":59,"itemLib5":5900,"itemLib50":5901,"weightIndex":5},"33":{"id":33,"roleMaxLevel":79,"itemLib5":5900,"itemLib50":5901,"weightIndex":3},"34":{"id":34,"roleMaxLevel":79,"itemLib5":5900,"itemLib50":5901,"weightIndex":3},"35":{"id":35,"roleMaxLevel":79,"itemLib":5900,"weightIndex":2},"36":{"id":36,"roleMaxLevel":79,"itemLib":5900,"itemLib5":5900,"itemLib50":5901,"weightIndex":1},"37":{"id":37,"roleMaxLevel":79,"itemLib5":5900,"itemLib50":5901,"weightIndex":4},"38":{"id":38,"roleMaxLevel":79,"itemLib5":5900,"itemLib50":5901,"weightIndex":4},"39":{"id":39,"roleMaxLevel":79,"itemLib5":5900,"itemLib50":5901,"weightIndex":5}}