{"1001":{"id":1001,"itemLib":2900,"itemID":3310311,"num":1,"itemWorth":5,"probability":[1000,2020,1,5000,0],"clientQualityDisplay":1},"1002":{"id":1002,"itemLib":2900,"itemID":3332001,"num":1,"itemWorth":3,"probability":[5000,0,1,0,0],"clientQualityDisplay":1},"1003":{"id":1003,"itemLib":2900,"itemID":3332002,"num":1,"itemWorth":3,"probability":[5000,0,1,0,0],"clientQualityDisplay":2},"1004":{"id":1004,"itemLib":2900,"itemID":3333001,"num":1,"itemWorth":3,"probability":[5000,0,1,0,0],"clientQualityDisplay":1},"1005":{"id":1005,"itemLib":2900,"itemID":3333002,"num":1,"itemWorth":3,"probability":[5000,0,1,0,0],"clientQualityDisplay":2},"1006":{"id":1006,"itemLib":2900,"itemID":3400021,"num":1,"itemWorth":5,"probability":[5000,0,1,0,0],"clientQualityDisplay":3},"1007":{"id":1007,"itemLib":2900,"itemID":3400211,"num":1,"itemWorth":20,"probability":[500,0,1,0,0],"clientQualityDisplay":3},"1008":{"id":1008,"itemLib":2900,"itemID":3801035,"num":1,"itemWorth":3,"probability":[2500,0,1,0,0],"clientQualityDisplay":2},"1009":{"id":1009,"itemLib":2900,"itemID":3801501,"num":1,"itemWorth":5,"probability":[1800,0,1,0,0],"clientQualityDisplay":3},"1010":{"id":1010,"itemLib":2900,"itemID":3801502,"num":1,"itemWorth":10,"probability":[1200,0,1,0,0],"clientQualityDisplay":3},"1011":{"id":1011,"itemLib":2900,"itemID":3600007,"num":1,"itemWorth":200,"probability":[10,0,5000,10,5000],"clientQualityDisplay":5},"1012":{"id":1012,"itemLib":2900,"itemID":3600008,"num":1,"itemWorth":200,"probability":[10,0,5000,10,5000],"clientQualityDisplay":5},"1013":{"id":1013,"itemLib":2900,"itemID":3801006,"num":1,"itemWorth":3,"probability":[1000,3000,1,1,0],"clientQualityDisplay":1},"1014":{"id":1014,"itemLib":2900,"itemID":3801007,"num":1,"itemWorth":24,"probability":[500,1,1,2000,0],"clientQualityDisplay":2},"1015":{"id":1015,"itemLib":2900,"itemID":3801008,"num":1,"itemWorth":120,"probability":[10,0,5000,1,5000],"clientQualityDisplay":4},"1016":{"id":1016,"itemLib":2900,"itemID":3310401,"num":1,"itemWorth":6,"probability":[1000,4000,1,1,0],"clientQualityDisplay":1},"1017":{"id":1017,"itemLib":2900,"itemID":3310402,"num":1,"itemWorth":9,"probability":[500,3000,1,1000,0],"clientQualityDisplay":1},"1018":{"id":1018,"itemLib":2900,"itemID":3801004,"num":1,"itemWorth":5,"probability":[1000,3000,1,1,0],"clientQualityDisplay":1},"1019":{"id":1019,"itemLib":2900,"itemID":3801005,"num":1,"itemWorth":15,"probability":[500,1,1,2000,0],"clientQualityDisplay":3},"1020":{"id":1020,"itemLib":2900,"itemID":3349001,"num":1,"itemWorth":2,"probability":[2000,2000,1,1,0],"clientQualityDisplay":1},"1021":{"id":1021,"itemLib":2900,"itemID":3400001,"num":1,"itemWorth":5,"probability":[2000,1600,1,1,0],"clientQualityDisplay":1},"1022":{"id":1022,"itemLib":2900,"itemID":3400002,"num":1,"itemWorth":18,"probability":[500,1,1,900,0],"clientQualityDisplay":2},"1023":{"id":1023,"itemLib":2900,"itemID":3400003,"num":1,"itemWorth":59,"probability":[100,100,1,100,0],"clientQualityDisplay":3},"1024":{"id":1024,"itemLib":2900,"itemID":3400004,"num":1,"itemWorth":99,"probability":[50,50,1000,50,1000],"clientQualityDisplay":3},"1025":{"id":1025,"itemLib":2900,"itemID":3400005,"num":1,"itemWorth":5,"probability":[2000,4000,1,1,0],"clientQualityDisplay":1},"1026":{"id":1026,"itemLib":2900,"itemID":3343001,"num":2,"itemWorth":4,"probability":[3000,3000,1,1,0],"clientQualityDisplay":1},"1027":{"id":1027,"itemLib":2900,"itemID":3343002,"num":1,"itemWorth":5,"probability":[2000,3000,1,3000,0],"clientQualityDisplay":1},"1028":{"id":1028,"itemLib":2900,"itemID":3400016,"num":1,"itemWorth":1,"probability":[2000,3000,1,3000,0],"clientQualityDisplay":1},"1029":{"id":1029,"itemLib":2900,"itemID":3400009,"num":1,"itemWorth":99,"probability":[20,50,1,50,0],"clientQualityDisplay":5},"1030":{"id":1030,"itemLib":2900,"itemID":3400302,"num":1,"itemWorth":8,"probability":[1000,2000,1,2000,0],"clientQualityDisplay":1},"1031":{"id":1031,"itemLib":2900,"itemID":3400006,"num":2,"itemWorth":2,"probability":[2000,7000,1,1000,0],"clientQualityDisplay":1},"1032":{"id":1032,"itemLib":2900,"itemID":3400007,"num":2,"itemWorth":2,"probability":[1000,7000,1,1000,0],"clientQualityDisplay":1},"1033":{"id":1033,"itemLib":2900,"itemID":3400301,"num":1,"itemWorth":5,"probability":[2000,2000,1,1,0],"clientQualityDisplay":1},"1034":{"id":1034,"itemLib":2900,"itemID":3400311,"num":5,"itemWorth":1,"probability":[5000,2000,1,1,0],"clientQualityDisplay":1},"1035":{"id":1035,"itemLib":2900,"itemID":3400312,"num":1,"itemWorth":1,"probability":[4500,2000,1,1,0],"clientQualityDisplay":1},"1036":{"id":1036,"itemLib":2900,"itemID":3400313,"num":1,"itemWorth":2,"probability":[4000,1100,1,1,0],"clientQualityDisplay":1},"1037":{"id":1037,"itemLib":2900,"itemID":3400314,"num":1,"itemWorth":4,"probability":[3500,1100,1,1,0],"clientQualityDisplay":1},"1038":{"id":1038,"itemLib":2900,"itemID":3400315,"num":1,"itemWorth":8,"probability":[2000,700,1,1,0],"clientQualityDisplay":1},"1039":{"id":1039,"itemLib":2900,"itemID":3800000,"num":3,"itemWorth":3,"probability":[2000,100,1,6330,0],"clientQualityDisplay":3},"1040":{"id":1040,"itemLib":2900,"itemID":3800004,"num":5,"itemWorth":5,"probability":[6000,3000,1,1,0],"clientQualityDisplay":1},"1041":{"id":1041,"itemLib":2900,"itemID":3800005,"num":5,"itemWorth":5,"probability":[5500,3000,1,1,0],"clientQualityDisplay":1},"1042":{"id":1042,"itemLib":2900,"itemID":3800006,"num":1,"itemWorth":3,"probability":[4000,4500,1,4500,0],"clientQualityDisplay":1},"1043":{"id":1043,"itemLib":2900,"itemID":3800007,"num":1,"itemWorth":10,"probability":[800,1,1,800,0],"clientQualityDisplay":2},"1044":{"id":1044,"itemLib":2900,"itemID":3800008,"num":1,"itemWorth":15,"probability":[100,1,1,100,0],"clientQualityDisplay":3},"1045":{"id":1045,"itemLib":2900,"itemID":3800009,"num":1,"itemWorth":30,"probability":[20,1,5000,20,5000],"clientQualityDisplay":4},"1046":{"id":1046,"itemLib":2900,"itemID":3800010,"num":1,"itemWorth":60,"probability":[10,1,8000,10,8000],"clientQualityDisplay":5},"1047":{"id":1047,"itemLib":2900,"itemID":3801001,"num":1,"itemWorth":50,"probability":[100,1,1,200,0],"clientQualityDisplay":4},"1048":{"id":1048,"itemLib":2900,"itemID":3400201,"num":3,"itemWorth":3,"probability":[3000,6000,1,1,0],"clientQualityDisplay":2},"1049":{"id":1049,"itemLib":2900,"itemID":3400101,"num":10,"itemWorth":5,"probability":[1000,1000,1,1,0],"clientQualityDisplay":2},"1050":{"id":1050,"itemLib":2900,"itemID":3400102,"num":10,"itemWorth":5,"probability":[1000,1000,1,1,0],"clientQualityDisplay":3},"1051":{"id":1051,"itemLib":2900,"itemID":3400103,"num":100,"itemWorth":70,"probability":[300,50,1,2000,0],"clientQualityDisplay":4},"1052":{"id":1052,"itemLib":2901,"itemID":3310311,"num":1,"itemWorth":5,"probability":[1000,0,1,0,0],"clientQualityDisplay":1},"1053":{"id":1053,"itemLib":2901,"itemID":3332001,"num":5,"itemWorth":15,"probability":[4000,0,1,0,0],"clientQualityDisplay":1},"1054":{"id":1054,"itemLib":2901,"itemID":3332002,"num":5,"itemWorth":15,"probability":[4000,0,1,0,0],"clientQualityDisplay":2},"1055":{"id":1055,"itemLib":2901,"itemID":3333001,"num":5,"itemWorth":15,"probability":[4000,0,1,0,0],"clientQualityDisplay":1},"1056":{"id":1056,"itemLib":2901,"itemID":3333002,"num":5,"itemWorth":15,"probability":[4000,0,1,0,0],"clientQualityDisplay":2},"1057":{"id":1057,"itemLib":2901,"itemID":3400021,"num":5,"itemWorth":25,"probability":[4000,0,1,0,0],"clientQualityDisplay":3},"1058":{"id":1058,"itemLib":2901,"itemID":3400211,"num":1,"itemWorth":20,"probability":[1000,0,1,0,0],"clientQualityDisplay":3},"1059":{"id":1059,"itemLib":2901,"itemID":3400212,"num":1,"itemWorth":40,"probability":[500,0,1,0,0],"clientQualityDisplay":4},"1060":{"id":1060,"itemLib":2901,"itemID":3801034,"num":1,"itemWorth":15,"probability":[1500,0,1,0,0],"clientQualityDisplay":2},"1061":{"id":1061,"itemLib":2901,"itemID":3801501,"num":1,"itemWorth":5,"probability":[2500,0,1,0,0],"clientQualityDisplay":3},"1062":{"id":1062,"itemLib":2901,"itemID":3801502,"num":1,"itemWorth":10,"probability":[1500,0,1,0,0],"clientQualityDisplay":3},"1063":{"id":1063,"itemLib":2901,"itemID":3600007,"num":1,"itemWorth":300,"probability":[200,0,1000,0,0],"clientQualityDisplay":5},"1064":{"id":1064,"itemLib":2901,"itemID":3600008,"num":1,"itemWorth":300,"probability":[200,0,1000,0,0],"clientQualityDisplay":5},"1065":{"id":1065,"itemLib":2901,"itemID":3801006,"num":1,"itemWorth":3,"probability":[100,0,1,0,0],"clientQualityDisplay":1},"1066":{"id":1066,"itemLib":2901,"itemID":3801007,"num":1,"itemWorth":24,"probability":[100,0,1,0,0],"clientQualityDisplay":2},"1067":{"id":1067,"itemLib":2901,"itemID":3801008,"num":1,"itemWorth":120,"probability":[500,0,1,0,0],"clientQualityDisplay":4},"1068":{"id":1068,"itemLib":2901,"itemID":3310401,"num":5,"itemWorth":30,"probability":[3000,0,1,0,0],"clientQualityDisplay":2},"1069":{"id":1069,"itemLib":2901,"itemID":3310402,"num":5,"itemWorth":45,"probability":[4000,0,1,0,0],"clientQualityDisplay":4},"1070":{"id":1070,"itemLib":2901,"itemID":3801004,"num":1,"itemWorth":5,"probability":[100,0,1,0,0],"clientQualityDisplay":2},"1071":{"id":1071,"itemLib":2901,"itemID":3801005,"num":2,"itemWorth":30,"probability":[5000,0,1,0,0],"clientQualityDisplay":3},"1072":{"id":1072,"itemLib":2901,"itemID":3349001,"num":10,"itemWorth":40,"probability":[1000,0,1,0,0],"clientQualityDisplay":3},"1073":{"id":1073,"itemLib":2901,"itemID":3400001,"num":5,"itemWorth":25,"probability":[2000,0,1,0,0],"clientQualityDisplay":2},"1074":{"id":1074,"itemLib":2901,"itemID":3400002,"num":2,"itemWorth":36,"probability":[4000,0,1,0,0],"clientQualityDisplay":4},"1075":{"id":1075,"itemLib":2901,"itemID":3400003,"num":1,"itemWorth":59,"probability":[100,0,1,0,0],"clientQualityDisplay":4},"1076":{"id":1076,"itemLib":2901,"itemID":3400004,"num":1,"itemWorth":99,"probability":[200,0,1,0,0],"clientQualityDisplay":4},"1077":{"id":1077,"itemLib":2901,"itemID":3400005,"num":5,"itemWorth":25,"probability":[3000,0,1,0,0],"clientQualityDisplay":2},"1078":{"id":1078,"itemLib":2901,"itemID":3343001,"num":10,"itemWorth":20,"probability":[500,0,1,0,0],"clientQualityDisplay":1},"1079":{"id":1079,"itemLib":2901,"itemID":3343002,"num":10,"itemWorth":50,"probability":[1500,0,1,0,0],"clientQualityDisplay":4},"1080":{"id":1080,"itemLib":2901,"itemID":3400016,"num":5,"itemWorth":10,"probability":[4000,0,1,0,0],"clientQualityDisplay":4},"1081":{"id":1081,"itemLib":2901,"itemID":3400009,"num":1,"itemWorth":99,"probability":[3000,0,1,0,0],"clientQualityDisplay":5},"1082":{"id":1082,"itemLib":2901,"itemID":3400302,"num":1,"itemWorth":8,"probability":[2000,0,1,0,0],"clientQualityDisplay":3},"1083":{"id":1083,"itemLib":2901,"itemID":3400006,"num":20,"itemWorth":20,"probability":[6000,0,1,0,0],"clientQualityDisplay":2},"1084":{"id":1084,"itemLib":2901,"itemID":3400007,"num":15,"itemWorth":15,"probability":[5000,0,1,0,0],"clientQualityDisplay":2},"1085":{"id":1085,"itemLib":2901,"itemID":3400301,"num":1,"itemWorth":5,"probability":[500,0,1,0,0],"clientQualityDisplay":1},"1086":{"id":1086,"itemLib":2901,"itemID":3400311,"num":5,"itemWorth":5,"probability":[500,0,1,0,0],"clientQualityDisplay":1},"1087":{"id":1087,"itemLib":2901,"itemID":3400312,"num":5,"itemWorth":5,"probability":[500,0,1,0,0],"clientQualityDisplay":1},"1088":{"id":1088,"itemLib":2901,"itemID":3400313,"num":3,"itemWorth":6,"probability":[500,0,1,0,0],"clientQualityDisplay":2},"1089":{"id":1089,"itemLib":2901,"itemID":3400314,"num":2,"itemWorth":8,"probability":[500,0,1,0,0],"clientQualityDisplay":2},"1090":{"id":1090,"itemLib":2901,"itemID":3400315,"num":1,"itemWorth":8,"probability":[500,0,1,0,0],"clientQualityDisplay":3},"1091":{"id":1091,"itemLib":2901,"itemID":3800000,"num":20,"itemWorth":20,"probability":[2000,0,1,0,0],"clientQualityDisplay":4},"1092":{"id":1092,"itemLib":2901,"itemID":3800004,"num":5,"itemWorth":5,"probability":[100,0,1,0,0],"clientQualityDisplay":1},"1093":{"id":1093,"itemLib":2901,"itemID":3800005,"num":5,"itemWorth":5,"probability":[100,0,1,0,0],"clientQualityDisplay":2},"1094":{"id":1094,"itemLib":2901,"itemID":3800006,"num":1,"itemWorth":3,"probability":[2000,0,1,0,0],"clientQualityDisplay":2},"1095":{"id":1095,"itemLib":2901,"itemID":3800007,"num":1,"itemWorth":10,"probability":[5000,0,1,0,0],"clientQualityDisplay":3},"1096":{"id":1096,"itemLib":2901,"itemID":3800008,"num":1,"itemWorth":15,"probability":[6000,0,1,0,0],"clientQualityDisplay":4},"1097":{"id":1097,"itemLib":2901,"itemID":3800009,"num":1,"itemWorth":30,"probability":[3000,0,1,0,0],"clientQualityDisplay":4},"1098":{"id":1098,"itemLib":2901,"itemID":3800010,"num":1,"itemWorth":60,"probability":[1500,0,1000,0,1000],"clientQualityDisplay":5},"1099":{"id":1099,"itemLib":2901,"itemID":3801001,"num":1,"itemWorth":50,"probability":[500,0,1,0,0],"clientQualityDisplay":4},"1100":{"id":1100,"itemLib":2901,"itemID":3400201,"num":10,"itemWorth":10,"probability":[3000,0,1,0,0],"clientQualityDisplay":2},"1101":{"id":1101,"itemLib":2901,"itemID":3400101,"num":10,"itemWorth":5,"probability":[100,0,1,0,0],"clientQualityDisplay":2},"1102":{"id":1102,"itemLib":2901,"itemID":3400102,"num":10,"itemWorth":5,"probability":[100,0,1,0,0],"clientQualityDisplay":2},"1103":{"id":1103,"itemLib":2901,"itemID":3400103,"num":100,"itemWorth":70,"probability":[1000,0,1,0,0],"clientQualityDisplay":5},"1104":{"id":1104,"itemLib":3900,"itemID":3310311,"num":1,"itemWorth":5,"probability":[1000,1000,1,0,0],"clientQualityDisplay":1},"1105":{"id":1105,"itemLib":3900,"itemID":3332002,"num":1,"itemWorth":3,"probability":[5000,0,1,0,0],"clientQualityDisplay":2},"1106":{"id":1106,"itemLib":3900,"itemID":3332003,"num":1,"itemWorth":3,"probability":[5000,0,1,0,0],"clientQualityDisplay":2},"1107":{"id":1107,"itemLib":3900,"itemID":3333002,"num":1,"itemWorth":3,"probability":[5000,0,1,0,0],"clientQualityDisplay":2},"1108":{"id":1108,"itemLib":3900,"itemID":3333003,"num":1,"itemWorth":3,"probability":[5000,0,1,0,0],"clientQualityDisplay":2},"1109":{"id":1109,"itemLib":3900,"itemID":3400021,"num":1,"itemWorth":5,"probability":[5000,0,1,0,0],"clientQualityDisplay":3},"1110":{"id":1110,"itemLib":3900,"itemID":3400211,"num":1,"itemWorth":20,"probability":[500,0,1,0,0],"clientQualityDisplay":3},"1111":{"id":1111,"itemLib":3900,"itemID":3400212,"num":1,"itemWorth":40,"probability":[100,0,1,0,0],"clientQualityDisplay":4},"1112":{"id":1112,"itemLib":3900,"itemID":3801035,"num":1,"itemWorth":3,"probability":[2500,0,1,0,0],"clientQualityDisplay":2},"1113":{"id":1113,"itemLib":3900,"itemID":3801501,"num":1,"itemWorth":5,"probability":[2500,0,1,0,0],"clientQualityDisplay":3},"1114":{"id":1114,"itemLib":3900,"itemID":3801502,"num":1,"itemWorth":10,"probability":[1500,0,1,0,0],"clientQualityDisplay":3},"1115":{"id":1115,"itemLib":3900,"itemID":3600007,"num":1,"itemWorth":300,"probability":[10,0,3000,10,500],"clientQualityDisplay":5},"1116":{"id":1116,"itemLib":3900,"itemID":3600008,"num":1,"itemWorth":300,"probability":[10,0,3000,10,500],"clientQualityDisplay":5},"1117":{"id":1117,"itemLib":3900,"itemID":3801006,"num":1,"itemWorth":3,"probability":[1000,2000,1,0,0],"clientQualityDisplay":1},"1118":{"id":1118,"itemLib":3900,"itemID":3801007,"num":1,"itemWorth":24,"probability":[50,1,1,500,0],"clientQualityDisplay":2},"1119":{"id":1119,"itemLib":3900,"itemID":3801008,"num":1,"itemWorth":120,"probability":[10,0,3000,100,0],"clientQualityDisplay":4},"1120":{"id":1120,"itemLib":3900,"itemID":3310401,"num":1,"itemWorth":6,"probability":[1000,4000,1,0,0],"clientQualityDisplay":1},"1121":{"id":1121,"itemLib":3900,"itemID":3310402,"num":1,"itemWorth":9,"probability":[500,1,1,3000,0],"clientQualityDisplay":1},"1122":{"id":1122,"itemLib":3900,"itemID":3801004,"num":1,"itemWorth":5,"probability":[1000,3000,1,0,0],"clientQualityDisplay":1},"1123":{"id":1123,"itemLib":3900,"itemID":3801005,"num":1,"itemWorth":15,"probability":[500,1,1,500,0],"clientQualityDisplay":3},"1124":{"id":1124,"itemLib":3900,"itemID":3349001,"num":2,"itemWorth":4,"probability":[2000,2500,1,0,0],"clientQualityDisplay":1},"1125":{"id":1125,"itemLib":3900,"itemID":3400001,"num":1,"itemWorth":5,"probability":[2000,2500,1,0,0],"clientQualityDisplay":1},"1126":{"id":1126,"itemLib":3900,"itemID":3400002,"num":1,"itemWorth":18,"probability":[500,1,1,100,0],"clientQualityDisplay":2},"1127":{"id":1127,"itemLib":3900,"itemID":3400003,"num":1,"itemWorth":59,"probability":[100,1,1,10,0],"clientQualityDisplay":4},"1128":{"id":1128,"itemLib":3900,"itemID":3400004,"num":1,"itemWorth":99,"probability":[50,1,1,10,0],"clientQualityDisplay":4},"1129":{"id":1129,"itemLib":3900,"itemID":3400005,"num":1,"itemWorth":5,"probability":[2000,3000,1,3000,0],"clientQualityDisplay":1},"1130":{"id":1130,"itemLib":3900,"itemID":3343002,"num":2,"itemWorth":10,"probability":[2000,2500,1,2500,0],"clientQualityDisplay":2},"1131":{"id":1131,"itemLib":3900,"itemID":3343003,"num":1,"itemWorth":10,"probability":[1000,1000,1,1000,0],"clientQualityDisplay":3},"1132":{"id":1132,"itemLib":3900,"itemID":3801040,"num":4,"itemWorth":4,"probability":[30,1000,1,0,0],"clientQualityDisplay":1},"1133":{"id":1133,"itemLib":3900,"itemID":3801041,"num":1,"itemWorth":5,"probability":[20,500,1,2000,0],"clientQualityDisplay":2},"1134":{"id":1134,"itemLib":3900,"itemID":3801042,"num":1,"itemWorth":15,"probability":[20,1,1,200,0],"clientQualityDisplay":3},"1135":{"id":1135,"itemLib":3900,"itemID":3801043,"num":1,"itemWorth":60,"probability":[10,1,1,10,0],"clientQualityDisplay":5},"1136":{"id":1136,"itemLib":3900,"itemID":3400016,"num":2,"itemWorth":2,"probability":[2000,5000,1,5000,0],"clientQualityDisplay":2},"1137":{"id":1137,"itemLib":3900,"itemID":3400009,"num":1,"itemWorth":99,"probability":[20,1,2000,150,500],"clientQualityDisplay":5},"1138":{"id":1138,"itemLib":3900,"itemID":3400302,"num":1,"itemWorth":8,"probability":[1000,3000,1,3000,0],"clientQualityDisplay":3},"1139":{"id":1139,"itemLib":3900,"itemID":3400006,"num":5,"itemWorth":5,"probability":[2000,7000,1,7000,0],"clientQualityDisplay":2},"1140":{"id":1140,"itemLib":3900,"itemID":3400007,"num":5,"itemWorth":5,"probability":[1000,6000,1,6000,0],"clientQualityDisplay":2},"1141":{"id":1141,"itemLib":3900,"itemID":3400301,"num":1,"itemWorth":5,"probability":[2000,1000,1,0,0],"clientQualityDisplay":1},"1142":{"id":1142,"itemLib":3900,"itemID":3400311,"num":5,"itemWorth":1,"probability":[5000,1000,1,0,0],"clientQualityDisplay":1},"1143":{"id":1143,"itemLib":3900,"itemID":3400312,"num":1,"itemWorth":1,"probability":[4500,1000,1,0,0],"clientQualityDisplay":1},"1144":{"id":1144,"itemLib":3900,"itemID":3400313,"num":1,"itemWorth":2,"probability":[4000,1000,1,0,0],"clientQualityDisplay":2},"1145":{"id":1145,"itemLib":3900,"itemID":3400314,"num":1,"itemWorth":4,"probability":[3500,1000,1,0,0],"clientQualityDisplay":2},"1146":{"id":1146,"itemLib":3900,"itemID":3400315,"num":1,"itemWorth":8,"probability":[2000,500,1,0,0],"clientQualityDisplay":3},"1147":{"id":1147,"itemLib":3900,"itemID":3800000,"num":3,"itemWorth":3,"probability":[2000,1,1,8000,0],"clientQualityDisplay":3},"1148":{"id":1148,"itemLib":3900,"itemID":3800004,"num":5,"itemWorth":5,"probability":[6000,2000,1,0,0],"clientQualityDisplay":1},"1149":{"id":1149,"itemLib":3900,"itemID":3800005,"num":2,"itemWorth":2,"probability":[5500,3000,1,0,0],"clientQualityDisplay":1},"1150":{"id":1150,"itemLib":3900,"itemID":3800006,"num":1,"itemWorth":3,"probability":[4000,5130,1,0,0],"clientQualityDisplay":2},"1151":{"id":1151,"itemLib":3900,"itemID":3800007,"num":1,"itemWorth":10,"probability":[800,1,1,3500,0],"clientQualityDisplay":2},"1152":{"id":1152,"itemLib":3900,"itemID":3800008,"num":1,"itemWorth":15,"probability":[100,1,1,1000,0],"clientQualityDisplay":3},"1153":{"id":1153,"itemLib":3900,"itemID":3800009,"num":1,"itemWorth":30,"probability":[20,1,5000,10,500],"clientQualityDisplay":4},"1154":{"id":1154,"itemLib":3900,"itemID":3800010,"num":1,"itemWorth":60,"probability":[10,1,8000,10,500],"clientQualityDisplay":5},"1155":{"id":1155,"itemLib":3900,"itemID":3801001,"num":1,"itemWorth":50,"probability":[100,1,1,100,0],"clientQualityDisplay":4},"1156":{"id":1156,"itemLib":3900,"itemID":3400201,"num":3,"itemWorth":3,"probability":[3000,5500,1,0,0],"clientQualityDisplay":2},"1157":{"id":1157,"itemLib":3900,"itemID":3400202,"num":2,"itemWorth":2,"probability":[1000,1,1,4000,0],"clientQualityDisplay":3},"1158":{"id":1158,"itemLib":3900,"itemID":3400101,"num":10,"itemWorth":5,"probability":[1000,500,1,0,0],"clientQualityDisplay":2},"1159":{"id":1159,"itemLib":3900,"itemID":3400102,"num":10,"itemWorth":5,"probability":[1000,500,1,0,0],"clientQualityDisplay":2},"1160":{"id":1160,"itemLib":3900,"itemID":3400103,"num":100,"itemWorth":70,"probability":[300,1,1,2000,0],"clientQualityDisplay":5},"1161":{"id":1161,"itemLib":3901,"itemID":3310311,"num":1,"itemWorth":5,"probability":[1500,0,1,0,0],"clientQualityDisplay":1},"1162":{"id":1162,"itemLib":3901,"itemID":3332002,"num":5,"itemWorth":15,"probability":[4500,0,1,0,0],"clientQualityDisplay":2},"1163":{"id":1163,"itemLib":3901,"itemID":3332003,"num":5,"itemWorth":15,"probability":[4500,0,1,0,0],"clientQualityDisplay":2},"1164":{"id":1164,"itemLib":3901,"itemID":3333002,"num":5,"itemWorth":15,"probability":[4500,0,1,0,0],"clientQualityDisplay":2},"1165":{"id":1165,"itemLib":3901,"itemID":3333003,"num":5,"itemWorth":15,"probability":[4500,0,1,0,0],"clientQualityDisplay":2},"1166":{"id":1166,"itemLib":3901,"itemID":3400021,"num":5,"itemWorth":25,"probability":[4500,0,1,0,0],"clientQualityDisplay":3},"1167":{"id":1167,"itemLib":3901,"itemID":3400211,"num":1,"itemWorth":20,"probability":[1500,0,1,0,0],"clientQualityDisplay":3},"1168":{"id":1168,"itemLib":3901,"itemID":3400212,"num":1,"itemWorth":40,"probability":[1000,0,1,0,0],"clientQualityDisplay":4},"1169":{"id":1169,"itemLib":3901,"itemID":3801034,"num":1,"itemWorth":15,"probability":[1500,0,1,0,0],"clientQualityDisplay":2},"1170":{"id":1170,"itemLib":3901,"itemID":3801501,"num":1,"itemWorth":5,"probability":[2500,0,1,0,0],"clientQualityDisplay":3},"1171":{"id":1171,"itemLib":3901,"itemID":3801502,"num":1,"itemWorth":10,"probability":[1000,0,1,0,0],"clientQualityDisplay":3},"1172":{"id":1172,"itemLib":3901,"itemID":3600007,"num":1,"itemWorth":300,"probability":[100,0,1000,0,0],"clientQualityDisplay":5},"1173":{"id":1173,"itemLib":3901,"itemID":3600008,"num":1,"itemWorth":300,"probability":[100,0,1000,0,0],"clientQualityDisplay":5},"1174":{"id":1174,"itemLib":3901,"itemID":3801006,"num":1,"itemWorth":3,"probability":[10,0,1,0,0],"clientQualityDisplay":1},"1175":{"id":1175,"itemLib":3901,"itemID":3801007,"num":1,"itemWorth":24,"probability":[10,0,1,0,0],"clientQualityDisplay":2},"1176":{"id":1176,"itemLib":3901,"itemID":3801008,"num":1,"itemWorth":120,"probability":[10,0,1000,0,0],"clientQualityDisplay":4},"1177":{"id":1177,"itemLib":3901,"itemID":3310401,"num":5,"itemWorth":30,"probability":[1000,0,1,0,0],"clientQualityDisplay":2},"1178":{"id":1178,"itemLib":3901,"itemID":3310402,"num":5,"itemWorth":45,"probability":[3000,0,1,0,0],"clientQualityDisplay":3},"1179":{"id":1179,"itemLib":3901,"itemID":3801004,"num":1,"itemWorth":5,"probability":[100,0,1,0,0],"clientQualityDisplay":1},"1180":{"id":1180,"itemLib":3901,"itemID":3801005,"num":2,"itemWorth":100,"probability":[4000,0,1,0,0],"clientQualityDisplay":3},"1181":{"id":1181,"itemLib":3901,"itemID":3349001,"num":10,"itemWorth":20,"probability":[1000,0,1,0,0],"clientQualityDisplay":2},"1182":{"id":1182,"itemLib":3901,"itemID":3400001,"num":5,"itemWorth":25,"probability":[3000,0,1,0,0],"clientQualityDisplay":2},"1183":{"id":1183,"itemLib":3901,"itemID":3400002,"num":2,"itemWorth":36,"probability":[6000,0,1,0,0],"clientQualityDisplay":4},"1184":{"id":1184,"itemLib":3901,"itemID":3400003,"num":1,"itemWorth":59,"probability":[100,0,1,0,0],"clientQualityDisplay":5},"1185":{"id":1185,"itemLib":3901,"itemID":3400004,"num":1,"itemWorth":99,"probability":[200,0,1,0,0],"clientQualityDisplay":5},"1186":{"id":1186,"itemLib":3901,"itemID":3400005,"num":5,"itemWorth":25,"probability":[5000,0,1,0,0],"clientQualityDisplay":2},"1187":{"id":1187,"itemLib":3901,"itemID":3343002,"num":10,"itemWorth":50,"probability":[500,0,1,0,0],"clientQualityDisplay":4},"1188":{"id":1188,"itemLib":3901,"itemID":3343003,"num":5,"itemWorth":50,"probability":[2500,0,1,0,0],"clientQualityDisplay":4},"1189":{"id":1189,"itemLib":3901,"itemID":3801040,"num":5,"itemWorth":5,"probability":[5000,0,1,0,0],"clientQualityDisplay":1},"1190":{"id":1190,"itemLib":3901,"itemID":3801041,"num":1,"itemWorth":5,"probability":[1000,0,1,0,0],"clientQualityDisplay":2},"1191":{"id":1191,"itemLib":3901,"itemID":3801042,"num":1,"itemWorth":15,"probability":[500,0,1,0,0],"clientQualityDisplay":4},"1192":{"id":1192,"itemLib":3901,"itemID":3801043,"num":1,"itemWorth":60,"probability":[100,0,1,0,0],"clientQualityDisplay":5},"1193":{"id":1193,"itemLib":3901,"itemID":3400016,"num":6,"itemWorth":6,"probability":[5000,0,1,0,0],"clientQualityDisplay":4},"1194":{"id":1194,"itemLib":3901,"itemID":3400009,"num":1,"itemWorth":99,"probability":[2000,0,1,0,0],"clientQualityDisplay":5},"1195":{"id":1195,"itemLib":3901,"itemID":3400302,"num":1,"itemWorth":8,"probability":[2000,0,1,0,0],"clientQualityDisplay":2},"1196":{"id":1196,"itemLib":3901,"itemID":3400006,"num":20,"itemWorth":20,"probability":[6000,0,1,0,0],"clientQualityDisplay":3},"1197":{"id":1197,"itemLib":3901,"itemID":3400007,"num":15,"itemWorth":15,"probability":[1000,0,1,0,0],"clientQualityDisplay":2},"1198":{"id":1198,"itemLib":3901,"itemID":3400301,"num":1,"itemWorth":5,"probability":[500,0,1,0,0],"clientQualityDisplay":1},"1199":{"id":1199,"itemLib":3901,"itemID":3400311,"num":5,"itemWorth":5,"probability":[500,0,1,0,0],"clientQualityDisplay":1},"1200":{"id":1200,"itemLib":3901,"itemID":3400312,"num":5,"itemWorth":5,"probability":[500,0,1,0,0],"clientQualityDisplay":1},"1201":{"id":1201,"itemLib":3901,"itemID":3400313,"num":3,"itemWorth":6,"probability":[500,0,1,0,0],"clientQualityDisplay":2},"1202":{"id":1202,"itemLib":3901,"itemID":3400314,"num":2,"itemWorth":8,"probability":[500,0,1,0,0],"clientQualityDisplay":2},"1203":{"id":1203,"itemLib":3901,"itemID":3400315,"num":1,"itemWorth":8,"probability":[500,0,1,0,0],"clientQualityDisplay":3},"1204":{"id":1204,"itemLib":3901,"itemID":3800000,"num":20,"itemWorth":20,"probability":[200,0,1,0,0],"clientQualityDisplay":3},"1205":{"id":1205,"itemLib":3901,"itemID":3800004,"num":5,"itemWorth":5,"probability":[10,0,1,0,0],"clientQualityDisplay":1},"1206":{"id":1206,"itemLib":3901,"itemID":3800005,"num":5,"itemWorth":5,"probability":[10,0,1,0,0],"clientQualityDisplay":1},"1207":{"id":1207,"itemLib":3901,"itemID":3800006,"num":1,"itemWorth":3,"probability":[1000,0,1,0,0],"clientQualityDisplay":2},"1208":{"id":1208,"itemLib":3901,"itemID":3800007,"num":1,"itemWorth":10,"probability":[3000,0,1,0,0],"clientQualityDisplay":2},"1209":{"id":1209,"itemLib":3901,"itemID":3800008,"num":1,"itemWorth":15,"probability":[5000,0,1,0,0],"clientQualityDisplay":3},"1210":{"id":1210,"itemLib":3901,"itemID":3800009,"num":1,"itemWorth":30,"probability":[3000,0,1,0,0],"clientQualityDisplay":4},"1211":{"id":1211,"itemLib":3901,"itemID":3800010,"num":1,"itemWorth":60,"probability":[500,0,1000,0,0],"clientQualityDisplay":5},"1212":{"id":1212,"itemLib":3901,"itemID":3801001,"num":1,"itemWorth":50,"probability":[100,0,1,0,0],"clientQualityDisplay":4},"1213":{"id":1213,"itemLib":3901,"itemID":3400201,"num":10,"itemWorth":10,"probability":[2000,0,1,0,0],"clientQualityDisplay":2},"1214":{"id":1214,"itemLib":3901,"itemID":3400202,"num":5,"itemWorth":5,"probability":[2500,0,1,0,0],"clientQualityDisplay":3},"1215":{"id":1215,"itemLib":3901,"itemID":3400101,"num":10,"itemWorth":5,"probability":[10,0,1,0,0],"clientQualityDisplay":2},"1216":{"id":1216,"itemLib":3901,"itemID":3400102,"num":10,"itemWorth":5,"probability":[10,0,1,0,0],"clientQualityDisplay":2},"1217":{"id":1217,"itemLib":3901,"itemID":3400103,"num":100,"itemWorth":70,"probability":[1000,0,1,0,0],"clientQualityDisplay":5},"1218":{"id":1218,"itemLib":4900,"itemID":3310311,"num":1,"itemWorth":5,"probability":[1500,1000,1,0,0],"clientQualityDisplay":1},"1219":{"id":1219,"itemLib":4900,"itemID":3332003,"num":1,"itemWorth":3,"probability":[5000,0,1,0,0],"clientQualityDisplay":2},"1220":{"id":1220,"itemLib":4900,"itemID":3332004,"num":1,"itemWorth":3,"probability":[5000,0,1,0,0],"clientQualityDisplay":3},"1221":{"id":1221,"itemLib":4900,"itemID":3333003,"num":1,"itemWorth":3,"probability":[5000,0,1,0,0],"clientQualityDisplay":2},"1222":{"id":1222,"itemLib":4900,"itemID":3333004,"num":1,"itemWorth":3,"probability":[5000,0,1,0,0],"clientQualityDisplay":3},"1223":{"id":1223,"itemLib":4900,"itemID":3400021,"num":1,"itemWorth":5,"probability":[5000,0,1,0,0],"clientQualityDisplay":3},"1224":{"id":1224,"itemLib":4900,"itemID":3400211,"num":1,"itemWorth":20,"probability":[500,0,1,0,0],"clientQualityDisplay":3},"1225":{"id":1225,"itemLib":4900,"itemID":3400212,"num":1,"itemWorth":40,"probability":[100,0,1,0,0],"clientQualityDisplay":4},"1226":{"id":1226,"itemLib":4900,"itemID":3400213,"num":1,"itemWorth":80,"probability":[50,0,1,0,0],"clientQualityDisplay":5},"1227":{"id":1227,"itemLib":4900,"itemID":3801035,"num":1,"itemWorth":3,"probability":[2500,0,1,0,0],"clientQualityDisplay":2},"1228":{"id":1228,"itemLib":4900,"itemID":3801502,"num":1,"itemWorth":10,"probability":[2500,0,1,0,0],"clientQualityDisplay":3},"1229":{"id":1229,"itemLib":4900,"itemID":3999105,"num":1,"itemWorth":15,"probability":[1500,0,1,0,0],"clientQualityDisplay":3},"1230":{"id":1230,"itemLib":4900,"itemID":3600007,"num":1,"itemWorth":200,"probability":[10,0,500,100,0],"clientQualityDisplay":5},"1231":{"id":1231,"itemLib":4900,"itemID":3600008,"num":1,"itemWorth":200,"probability":[10,0,500,100,0],"clientQualityDisplay":5},"1232":{"id":1232,"itemLib":4900,"itemID":3801006,"num":2,"itemWorth":6,"probability":[1000,1000,1,0,0],"clientQualityDisplay":1},"1233":{"id":1233,"itemLib":4900,"itemID":3801007,"num":1,"itemWorth":24,"probability":[50,1,1,500,0],"clientQualityDisplay":2},"1234":{"id":1234,"itemLib":4900,"itemID":3801008,"num":1,"itemWorth":120,"probability":[10,0,500,100,0],"clientQualityDisplay":4},"1235":{"id":1235,"itemLib":4900,"itemID":3310401,"num":1,"itemWorth":6,"probability":[1000,5000,1,0,0],"clientQualityDisplay":2},"1236":{"id":1236,"itemLib":4900,"itemID":3310402,"num":1,"itemWorth":9,"probability":[500,1,1,3500,0],"clientQualityDisplay":3},"1237":{"id":1237,"itemLib":4900,"itemID":3801004,"num":1,"itemWorth":5,"probability":[1000,1000,1,0,0],"clientQualityDisplay":1},"1238":{"id":1238,"itemLib":4900,"itemID":3801005,"num":1,"itemWorth":15,"probability":[500,500,1,500,0],"clientQualityDisplay":2},"1239":{"id":1239,"itemLib":4900,"itemID":3349001,"num":2,"itemWorth":4,"probability":[2000,2500,1,0,0],"clientQualityDisplay":2},"1240":{"id":1240,"itemLib":4900,"itemID":3400001,"num":1,"itemWorth":5,"probability":[2000,2500,1,0,0],"clientQualityDisplay":1},"1241":{"id":1241,"itemLib":4900,"itemID":3400002,"num":1,"itemWorth":18,"probability":[500,1,1,100,0],"clientQualityDisplay":3},"1242":{"id":1242,"itemLib":4900,"itemID":3400003,"num":1,"itemWorth":59,"probability":[100,1,1,10,0],"clientQualityDisplay":5},"1243":{"id":1243,"itemLib":4900,"itemID":3400004,"num":1,"itemWorth":99,"probability":[50,1,1,10,0],"clientQualityDisplay":5},"1244":{"id":1244,"itemLib":4900,"itemID":3400005,"num":1,"itemWorth":5,"probability":[2000,2000,1,0,0],"clientQualityDisplay":1},"1245":{"id":1245,"itemLib":4900,"itemID":3343003,"num":1,"itemWorth":10,"probability":[1000,1000,1,1000,0],"clientQualityDisplay":2},"1246":{"id":1246,"itemLib":4900,"itemID":3343004,"num":1,"itemWorth":15,"probability":[500,500,1,500,0],"clientQualityDisplay":3},"1247":{"id":1247,"itemLib":4900,"itemID":3348001,"num":1,"itemWorth":5,"probability":[2000,1000,1,1000,0],"clientQualityDisplay":3},"1248":{"id":1248,"itemLib":4900,"itemID":3801040,"num":4,"itemWorth":4,"probability":[30,2000,1,0,0],"clientQualityDisplay":1},"1249":{"id":1249,"itemLib":4900,"itemID":3801041,"num":1,"itemWorth":5,"probability":[20,1,1,2000,0],"clientQualityDisplay":2},"1250":{"id":1250,"itemLib":4900,"itemID":3801042,"num":1,"itemWorth":15,"probability":[20,1,1,200,0],"clientQualityDisplay":4},"1251":{"id":1251,"itemLib":4900,"itemID":3801043,"num":1,"itemWorth":60,"probability":[10,1,1,10,0],"clientQualityDisplay":5},"1252":{"id":1252,"itemLib":4900,"itemID":3400016,"num":2,"itemWorth":2,"probability":[2000,5000,1,5000,0],"clientQualityDisplay":1},"1253":{"id":1253,"itemLib":4900,"itemID":3400009,"num":1,"itemWorth":99,"probability":[20,1,1,100,0],"clientQualityDisplay":5},"1254":{"id":1254,"itemLib":4900,"itemID":3400302,"num":1,"itemWorth":8,"probability":[1000,3000,1,3000,0],"clientQualityDisplay":3},"1255":{"id":1255,"itemLib":4900,"itemID":3400006,"num":5,"itemWorth":5,"probability":[2000,7000,1,7000,0],"clientQualityDisplay":3},"1256":{"id":1256,"itemLib":4900,"itemID":3400007,"num":5,"itemWorth":5,"probability":[1000,6000,1,6000,0],"clientQualityDisplay":2},"1257":{"id":1257,"itemLib":4900,"itemID":3400301,"num":1,"itemWorth":5,"probability":[2000,1000,1,0,0],"clientQualityDisplay":1},"1258":{"id":1258,"itemLib":4900,"itemID":3400311,"num":5,"itemWorth":5,"probability":[5000,1000,1,0,0],"clientQualityDisplay":1},"1259":{"id":1259,"itemLib":4900,"itemID":3400312,"num":1,"itemWorth":1,"probability":[4500,1000,1,0,0],"clientQualityDisplay":1},"1260":{"id":1260,"itemLib":4900,"itemID":3400313,"num":1,"itemWorth":2,"probability":[4000,1000,1,0,0],"clientQualityDisplay":2},"1261":{"id":1261,"itemLib":4900,"itemID":3400314,"num":1,"itemWorth":4,"probability":[3500,1000,1,0,0],"clientQualityDisplay":2},"1262":{"id":1262,"itemLib":4900,"itemID":3400315,"num":1,"itemWorth":8,"probability":[2000,500,1,0,0],"clientQualityDisplay":3},"1263":{"id":1263,"itemLib":4900,"itemID":3800000,"num":6,"itemWorth":6,"probability":[2000,1,1,7200,0],"clientQualityDisplay":3},"1264":{"id":1264,"itemLib":4900,"itemID":3800004,"num":5,"itemWorth":5,"probability":[6000,2000,1,0,0],"clientQualityDisplay":1},"1265":{"id":1265,"itemLib":4900,"itemID":3800005,"num":2,"itemWorth":2,"probability":[5500,4000,1,0,0],"clientQualityDisplay":1},"1266":{"id":1266,"itemLib":4900,"itemID":3800006,"num":1,"itemWorth":3,"probability":[4000,6000,1,6000,0],"clientQualityDisplay":2},"1267":{"id":1267,"itemLib":4900,"itemID":3800007,"num":1,"itemWorth":10,"probability":[800,2500,1,2500,0],"clientQualityDisplay":2},"1268":{"id":1268,"itemLib":4900,"itemID":3800008,"num":1,"itemWorth":15,"probability":[100,1,1,500,0],"clientQualityDisplay":3},"1269":{"id":1269,"itemLib":4900,"itemID":3800009,"num":1,"itemWorth":30,"probability":[20,1,5000,10,0],"clientQualityDisplay":4},"1270":{"id":1270,"itemLib":4900,"itemID":3800010,"num":1,"itemWorth":60,"probability":[10,1,8000,10,0],"clientQualityDisplay":5},"1271":{"id":1271,"itemLib":4900,"itemID":3801001,"num":1,"itemWorth":50,"probability":[100,1,1,100,0],"clientQualityDisplay":4},"1272":{"id":1272,"itemLib":4900,"itemID":3400201,"num":3,"itemWorth":3,"probability":[3000,5500,1,0,0],"clientQualityDisplay":2},"1273":{"id":1273,"itemLib":4900,"itemID":3400202,"num":2,"itemWorth":2,"probability":[1000,3500,1,3500,0],"clientQualityDisplay":3},"1274":{"id":1274,"itemLib":4900,"itemID":3400101,"num":10,"itemWorth":5,"probability":[1000,500,1,0,0],"clientQualityDisplay":2},"1275":{"id":1275,"itemLib":4900,"itemID":3400102,"num":10,"itemWorth":5,"probability":[1000,500,1,0,0],"clientQualityDisplay":2},"1276":{"id":1276,"itemLib":4900,"itemID":3400103,"num":100,"itemWorth":70,"probability":[300,1,1,2000,0],"clientQualityDisplay":5},"1277":{"id":1277,"itemLib":4901,"itemID":3310311,"num":1,"itemWorth":5,"probability":[1500,0,1,0,0],"clientQualityDisplay":1},"1278":{"id":1278,"itemLib":4901,"itemID":3332003,"num":5,"itemWorth":15,"probability":[4500,0,1,0,0],"clientQualityDisplay":2},"1279":{"id":1279,"itemLib":4901,"itemID":3332004,"num":5,"itemWorth":15,"probability":[4500,0,1,0,0],"clientQualityDisplay":3},"1280":{"id":1280,"itemLib":4901,"itemID":3333003,"num":5,"itemWorth":15,"probability":[4500,0,1,0,0],"clientQualityDisplay":2},"1281":{"id":1281,"itemLib":4901,"itemID":3333004,"num":5,"itemWorth":15,"probability":[4500,0,1,0,0],"clientQualityDisplay":3},"1282":{"id":1282,"itemLib":4901,"itemID":3400021,"num":5,"itemWorth":25,"probability":[4500,0,1,0,0],"clientQualityDisplay":3},"1283":{"id":1283,"itemLib":4901,"itemID":3400211,"num":1,"itemWorth":20,"probability":[1500,0,1,0,0],"clientQualityDisplay":3},"1284":{"id":1284,"itemLib":4901,"itemID":3400212,"num":1,"itemWorth":40,"probability":[1000,0,1,0,0],"clientQualityDisplay":4},"1285":{"id":1285,"itemLib":4901,"itemID":3400213,"num":1,"itemWorth":80,"probability":[500,0,1,0,0],"clientQualityDisplay":5},"1286":{"id":1286,"itemLib":4901,"itemID":3801034,"num":1,"itemWorth":15,"probability":[1500,0,1,0,0],"clientQualityDisplay":2},"1287":{"id":1287,"itemLib":4901,"itemID":3801502,"num":1,"itemWorth":10,"probability":[1800,0,1,0,0],"clientQualityDisplay":3},"1288":{"id":1288,"itemLib":4901,"itemID":3999105,"num":1,"itemWorth":15,"probability":[1200,0,1,0,0],"clientQualityDisplay":3},"1289":{"id":1289,"itemLib":4901,"itemID":3600007,"num":1,"itemWorth":300,"probability":[100,0,500,0,0],"clientQualityDisplay":5},"1290":{"id":1290,"itemLib":4901,"itemID":3600008,"num":1,"itemWorth":300,"probability":[100,0,500,0,0],"clientQualityDisplay":5},"1291":{"id":1291,"itemLib":4901,"itemID":3801006,"num":1,"itemWorth":3,"probability":[10,0,1,0,0],"clientQualityDisplay":1},"1292":{"id":1292,"itemLib":4901,"itemID":3801007,"num":1,"itemWorth":24,"probability":[10,0,1,0,0],"clientQualityDisplay":2},"1293":{"id":1293,"itemLib":4901,"itemID":3801008,"num":1,"itemWorth":120,"probability":[10,0,1,0,0],"clientQualityDisplay":4},"1294":{"id":1294,"itemLib":4901,"itemID":3310401,"num":5,"itemWorth":30,"probability":[500,0,1,0,0],"clientQualityDisplay":2},"1295":{"id":1295,"itemLib":4901,"itemID":3310402,"num":5,"itemWorth":45,"probability":[3000,0,1,0,0],"clientQualityDisplay":4},"1296":{"id":1296,"itemLib":4901,"itemID":3801004,"num":1,"itemWorth":5,"probability":[100,0,1,0,0],"clientQualityDisplay":1},"1297":{"id":1297,"itemLib":4901,"itemID":3801005,"num":2,"itemWorth":30,"probability":[4000,0,1,0,0],"clientQualityDisplay":2},"1298":{"id":1298,"itemLib":4901,"itemID":3349001,"num":10,"itemWorth":20,"probability":[500,0,1,0,0],"clientQualityDisplay":1},"1299":{"id":1299,"itemLib":4901,"itemID":3400001,"num":5,"itemWorth":25,"probability":[1000,0,1,0,0],"clientQualityDisplay":2},"1300":{"id":1300,"itemLib":4901,"itemID":3400002,"num":2,"itemWorth":36,"probability":[4000,0,1,0,0],"clientQualityDisplay":3},"1301":{"id":1301,"itemLib":4901,"itemID":3400003,"num":1,"itemWorth":59,"probability":[100,0,1,0,0],"clientQualityDisplay":5},"1302":{"id":1302,"itemLib":4901,"itemID":3400004,"num":1,"itemWorth":99,"probability":[200,0,1,0,0],"clientQualityDisplay":5},"1303":{"id":1303,"itemLib":4901,"itemID":3400005,"num":5,"itemWorth":25,"probability":[3000,0,1,0,0],"clientQualityDisplay":2},"1304":{"id":1304,"itemLib":4901,"itemID":3343003,"num":5,"itemWorth":50,"probability":[500,0,1,0,0],"clientQualityDisplay":4},"1305":{"id":1305,"itemLib":4901,"itemID":3343004,"num":2,"itemWorth":30,"probability":[2500,0,1,0,0],"clientQualityDisplay":4},"1306":{"id":1306,"itemLib":4901,"itemID":3348001,"num":5,"itemWorth":25,"probability":[1000,0,1,0,0],"clientQualityDisplay":3},"1307":{"id":1307,"itemLib":4901,"itemID":3801040,"num":5,"itemWorth":5,"probability":[3000,0,1,0,0],"clientQualityDisplay":1},"1308":{"id":1308,"itemLib":4901,"itemID":3801041,"num":1,"itemWorth":5,"probability":[1000,0,1,0,0],"clientQualityDisplay":2},"1309":{"id":1309,"itemLib":4901,"itemID":3801042,"num":1,"itemWorth":15,"probability":[500,0,1,0,0],"clientQualityDisplay":4},"1310":{"id":1310,"itemLib":4901,"itemID":3801043,"num":1,"itemWorth":60,"probability":[500,0,1,0,0],"clientQualityDisplay":5},"1311":{"id":1311,"itemLib":4901,"itemID":3400016,"num":10,"itemWorth":10,"probability":[5000,0,1,0,0],"clientQualityDisplay":4},"1312":{"id":1312,"itemLib":4901,"itemID":3400009,"num":1,"itemWorth":99,"probability":[3000,0,1,0,0],"clientQualityDisplay":5},"1313":{"id":1313,"itemLib":4901,"itemID":3400302,"num":2,"itemWorth":16,"probability":[2000,0,1,0,0],"clientQualityDisplay":3},"1314":{"id":1314,"itemLib":4901,"itemID":3400006,"num":20,"itemWorth":20,"probability":[6000,0,1,0,0],"clientQualityDisplay":3},"1315":{"id":1315,"itemLib":4901,"itemID":3400007,"num":15,"itemWorth":15,"probability":[5000,0,1,0,0],"clientQualityDisplay":2},"1316":{"id":1316,"itemLib":4901,"itemID":3400301,"num":1,"itemWorth":5,"probability":[500,0,1,0,0],"clientQualityDisplay":1},"1317":{"id":1317,"itemLib":4901,"itemID":3400311,"num":5,"itemWorth":5,"probability":[10,0,1,0,0],"clientQualityDisplay":1},"1318":{"id":1318,"itemLib":4901,"itemID":3400312,"num":5,"itemWorth":5,"probability":[100,0,1,0,0],"clientQualityDisplay":1},"1319":{"id":1319,"itemLib":4901,"itemID":3400313,"num":3,"itemWorth":6,"probability":[100,0,1,0,0],"clientQualityDisplay":2},"1320":{"id":1320,"itemLib":4901,"itemID":3400314,"num":2,"itemWorth":8,"probability":[500,0,1,0,0],"clientQualityDisplay":2},"1321":{"id":1321,"itemLib":4901,"itemID":3400315,"num":1,"itemWorth":8,"probability":[500,0,1,0,0],"clientQualityDisplay":3},"1322":{"id":1322,"itemLib":4901,"itemID":3800000,"num":20,"itemWorth":20,"probability":[1000,0,1,0,0],"clientQualityDisplay":3},"1323":{"id":1323,"itemLib":4901,"itemID":3800004,"num":5,"itemWorth":5,"probability":[100,0,1,0,0],"clientQualityDisplay":1},"1324":{"id":1324,"itemLib":4901,"itemID":3800005,"num":5,"itemWorth":5,"probability":[100,0,1,0,0],"clientQualityDisplay":1},"1325":{"id":1325,"itemLib":4901,"itemID":3800006,"num":1,"itemWorth":3,"probability":[1000,0,1,0,0],"clientQualityDisplay":2},"1326":{"id":1326,"itemLib":4901,"itemID":3800007,"num":1,"itemWorth":10,"probability":[4000,0,1,0,0],"clientQualityDisplay":2},"1327":{"id":1327,"itemLib":4901,"itemID":3800008,"num":1,"itemWorth":15,"probability":[5000,0,1,0,0],"clientQualityDisplay":3},"1328":{"id":1328,"itemLib":4901,"itemID":3800009,"num":1,"itemWorth":30,"probability":[3000,0,1,0,0],"clientQualityDisplay":4},"1329":{"id":1329,"itemLib":4901,"itemID":3800010,"num":1,"itemWorth":60,"probability":[1000,0,1,0,0],"clientQualityDisplay":5},"1330":{"id":1330,"itemLib":4901,"itemID":3801001,"num":1,"itemWorth":50,"probability":[100,0,1,0,0],"clientQualityDisplay":4},"1331":{"id":1331,"itemLib":4901,"itemID":3400201,"num":15,"itemWorth":15,"probability":[2000,0,1,0,0],"clientQualityDisplay":2},"1332":{"id":1332,"itemLib":4901,"itemID":3400202,"num":5,"itemWorth":5,"probability":[2500,0,1,0,0],"clientQualityDisplay":3},"1333":{"id":1333,"itemLib":4901,"itemID":3400101,"num":10,"itemWorth":5,"probability":[10,0,1,0,0],"clientQualityDisplay":2},"1334":{"id":1334,"itemLib":4901,"itemID":3400102,"num":10,"itemWorth":5,"probability":[10,0,1,0,0],"clientQualityDisplay":2},"1335":{"id":1335,"itemLib":4901,"itemID":3400103,"num":100,"itemWorth":70,"probability":[1000,0,1,0,0],"clientQualityDisplay":5},"1336":{"id":1336,"itemLib":5900,"itemID":3310311,"num":1,"itemWorth":5,"probability":[1500,1000,1,0,0],"clientQualityDisplay":2},"1337":{"id":1337,"itemLib":5900,"itemID":3332004,"num":1,"itemWorth":3,"probability":[4500,0,1,0,0],"clientQualityDisplay":3},"1338":{"id":1338,"itemLib":5900,"itemID":3332005,"num":1,"itemWorth":3,"probability":[4500,0,1,0,0],"clientQualityDisplay":3},"1339":{"id":1339,"itemLib":5900,"itemID":3333004,"num":1,"itemWorth":3,"probability":[4500,0,1,0,0],"clientQualityDisplay":3},"1340":{"id":1340,"itemLib":5900,"itemID":3333005,"num":1,"itemWorth":3,"probability":[4500,0,1,0,0],"clientQualityDisplay":3},"1341":{"id":1341,"itemLib":5900,"itemID":3400021,"num":1,"itemWorth":5,"probability":[4500,0,1,0,0],"clientQualityDisplay":3},"1342":{"id":1342,"itemLib":5900,"itemID":3400211,"num":1,"itemWorth":20,"probability":[500,0,1,0,0],"clientQualityDisplay":3},"1343":{"id":1343,"itemLib":5900,"itemID":3400212,"num":1,"itemWorth":40,"probability":[100,0,1,0,0],"clientQualityDisplay":4},"1344":{"id":1344,"itemLib":5900,"itemID":3400213,"num":1,"itemWorth":60,"probability":[50,0,1,0,0],"clientQualityDisplay":5},"1345":{"id":1345,"itemLib":5900,"itemID":3801035,"num":1,"itemWorth":3,"probability":[2500,0,1,0,0],"clientQualityDisplay":2},"1346":{"id":1346,"itemLib":5900,"itemID":3999105,"num":1,"itemWorth":15,"probability":[2500,0,1,0,0],"clientQualityDisplay":3},"1347":{"id":1347,"itemLib":5900,"itemID":3999106,"num":1,"itemWorth":20,"probability":[1500,0,1,0,0],"clientQualityDisplay":3},"1348":{"id":1348,"itemLib":5900,"itemID":3600007,"num":1,"itemWorth":300,"probability":[10,0,500,100,0],"clientQualityDisplay":5},"1349":{"id":1349,"itemLib":5900,"itemID":3600008,"num":1,"itemWorth":300,"probability":[10,0,500,100,0],"clientQualityDisplay":5},"1350":{"id":1350,"itemLib":5900,"itemID":3801006,"num":2,"itemWorth":6,"probability":[1000,1000,1,0,0],"clientQualityDisplay":1},"1351":{"id":1351,"itemLib":5900,"itemID":3801007,"num":1,"itemWorth":24,"probability":[50,1,1,0,0],"clientQualityDisplay":2},"1352":{"id":1352,"itemLib":5900,"itemID":3801008,"num":1,"itemWorth":120,"probability":[10,0,1,100,0],"clientQualityDisplay":4},"1353":{"id":1353,"itemLib":5900,"itemID":3310401,"num":1,"itemWorth":6,"probability":[1000,5000,1,0,0],"clientQualityDisplay":1},"1354":{"id":1354,"itemLib":5900,"itemID":3310402,"num":1,"itemWorth":9,"probability":[500,3500,1,3500,0],"clientQualityDisplay":2},"1355":{"id":1355,"itemLib":5900,"itemID":3801004,"num":1,"itemWorth":5,"probability":[1000,1000,1,0,0],"clientQualityDisplay":1},"1356":{"id":1356,"itemLib":5900,"itemID":3801005,"num":1,"itemWorth":15,"probability":[500,100,1,500,0],"clientQualityDisplay":2},"1357":{"id":1357,"itemLib":5900,"itemID":3349001,"num":2,"itemWorth":4,"probability":[2000,2500,1,0,0],"clientQualityDisplay":1},"1358":{"id":1358,"itemLib":5900,"itemID":3400001,"num":1,"itemWorth":5,"probability":[2000,2500,1,0,0],"clientQualityDisplay":1},"1359":{"id":1359,"itemLib":5900,"itemID":3400002,"num":1,"itemWorth":18,"probability":[500,100,1,100,0],"clientQualityDisplay":3},"1360":{"id":1360,"itemLib":5900,"itemID":3400003,"num":1,"itemWorth":59,"probability":[100,1,1,0,0],"clientQualityDisplay":5},"1361":{"id":1361,"itemLib":5900,"itemID":3400004,"num":1,"itemWorth":99,"probability":[50,1,1,10,0],"clientQualityDisplay":5},"1362":{"id":1362,"itemLib":5900,"itemID":3400005,"num":1,"itemWorth":5,"probability":[2000,2000,1,0,0],"clientQualityDisplay":1},"1363":{"id":1363,"itemLib":5900,"itemID":3343004,"num":1,"itemWorth":15,"probability":[1500,1000,1,1000,0],"clientQualityDisplay":3},"1364":{"id":1364,"itemLib":5900,"itemID":3343005,"num":1,"itemWorth":20,"probability":[500,100,1,100,0],"clientQualityDisplay":4},"1365":{"id":1365,"itemLib":5900,"itemID":3348001,"num":1,"itemWorth":5,"probability":[2000,1000,1,0,0],"clientQualityDisplay":3},"1366":{"id":1366,"itemLib":5900,"itemID":3348002,"num":1,"itemWorth":10,"probability":[1000,500,1,500,0],"clientQualityDisplay":4},"1367":{"id":1367,"itemLib":5900,"itemID":3801040,"num":4,"itemWorth":4,"probability":[30,3000,1,0,0],"clientQualityDisplay":1},"1368":{"id":1368,"itemLib":5900,"itemID":3801041,"num":1,"itemWorth":5,"probability":[20,100,1,0,0],"clientQualityDisplay":2},"1369":{"id":1369,"itemLib":5900,"itemID":3801042,"num":1,"itemWorth":15,"probability":[20,1,1,100,0],"clientQualityDisplay":4},"1370":{"id":1370,"itemLib":5900,"itemID":3801043,"num":1,"itemWorth":60,"probability":[10,0,1,100,0],"clientQualityDisplay":5},"1371":{"id":1371,"itemLib":5900,"itemID":3801050,"num":1,"itemWorth":2,"probability":[1000,7500,1,0,0],"clientQualityDisplay":1},"1372":{"id":1372,"itemLib":5900,"itemID":3801051,"num":1,"itemWorth":10,"probability":[30,100,1,0,0],"clientQualityDisplay":2},"1373":{"id":1373,"itemLib":5900,"itemID":3801052,"num":1,"itemWorth":30,"probability":[20,1,1,10,0],"clientQualityDisplay":4},"1374":{"id":1374,"itemLib":5900,"itemID":3801053,"num":1,"itemWorth":120,"probability":[10,0,1,100,0],"clientQualityDisplay":5},"1375":{"id":1375,"itemLib":5900,"itemID":3400016,"num":2,"itemWorth":2,"probability":[2000,3000,1,0,0],"clientQualityDisplay":1},"1376":{"id":1376,"itemLib":5900,"itemID":3400009,"num":1,"itemWorth":99,"probability":[20,1,1,100,0],"clientQualityDisplay":5},"1377":{"id":1377,"itemLib":5900,"itemID":3400302,"num":1,"itemWorth":8,"probability":[1000,2000,1,2000,0],"clientQualityDisplay":3},"1378":{"id":1378,"itemLib":5900,"itemID":3400006,"num":5,"itemWorth":5,"probability":[2000,7000,1,7000,0],"clientQualityDisplay":3},"1379":{"id":1379,"itemLib":5900,"itemID":3400007,"num":5,"itemWorth":5,"probability":[1000,6000,1,6000,0],"clientQualityDisplay":2},"1380":{"id":1380,"itemLib":5900,"itemID":3400301,"num":1,"itemWorth":5,"probability":[2000,500,1,0,0],"clientQualityDisplay":1},"1381":{"id":1381,"itemLib":5900,"itemID":3400311,"num":5,"itemWorth":1,"probability":[5000,1000,1,0,0],"clientQualityDisplay":1},"1382":{"id":1382,"itemLib":5900,"itemID":3400312,"num":1,"itemWorth":1,"probability":[4500,1000,1,0,0],"clientQualityDisplay":1},"1383":{"id":1383,"itemLib":5900,"itemID":3400313,"num":1,"itemWorth":2,"probability":[4000,1000,1,0,0],"clientQualityDisplay":2},"1384":{"id":1384,"itemLib":5900,"itemID":3400314,"num":1,"itemWorth":4,"probability":[3500,1000,1,0,0],"clientQualityDisplay":2},"1385":{"id":1385,"itemLib":5900,"itemID":3400315,"num":1,"itemWorth":8,"probability":[2000,500,1,0,0],"clientQualityDisplay":3},"1386":{"id":1386,"itemLib":5900,"itemID":3800000,"num":6,"itemWorth":6,"probability":[2000,1,1,7200,0],"clientQualityDisplay":3},"1387":{"id":1387,"itemLib":5900,"itemID":3800004,"num":5,"itemWorth":5,"probability":[6000,2000,1,0,0],"clientQualityDisplay":1},"1388":{"id":1388,"itemLib":5900,"itemID":3800005,"num":2,"itemWorth":2,"probability":[5500,4500,1,0,0],"clientQualityDisplay":1},"1389":{"id":1389,"itemLib":5900,"itemID":3800006,"num":1,"itemWorth":3,"probability":[4000,6400,1,6400,0],"clientQualityDisplay":2},"1390":{"id":1390,"itemLib":5900,"itemID":3800007,"num":1,"itemWorth":10,"probability":[800,1,1,2500,0],"clientQualityDisplay":2},"1391":{"id":1391,"itemLib":5900,"itemID":3800008,"num":1,"itemWorth":15,"probability":[100,1,1,500,0],"clientQualityDisplay":3},"1392":{"id":1392,"itemLib":5900,"itemID":3800009,"num":1,"itemWorth":30,"probability":[20,1,5000,10,0],"clientQualityDisplay":4},"1393":{"id":1393,"itemLib":5900,"itemID":3800010,"num":1,"itemWorth":60,"probability":[10,1,10000,10,0],"clientQualityDisplay":5},"1394":{"id":1394,"itemLib":5900,"itemID":3801001,"num":1,"itemWorth":10,"probability":[100,1,1,100,0],"clientQualityDisplay":4},"1395":{"id":1395,"itemLib":5900,"itemID":3400202,"num":2,"itemWorth":2,"probability":[3000,0,1,0,0],"clientQualityDisplay":1},"1396":{"id":1396,"itemLib":5900,"itemID":3400203,"num":2,"itemWorth":4,"probability":[1000,5000,1,5000,0],"clientQualityDisplay":2},"1397":{"id":1397,"itemLib":5900,"itemID":3400101,"num":10,"itemWorth":5,"probability":[1000,500,1,0,0],"clientQualityDisplay":2},"1398":{"id":1398,"itemLib":5900,"itemID":3400102,"num":10,"itemWorth":5,"probability":[1000,500,1,0,0],"clientQualityDisplay":2},"1399":{"id":1399,"itemLib":5900,"itemID":3400103,"num":100,"itemWorth":70,"probability":[300,1,1,2000,0],"clientQualityDisplay":5},"1400":{"id":1400,"itemLib":5901,"itemID":3310311,"num":5,"itemWorth":25,"probability":[2000,0,1,0,0],"clientQualityDisplay":2},"1401":{"id":1401,"itemLib":5901,"itemID":3332004,"num":5,"itemWorth":15,"probability":[4000,0,1,0,0],"clientQualityDisplay":3},"1402":{"id":1402,"itemLib":5901,"itemID":3332005,"num":5,"itemWorth":15,"probability":[4000,0,1,0,0],"clientQualityDisplay":3},"1403":{"id":1403,"itemLib":5901,"itemID":3333004,"num":5,"itemWorth":15,"probability":[4000,0,1,0,0],"clientQualityDisplay":3},"1404":{"id":1404,"itemLib":5901,"itemID":3333005,"num":5,"itemWorth":15,"probability":[4000,0,1,0,0],"clientQualityDisplay":3},"1405":{"id":1405,"itemLib":5901,"itemID":3400021,"num":5,"itemWorth":25,"probability":[4000,0,1,0,0],"clientQualityDisplay":3},"1406":{"id":1406,"itemLib":5901,"itemID":3400211,"num":1,"itemWorth":20,"probability":[1500,0,1,0,0],"clientQualityDisplay":3},"1407":{"id":1407,"itemLib":5901,"itemID":3400212,"num":1,"itemWorth":40,"probability":[1000,0,1,0,0],"clientQualityDisplay":4},"1408":{"id":1408,"itemLib":5901,"itemID":3400213,"num":1,"itemWorth":60,"probability":[500,0,1,0,0],"clientQualityDisplay":5},"1409":{"id":1409,"itemLib":5901,"itemID":3801034,"num":1,"itemWorth":15,"probability":[1500,0,1,0,0],"clientQualityDisplay":2},"1410":{"id":1410,"itemLib":5901,"itemID":3999105,"num":1,"itemWorth":15,"probability":[2000,0,1,0,0],"clientQualityDisplay":3},"1411":{"id":1411,"itemLib":5901,"itemID":3999106,"num":1,"itemWorth":20,"probability":[1200,0,1,0,0],"clientQualityDisplay":3},"1412":{"id":1412,"itemLib":5901,"itemID":3600007,"num":1,"itemWorth":300,"probability":[100,0,1,0,0],"clientQualityDisplay":5},"1413":{"id":1413,"itemLib":5901,"itemID":3600008,"num":1,"itemWorth":300,"probability":[100,0,1,0,0],"clientQualityDisplay":5},"1414":{"id":1414,"itemLib":5901,"itemID":3801006,"num":1,"itemWorth":3,"probability":[10,0,1,0,0],"clientQualityDisplay":1},"1415":{"id":1415,"itemLib":5901,"itemID":3801007,"num":2,"itemWorth":48,"probability":[10,0,1,0,0],"clientQualityDisplay":3},"1416":{"id":1416,"itemLib":5901,"itemID":3801008,"num":1,"itemWorth":120,"probability":[10,0,1,0,0],"clientQualityDisplay":5},"1417":{"id":1417,"itemLib":5901,"itemID":3310401,"num":5,"itemWorth":30,"probability":[500,0,1,0,0],"clientQualityDisplay":2},"1418":{"id":1418,"itemLib":5901,"itemID":3310402,"num":5,"itemWorth":45,"probability":[3000,0,1,0,0],"clientQualityDisplay":4},"1419":{"id":1419,"itemLib":5901,"itemID":3801004,"num":3,"itemWorth":15,"probability":[100,0,1,0,0],"clientQualityDisplay":1},"1420":{"id":1420,"itemLib":5901,"itemID":3801005,"num":2,"itemWorth":30,"probability":[2000,0,1,0,0],"clientQualityDisplay":2},"1421":{"id":1421,"itemLib":5901,"itemID":3349001,"num":10,"itemWorth":20,"probability":[1000,0,1,0,0],"clientQualityDisplay":1},"1422":{"id":1422,"itemLib":5901,"itemID":3400001,"num":6,"itemWorth":30,"probability":[100,0,1,0,0],"clientQualityDisplay":2},"1423":{"id":1423,"itemLib":5901,"itemID":3400002,"num":3,"itemWorth":54,"probability":[6000,0,1,0,0],"clientQualityDisplay":5},"1424":{"id":1424,"itemLib":5901,"itemID":3400003,"num":1,"itemWorth":59,"probability":[100,0,1,0,0],"clientQualityDisplay":5},"1425":{"id":1425,"itemLib":5901,"itemID":3400004,"num":1,"itemWorth":99,"probability":[200,0,1,0,0],"clientQualityDisplay":5},"1426":{"id":1426,"itemLib":5901,"itemID":3400005,"num":10,"itemWorth":50,"probability":[3000,0,1,0,0],"clientQualityDisplay":4},"1427":{"id":1427,"itemLib":5901,"itemID":3343004,"num":3,"itemWorth":45,"probability":[500,0,1,0,0],"clientQualityDisplay":4},"1428":{"id":1428,"itemLib":5901,"itemID":3343005,"num":2,"itemWorth":40,"probability":[1500,0,1,0,0],"clientQualityDisplay":4},"1429":{"id":1429,"itemLib":5901,"itemID":3348001,"num":6,"itemWorth":30,"probability":[1500,0,1,0,0],"clientQualityDisplay":2},"1430":{"id":1430,"itemLib":5901,"itemID":3348002,"num":4,"itemWorth":40,"probability":[800,0,1,0,0],"clientQualityDisplay":3},"1431":{"id":1431,"itemLib":5901,"itemID":3801040,"num":10,"itemWorth":10,"probability":[3000,0,1,0,0],"clientQualityDisplay":1},"1432":{"id":1432,"itemLib":5901,"itemID":3801041,"num":5,"itemWorth":25,"probability":[1500,0,1,0,0],"clientQualityDisplay":2},"1433":{"id":1433,"itemLib":5901,"itemID":3801042,"num":2,"itemWorth":30,"probability":[1000,0,1,0,0],"clientQualityDisplay":4},"1434":{"id":1434,"itemLib":5901,"itemID":3801043,"num":1,"itemWorth":60,"probability":[600,0,1,0,0],"clientQualityDisplay":5},"1435":{"id":1435,"itemLib":5901,"itemID":3801050,"num":10,"itemWorth":20,"probability":[3000,0,1,0,0],"clientQualityDisplay":1},"1436":{"id":1436,"itemLib":5901,"itemID":3801051,"num":4,"itemWorth":40,"probability":[1000,0,1,0,0],"clientQualityDisplay":3},"1437":{"id":1437,"itemLib":5901,"itemID":3801052,"num":2,"itemWorth":60,"probability":[600,0,1,0,0],"clientQualityDisplay":5},"1438":{"id":1438,"itemLib":5901,"itemID":3801053,"num":1,"itemWorth":120,"probability":[600,0,1,0,0],"clientQualityDisplay":5},"1439":{"id":1439,"itemLib":5901,"itemID":3400016,"num":10,"itemWorth":10,"probability":[7000,0,1,0,0],"clientQualityDisplay":4},"1440":{"id":1440,"itemLib":5901,"itemID":3400009,"num":1,"itemWorth":99,"probability":[2000,0,1,0,0],"clientQualityDisplay":5},"1441":{"id":1441,"itemLib":5901,"itemID":3400302,"num":2,"itemWorth":16,"probability":[1000,0,1,0,0],"clientQualityDisplay":3},"1442":{"id":1442,"itemLib":5901,"itemID":3400006,"num":25,"itemWorth":25,"probability":[6000,0,1,0,0],"clientQualityDisplay":3},"1443":{"id":1443,"itemLib":5901,"itemID":3400007,"num":15,"itemWorth":15,"probability":[1000,0,1,0,0],"clientQualityDisplay":2},"1444":{"id":1444,"itemLib":5901,"itemID":3400311,"num":5,"itemWorth":5,"probability":[10,0,1,0,0],"clientQualityDisplay":1},"1445":{"id":1445,"itemLib":5901,"itemID":3400312,"num":5,"itemWorth":5,"probability":[10,0,1,0,0],"clientQualityDisplay":1},"1446":{"id":1446,"itemLib":5901,"itemID":3400313,"num":3,"itemWorth":6,"probability":[10,0,1,0,0],"clientQualityDisplay":2},"1447":{"id":1447,"itemLib":5901,"itemID":3400314,"num":2,"itemWorth":8,"probability":[1000,0,1,0,0],"clientQualityDisplay":2},"1448":{"id":1448,"itemLib":5901,"itemID":3400315,"num":1,"itemWorth":8,"probability":[1000,0,1,0,0],"clientQualityDisplay":3},"1449":{"id":1449,"itemLib":5901,"itemID":3800000,"num":20,"itemWorth":20,"probability":[10,0,1,0,0],"clientQualityDisplay":3},"1450":{"id":1450,"itemLib":5901,"itemID":3800004,"num":5,"itemWorth":5,"probability":[10,0,1,0,0],"clientQualityDisplay":1},"1451":{"id":1451,"itemLib":5901,"itemID":3800005,"num":5,"itemWorth":5,"probability":[10,0,1,0,0],"clientQualityDisplay":1},"1452":{"id":1452,"itemLib":5901,"itemID":3800006,"num":1,"itemWorth":3,"probability":[1000,0,1,0,0],"clientQualityDisplay":2},"1453":{"id":1453,"itemLib":5901,"itemID":3800007,"num":1,"itemWorth":10,"probability":[2000,0,1,0,0],"clientQualityDisplay":2},"1454":{"id":1454,"itemLib":5901,"itemID":3800008,"num":1,"itemWorth":15,"probability":[5500,0,1,0,0],"clientQualityDisplay":3},"1455":{"id":1455,"itemLib":5901,"itemID":3800009,"num":1,"itemWorth":30,"probability":[3500,0,1,0,0],"clientQualityDisplay":4},"1456":{"id":1456,"itemLib":5901,"itemID":3800010,"num":1,"itemWorth":60,"probability":[1500,0,1,0,0],"clientQualityDisplay":5},"1457":{"id":1457,"itemLib":5901,"itemID":3801001,"num":1,"itemWorth":50,"probability":[100,0,1,0,0],"clientQualityDisplay":4},"1458":{"id":1458,"itemLib":5901,"itemID":3400202,"num":10,"itemWorth":10,"probability":[1500,0,1,0,0],"clientQualityDisplay":2},"1459":{"id":1459,"itemLib":5901,"itemID":3400203,"num":15,"itemWorth":30,"probability":[2500,0,1,0,0],"clientQualityDisplay":3},"1460":{"id":1460,"itemLib":5901,"itemID":3400101,"num":10,"itemWorth":5,"probability":[10,0,1,0,0],"clientQualityDisplay":2},"1461":{"id":1461,"itemLib":5901,"itemID":3400102,"num":10,"itemWorth":5,"probability":[10,0,1,0,0],"clientQualityDisplay":2},"1462":{"id":1462,"itemLib":5901,"itemID":3400103,"num":100,"itemWorth":70,"probability":[1000,0,1,0,0],"clientQualityDisplay":5}}