{"99":{"id":99,"astrologySummon":"0-0","astrologyAuto":"0-0","exchangeTimes":1,"mainpackSize":48,"storeSize":24,"fightSkipTimes":10,"enhanceProbability":"1-0","buildUpFree":"0-0","dayTaskExpAdd":"1-0","towerFBSaveCur":"0-0","escortSummonTop":"0-0","warehouseInBag":"0-0","onlyVillaShow":"0-0","refBountyQuestTop":"0-0","petJingjichangNoCD":"0-0","dayPowerFBTimes":1,"intruderFBBuyTimes":1,"strengTimeNOCD":"0-0","abyssIslandTimes":1},"1":{"id":1,"golds":100,"astrologySummon":"0-0","astrologyAuto":"0-1","maxChallengeTimesInDay":5,"exchangeTimes":3,"mainpackSize":96,"storeSize":32,"fightSkipTimes":30,"enhanceProbability":"1-1","spIrIt":20,"buildUpFree":"0-1","friendMax":5,"dayTaskExpAdd":"1-20","dungeonRewardAdd":20,"hardFBBuyTimes":2,"petFBBuyTimes":1,"campFBBuyTimes":1,"vipWeekPackage":3801036,"towerFBSaveCur":"0-0","escortSummonTop":"0-0","warehouseInBag":"0-0","onlyVillaShow":"0-1","refBountyQuestTop":"0-0","xuanshangQuestMaxAddTime":1,"petJingjichangNoCD":"0-0","PersonFBBuyTimes":2,"dayPowerFBTimes":2,"intruderFBBuyTimes":2,"strengTimeNOCD":"0-0","abyssIslandTimes":2},"2":{"id":2,"golds":159,"astrologySummon":"0-0","astrologyAuto":"0-1","maxChallengeTimesInDay":5,"exchangeTimes":5,"mainpackSize":96,"storeSize":40,"fightSkipTimes":40,"enhanceProbability":"1-2","spIrIt":30,"buildUpFree":"0-1","friendMax":10,"dayTaskExpAdd":"1-25","dungeonRewardAdd":25,"hardFBBuyTimes":4,"petFBBuyTimes":1,"campFBBuyTimes":1,"vipWeekPackage":3801036,"towerFBSaveCur":"0-0","escortSummonTop":"0-1","warehouseInBag":"0-0","onlyVillaShow":"0-1","refBountyQuestTop":"0-0","xuanshangQuestMaxAddTime":2,"petJingjichangNoCD":"0-0","PersonFBBuyTimes":4,"dayPowerFBTimes":3,"intruderFBBuyTimes":3,"strengTimeNOCD":"0-1","abyssIslandTimes":3},"3":{"id":3,"golds":359,"astrologySummon":"0-1","astrologyAuto":"0-1","maxChallengeTimesInDay":5,"exchangeTimes":10,"mainpackSize":144,"storeSize":48,"fightSkipTimes":50,"enhanceProbability":"1-3","spIrIt":45,"buildUpFree":"0-1","friendMax":15,"dayTaskExpAdd":"1-30","dungeonRewardAdd":30,"hardFBBuyTimes":6,"petFBBuyTimes":2,"campFBBuyTimes":2,"vipWeekPackage":3801036,"towerFBSaveCur":"0-0","escortSummonTop":"0-1","warehouseInBag":"0-1","onlyVillaShow":"0-1","refBountyQuestTop":"0-1","xuanshangQuestMaxAddTime":3,"petJingjichangNoCD":"0-1","PersonFBBuyTimes":6,"dayPowerFBTimes":4,"intruderFBBuyTimes":4,"strengTimeNOCD":"0-1","abyssIslandTimes":5},"4":{"id":4,"golds":1000,"astrologySummon":"0-1","astrologyAuto":"0-1","maxChallengeTimesInDay":10,"exchangeTimes":15,"mainpackSize":144,"storeSize":56,"fightSkipTimes":60,"enhanceProbability":"1-4","spIrIt":60,"buildUpFree":"0-1","friendMax":20,"dayTaskExpAdd":"1-40","dungeonRewardAdd":35,"hardFBBuyTimes":8,"petFBBuyTimes":2,"campFBBuyTimes":2,"vipWeekPackage":3801037,"towerFBSaveCur":"0-1","escortSummonTop":"0-1","warehouseInBag":"0-1","onlyVillaShow":"0-1","refBountyQuestTop":"0-1","xuanshangQuestMaxAddTime":6,"petJingjichangNoCD":"0-1","PersonFBBuyTimes":8,"dayPowerFBTimes":5,"intruderFBBuyTimes":5,"strengTimeNOCD":"0-1","abyssIslandTimes":8},"5":{"id":5,"golds":2000,"astrologySummon":"0-1","astrologyAuto":"0-1","maxChallengeTimesInDay":15,"exchangeTimes":30,"mainpackSize":192,"storeSize":64,"fightSkipTimes":70,"enhanceProbability":"1-5","spIrIt":80,"buildUpFree":"0-1","friendMax":30,"dayTaskExpAdd":"1-50","dungeonRewardAdd":40,"hardFBBuyTimes":10,"petFBBuyTimes":4,"campFBBuyTimes":4,"vipWeekPackage":3801037,"towerFBSaveCur":"0-1","escortSummonTop":"0-1","warehouseInBag":"0-1","onlyVillaShow":"0-1","refBountyQuestTop":"0-1","xuanshangQuestMaxAddTime":9,"petJingjichangNoCD":"0-1","PersonFBBuyTimes":10,"dayPowerFBTimes":6,"intruderFBBuyTimes":6,"strengTimeNOCD":"0-1","abyssIslandTimes":12},"6":{"id":6,"golds":5000,"astrologySummon":"0-1","astrologyAuto":"0-1","maxChallengeTimesInDay":20,"exchangeTimes":50,"mainpackSize":192,"storeSize":72,"fightSkipTimes":80,"enhanceProbability":"1-7","spIrIt":100,"buildUpFree":"0-1","friendMax":40,"dayTaskExpAdd":"1-60","dungeonRewardAdd":50,"hardFBBuyTimes":15,"petFBBuyTimes":5,"campFBBuyTimes":5,"vipWeekPackage":3801037,"towerFBSaveCur":"0-1","escortSummonTop":"0-1","warehouseInBag":"0-1","onlyVillaShow":"0-1","refBountyQuestTop":"0-1","xuanshangQuestMaxAddTime":12,"petJingjichangNoCD":"0-1","PersonFBBuyTimes":15,"dayPowerFBTimes":7,"intruderFBBuyTimes":7,"strengTimeNOCD":"0-1","abyssIslandTimes":20},"7":{"id":7,"golds":10000,"astrologySummon":"0-1","astrologyAuto":"0-1","maxChallengeTimesInDay":25,"exchangeTimes":100,"mainpackSize":192,"storeSize":80,"fightSkipTimes":90,"enhanceProbability":"1-9","spIrIt":120,"buildUpFree":"0-1","friendMax":50,"dayTaskExpAdd":"1-70","dungeonRewardAdd":60,"hardFBBuyTimes":20,"petFBBuyTimes":6,"campFBBuyTimes":6,"vipWeekPackage":3801037,"towerFBSaveCur":"0-1","escortSummonTop":"0-1","warehouseInBag":"0-1","onlyVillaShow":"0-1","refBountyQuestTop":"0-1","xuanshangQuestMaxAddTime":15,"petJingjichangNoCD":"0-1","PersonFBBuyTimes":20,"dayPowerFBTimes":8,"intruderFBBuyTimes":8,"strengTimeNOCD":"0-1","abyssIslandTimes":30},"8":{"id":8,"golds":30000,"astrologySummon":"0-1","astrologyAuto":"0-1","maxChallengeTimesInDay":30,"exchangeTimes":200,"mainpackSize":192,"storeSize":88,"fightSkipTimes":100,"enhanceProbability":"1-11","spIrIt":140,"buildUpFree":"0-1","friendMax":60,"dayTaskExpAdd":"1-80","dungeonRewardAdd":70,"hardFBBuyTimes":20,"petFBBuyTimes":7,"campFBBuyTimes":7,"vipWeekPackage":3801037,"towerFBSaveCur":"0-1","escortSummonTop":"0-1","warehouseInBag":"0-1","onlyVillaShow":"0-1","refBountyQuestTop":"0-1","xuanshangQuestMaxAddTime":20,"petJingjichangNoCD":"0-1","PersonFBBuyTimes":20,"dayPowerFBTimes":9,"intruderFBBuyTimes":9,"strengTimeNOCD":"0-1","abyssIslandTimes":40},"9":{"id":9,"golds":60000,"astrologySummon":"0-1","astrologyAuto":"0-1","maxChallengeTimesInDay":35,"exchangeTimes":300,"mainpackSize":192,"storeSize":96,"fightSkipTimes":110,"enhanceProbability":"1-13","spIrIt":160,"buildUpFree":"0-1","friendMax":70,"dayTaskExpAdd":"1-90","dungeonRewardAdd":80,"hardFBBuyTimes":20,"petFBBuyTimes":8,"campFBBuyTimes":8,"vipWeekPackage":3801037,"towerFBSaveCur":"0-1","escortSummonTop":"0-1","warehouseInBag":"0-1","onlyVillaShow":"0-1","refBountyQuestTop":"0-1","xuanshangQuestMaxAddTime":20,"petJingjichangNoCD":"0-1","PersonFBBuyTimes":20,"dayPowerFBTimes":10,"intruderFBBuyTimes":10,"strengTimeNOCD":"0-1","abyssIslandTimes":50},"10":{"id":10,"golds":100000,"astrologySummon":"0-1","astrologyAuto":"0-1","maxChallengeTimesInDay":40,"exchangeTimes":500,"mainpackSize":192,"storeSize":192,"fightSkipTimes":120,"enhanceProbability":"1-15","spIrIt":200,"buildUpFree":"0-1","friendMax":80,"dayTaskExpAdd":"1-100","dungeonRewardAdd":100,"hardFBBuyTimes":30,"petFBBuyTimes":9,"campFBBuyTimes":9,"vipWeekPackage":3801037,"towerFBSaveCur":"0-1","escortSummonTop":"0-1","warehouseInBag":"0-1","onlyVillaShow":"0-1","refBountyQuestTop":"0-1","xuanshangQuestMaxAddTime":30,"petJingjichangNoCD":"0-1","PersonFBBuyTimes":30,"dayPowerFBTimes":11,"intruderFBBuyTimes":11,"strengTimeNOCD":"0-1","abyssIslandTimes":60}}