{"1":{"id":1,"name":"i18n_103400014","desc":"i18n_113400014","times":259200,"toItemID":3400014,"gotoVipLevel":1},"2":{"id":2,"name":"i18n_103400015","desc":"i18n_113400015","times":3600,"toItemID":3400015,"gotoVipLevel":1},"3":{"id":3,"name":"i18n_103400011","desc":"i18n_113400011","golds":79,"times":2592000,"toItemID":3400011,"gotoVipLevel":1,"discount":20},"4":{"id":4,"name":"i18n_103400012","desc":"i18n_113400012","golds":239,"times":7776000,"toItemID":3400012,"gotoVipLevel":1,"discount":20},"5":{"id":5,"name":"i18n_103400013","desc":"i18n_113400013","golds":359,"times":15552000,"toItemID":3400013,"gotoVipLevel":4,"discount":40}}